ffmpeg version N-121309-g14ef9727fe Copyright (c) 2000-2025 the FFmpeg developers
  built with Apple clang version 16.0.0 (clang-1600.0.26.6)
  configuration: --disable-doc --enable-libx264 --enable-encoder=libx264 --enable-encoder=aac --enable-gpl --enable-demuxer=mswitchdirect
  libavutil      60. 13.100 / 60. 13.100
  libavcodec     62. 16.100 / 62. 16.100
  libavformat    62.  6.100 / 62.  6.100
  libavdevice    62.  2.100 / 62.  2.100
  libavfilter    11.  9.100 / 11.  9.100
  libswscale      9.  3.100 /  9.  3.100
  libswresample   6.  2.100 /  6.  2.100
[mswitchdirect @ 0x13db04310] [MSwitch Direct] Initializing with sources: udp://127.0.0.1:12350,udp://127.0.0.1:12351,udp://127.0.0.1:12352
[mswitchdirect @ 0x13db04310] [MSwitch Direct] Opening source 0: udp://127.0.0.1:12350
[h264 @ 0x13c704a40] non-existing PPS 0 referenced
    Last message repeated 8 times
[h264 @ 0x13c704a40] no frame!
[h264 @ 0x13c704a40] non-existing PPS 0 referenced
    Last message repeated 8 times
[h264 @ 0x13c704a40] no frame!
[h264 @ 0x13c704a40] non-existing PPS 0 referenced
    Last message repeated 8 times
[h264 @ 0x13c704a40] no frame!
[h264 @ 0x13c704a40] non-existing PPS 0 referenced
    Last message repeated 8 times
[h264 @ 0x13c704a40] no frame!
[h264 @ 0x13c704a40] non-existing PPS 0 referenced
    Last message repeated 8 times
[h264 @ 0x13c704a40] no frame!
[h264 @ 0x13c704a40] non-existing PPS 0 referenced
    Last message repeated 8 times
[h264 @ 0x13c704a40] no frame!
[h264 @ 0x13c704a40] non-existing PPS 0 referenced
    Last message repeated 8 times
[h264 @ 0x13c704a40] no frame!
[h264 @ 0x13c704a40] non-existing PPS 0 referenced
    Last message repeated 8 times
[h264 @ 0x13c704a40] no frame!
[h264 @ 0x13c704a40] non-existing PPS 0 referenced
    Last message repeated 8 times
[h264 @ 0x13c704a40] no frame!
[h264 @ 0x13c704a40] non-existing PPS 0 referenced
    Last message repeated 8 times
[h264 @ 0x13c704a40] no frame!
[mswitchdirect @ 0x13db04310] [MSwitch Direct] Opening source 1: udp://127.0.0.1:12351
[MSwitch Direct] Source 0 received first packet
[h264 @ 0x13d805730] non-existing PPS 0 referenced
    Last message repeated 8 times
[h264 @ 0x13d805730] no frame!
[h264 @ 0x13d805730] non-existing PPS 0 referenced
    Last message repeated 8 times
[h264 @ 0x13d805730] no frame!
[h264 @ 0x13d805730] non-existing PPS 0 referenced
    Last message repeated 8 times
[h264 @ 0x13d805730] no frame!
[h264 @ 0x13d805730] non-existing PPS 0 referenced
    Last message repeated 8 times
[h264 @ 0x13d805730] no frame!
[h264 @ 0x13d805730] non-existing PPS 0 referenced
    Last message repeated 8 times
[h264 @ 0x13d805730] no frame!
[h264 @ 0x13d805730] non-existing PPS 0 referenced
    Last message repeated 8 times
[h264 @ 0x13d805730] no frame!
[h264 @ 0x13d805730] non-existing PPS 0 referenced
    Last message repeated 8 times
[h264 @ 0x13d805730] no frame!
[h264 @ 0x13d805730] non-existing PPS 0 referenced
    Last message repeated 8 times
[h264 @ 0x13d805730] no frame!
[h264 @ 0x13d805730] non-existing PPS 0 referenced
    Last message repeated 8 times
[h264 @ 0x13d805730] no frame!
[h264 @ 0x13d805730] non-existing PPS 0 referenced
    Last message repeated 8 times
[h264 @ 0x13d805730] no frame!
[h264 @ 0x13d805730] non-existing PPS 0 referenced
    Last message repeated 8 times
[h264 @ 0x13d805730] no frame!
[h264 @ 0x13d805730] non-existing PPS 0 referenced
    Last message repeated 8 times
[h264 @ 0x13d805730] no frame!
[h264 @ 0x13d805730] non-existing PPS 0 referenced
    Last message repeated 8 times
[h264 @ 0x13d805730] no frame!
[h264 @ 0x13d805730] non-existing PPS 0 referenced
    Last message repeated 8 times
[h264 @ 0x13d805730] no frame!
[h264 @ 0x13d805730] non-existing PPS 0 referenced
    Last message repeated 8 times
[h264 @ 0x13d805730] no frame!
[h264 @ 0x13d805730] non-existing PPS 0 referenced
    Last message repeated 8 times
[h264 @ 0x13d805730] no frame!
[h264 @ 0x13d805730] non-existing PPS 0 referenced
    Last message repeated 8 times
[h264 @ 0x13d805730] no frame!
[h264 @ 0x13d805730] non-existing PPS 0 referenced
    Last message repeated 8 times
[h264 @ 0x13d805730] no frame!
[h264 @ 0x13d805730] non-existing PPS 0 referenced
    Last message repeated 8 times
[h264 @ 0x13d805730] no frame!
[h264 @ 0x13d805730] non-existing PPS 0 referenced
    Last message repeated 8 times
[h264 @ 0x13d805730] no frame!
[h264 @ 0x13d805730] non-existing PPS 0 referenced
    Last message repeated 8 times
[h264 @ 0x13d805730] no frame!
[h264 @ 0x13d805730] non-existing PPS 0 referenced
    Last message repeated 8 times
[h264 @ 0x13d805730] no frame!
[h264 @ 0x13d805730] non-existing PPS 0 referenced
    Last message repeated 8 times
[h264 @ 0x13d805730] no frame!
[h264 @ 0x13d805730] non-existing PPS 0 referenced
    Last message repeated 8 times
[h264 @ 0x13d805730] no frame!
[h264 @ 0x13d805730] non-existing PPS 0 referenced
    Last message repeated 8 times
[h264 @ 0x13d805730] no frame!
[h264 @ 0x13d805730] non-existing PPS 0 referenced
    Last message repeated 8 times
[h264 @ 0x13d805730] no frame!
[h264 @ 0x13d805730] non-existing PPS 0 referenced
    Last message repeated 8 times
[h264 @ 0x13d805730] no frame!
[h264 @ 0x13d805730] non-existing PPS 0 referenced
    Last message repeated 8 times
[h264 @ 0x13d805730] no frame!
[h264 @ 0x13d805730] non-existing PPS 0 referenced
    Last message repeated 8 times
[h264 @ 0x13d805730] no frame!
[h264 @ 0x13d805730] non-existing PPS 0 referenced
    Last message repeated 8 times
[h264 @ 0x13d805730] no frame!
[mswitchdirect @ 0x13db04310] [MSwitch Direct] Opening source 2: udp://127.0.0.1:12352
[MSwitch Direct] Source 1 received first packet
[h264 @ 0x13c7087d0] non-existing PPS 0 referenced
    Last message repeated 8 times
[h264 @ 0x13c7087d0] no frame!
[h264 @ 0x13c7087d0] non-existing PPS 0 referenced
    Last message repeated 8 times
[h264 @ 0x13c7087d0] no frame!
[h264 @ 0x13c7087d0] non-existing PPS 0 referenced
    Last message repeated 8 times
[h264 @ 0x13c7087d0] no frame!
[h264 @ 0x13c7087d0] non-existing PPS 0 referenced
    Last message repeated 8 times
[h264 @ 0x13c7087d0] no frame!
[h264 @ 0x13c7087d0] non-existing PPS 0 referenced
    Last message repeated 8 times
[h264 @ 0x13c7087d0] no frame!
[h264 @ 0x13c7087d0] non-existing PPS 0 referenced
    Last message repeated 8 times
[h264 @ 0x13c7087d0] no frame!
[h264 @ 0x13c7087d0] non-existing PPS 0 referenced
    Last message repeated 8 times
[h264 @ 0x13c7087d0] no frame!
[h264 @ 0x13c7087d0] non-existing PPS 0 referenced
    Last message repeated 8 times
[h264 @ 0x13c7087d0] no frame!
[h264 @ 0x13c7087d0] non-existing PPS 0 referenced
    Last message repeated 8 times
[h264 @ 0x13c7087d0] no frame!
[h264 @ 0x13c7087d0] non-existing PPS 0 referenced
    Last message repeated 8 times
[h264 @ 0x13c7087d0] no frame!
[h264 @ 0x13c7087d0] non-existing PPS 0 referenced
    Last message repeated 8 times
[h264 @ 0x13c7087d0] no frame!
[h264 @ 0x13c7087d0] non-existing PPS 0 referenced
    Last message repeated 8 times
[h264 @ 0x13c7087d0] no frame!
[h264 @ 0x13c7087d0] non-existing PPS 0 referenced
    Last message repeated 8 times
[h264 @ 0x13c7087d0] no frame!
[h264 @ 0x13c7087d0] non-existing PPS 0 referenced
    Last message repeated 8 times
[h264 @ 0x13c7087d0] no frame!
[h264 @ 0x13c7087d0] non-existing PPS 0 referenced
    Last message repeated 8 times
[h264 @ 0x13c7087d0] no frame!
[h264 @ 0x13c7087d0] non-existing PPS 0 referenced
    Last message repeated 8 times
[h264 @ 0x13c7087d0] no frame!
[h264 @ 0x13c7087d0] non-existing PPS 0 referenced
    Last message repeated 8 times
[h264 @ 0x13c7087d0] no frame!
[h264 @ 0x13c7087d0] non-existing PPS 0 referenced
    Last message repeated 8 times
[h264 @ 0x13c7087d0] no frame!
[h264 @ 0x13c7087d0] non-existing PPS 0 referenced
    Last message repeated 8 times
[h264 @ 0x13c7087d0] no frame!
[h264 @ 0x13c7087d0] non-existing PPS 0 referenced
    Last message repeated 8 times
[h264 @ 0x13c7087d0] no frame!
[h264 @ 0x13c7087d0] non-existing PPS 0 referenced
    Last message repeated 8 times
[h264 @ 0x13c7087d0] no frame!
[h264 @ 0x13c7087d0] non-existing PPS 0 referenced
    Last message repeated 8 times
[h264 @ 0x13c7087d0] no frame!
[h264 @ 0x13c7087d0] non-existing PPS 0 referenced
    Last message repeated 8 times
[h264 @ 0x13c7087d0] no frame!
[h264 @ 0x13c7087d0] non-existing PPS 0 referenced
    Last message repeated 8 times
[h264 @ 0x13c7087d0] no frame!
[MSwitch Direct] Source 2 received first packet
[mswitchdirect @ 0x13db04310] [MSwitch Direct] Auto-failover enabled (timeout: 1000ms, check interval: 100ms, grace period: 2000ms)
[mswitchdirect @ 0x13db04310] [MSwitch Direct] Initialized with 3 sources, control port 8099
[mswitchdirect @ 0x13db04310] [MSwitch Direct] CLI controls: Press 0-2 to switch sources, 'm' for status
[mswitchdirect @ 0x13db04310] [MSwitch Direct OUTPUT] Source 0 → Encoder | Type: NORMAL | Frame: P | Size: 3557 bytes | PTS: 831000
[MSwitch Direct Health] Starting health monitor (timeout: 1000ms, check interval: 100ms, grace period: 2000ms)
[mswitchdirect @ 0x13db04310] [MSwitch Direct OUTPUT] Source 0 → Encoder | Type: NORMAL | Frame: P | Size: 2736 bytes | PTS: 834000
[mswitchdirect @ 0x13db04310] [MSwitch Direct OUTPUT] Source 0 → Encoder | Type: NORMAL | Frame: P | Size: 3281 bytes | PTS: 837000
[mswitchdirect @ 0x13db04310] [MSwitch Direct OUTPUT] Source 0 → Encoder | Type: NORMAL | Frame: P | Size: 2827 bytes | PTS: 840000
[mswitchdirect @ 0x13db04310] [MSwitch Direct OUTPUT] Source 0 → Encoder | Type: NORMAL | Frame: P | Size: 2746 bytes | PTS: 843000
[mswitchdirect @ 0x13db04310] [MSwitch Direct OUTPUT] Source 0 → Encoder | Type: NORMAL | Frame: I | Size: 22338 bytes | PTS: 846000
[mswitchdirect @ 0x13db04310] [MSwitch Direct OUTPUT] Source 0 → Encoder | Type: NORMAL | Frame: P | Size: 2925 bytes | PTS: 849000
[mswitchdirect @ 0x13db04310] [MSwitch Direct OUTPUT] Source 0 → Encoder | Type: NORMAL | Frame: P | Size: 2309 bytes | PTS: 852000
[mswitchdirect @ 0x13db04310] [MSwitch Direct OUTPUT] Source 0 → Encoder | Type: NORMAL | Frame: P | Size: 827 bytes | PTS: 855000
[mswitchdirect @ 0x13db04310] [MSwitch Direct OUTPUT] Source 0 → Encoder | Type: NORMAL | Frame: P | Size: 3426 bytes | PTS: 858000
[mswitchdirect @ 0x13db04310] [MSwitch Direct OUTPUT] Source 0 → Encoder | Type: NORMAL | Frame: P | Size: 2568 bytes | PTS: 861000
[mswitchdirect @ 0x13db04310] [MSwitch Direct OUTPUT] Source 0 → Encoder | Type: NORMAL | Frame: P | Size: 951 bytes | PTS: 864000
[mswitchdirect @ 0x13db04310] [MSwitch Direct OUTPUT] Source 0 → Encoder | Type: NORMAL | Frame: P | Size: 3406 bytes | PTS: 867000
[mswitchdirect @ 0x13db04310] [MSwitch Direct OUTPUT] Source 0 → Encoder | Type: NORMAL | Frame: P | Size: 2729 bytes | PTS: 870000
[mswitchdirect @ 0x13db04310] [MSwitch Direct OUTPUT] Source 0 → Encoder | Type: NORMAL | Frame: P | Size: 941 bytes | PTS: 873000
[mswitchdirect @ 0x13db04310] [MSwitch Direct OUTPUT] Source 0 → Encoder | Type: NORMAL | Frame: P | Size: 4348 bytes | PTS: 876000
[mswitchdirect @ 0x13db04310] [MSwitch Direct OUTPUT] Source 0 → Encoder | Type: NORMAL | Frame: P | Size: 2597 bytes | PTS: 879000
[mswitchdirect @ 0x13db04310] [MSwitch Direct OUTPUT] Source 0 → Encoder | Type: NORMAL | Frame: P | Size: 1003 bytes | PTS: 882000
[mswitchdirect @ 0x13db04310] [MSwitch Direct OUTPUT] Source 0 → Encoder | Type: NORMAL | Frame: P | Size: 3409 bytes | PTS: 885000
[mswitchdirect @ 0x13db04310] [MSwitch Direct OUTPUT] Source 0 → Encoder | Type: NORMAL | Frame: P | Size: 2746 bytes | PTS: 888000
[mswitchdirect @ 0x13db04310] [MSwitch Direct OUTPUT] Source 0 → Encoder | Type: NORMAL | Frame: P | Size: 939 bytes | PTS: 891000
Input #0, mswitchdirect, from 'dummy':
  Duration: N/A, start: 9.233333, bitrate: N/A
  Stream #0:0: Video: h264 (Constrained Baseline) ([27][0][0][0] / 0x001B), yuv420p(progressive), 1280x720 [SAR 1:1 DAR 16:9], 30 fps, 30 tbr, 90k tbn, start 9.233333
Stream mapping:
  Stream #0:0 -> #0:0 (h264 (native) -> h264 (libx264))
Press [q] to stop, [?] for help
[mswitchdirect @ 0x13db04310] [MSwitch Direct OUTPUT] Source 0 → Encoder | Type: NORMAL | Frame: P | Size: 3552 bytes | PTS: 894000
[mswitchdirect @ 0x13db04310] [MSwitch Direct OUTPUT] Source 0 → Encoder | Type: NORMAL | Frame: P | Size: 2763 bytes | PTS: 897000
[mswitchdirect @ 0x13db04310] [MSwitch Direct OUTPUT] Source 0 → Encoder | Type: NORMAL | Frame: P | Size: 920 bytes | PTS: 900000
[libx264 @ 0x105d062c0] using SAR=1/1
[libx264 @ 0x105d062c0] using cpu capabilities: ARMv8 NEON DotProd I8MM
[libx264 @ 0x105d062c0] profile Constrained Baseline, level 3.1, 4:2:0, 8-bit
Output #0, mpegts, to 'udp://127.0.0.1:12360?pkt_size=1316':
  Metadata:
    encoder         : Lavf62.6.100
  Stream #0:0: Video: h264, yuv420p(tv, progressive), 1280x720 [SAR 1:1 DAR 16:9], q=2-31, 30 fps, 90k tbn
    Metadata:
      encoder         : Lavc62.16.100 libx264
    Side data:
      CPB properties: bitrate max/min/avg: 0/0/0 buffer size: 0 vbv_delay: N/A
[mswitchdirect @ 0x13db04310] [MSwitch Direct OUTPUT] Source 0 → Encoder | Type: NORMAL | Frame: P | Size: 3556 bytes | PTS: 903000
[mswitchdirect @ 0x13db04310] [MSwitch Direct OUTPUT] Source 0 → Encoder | Type: NORMAL | Frame: P | Size: 2723 bytes | PTS: 906000
[mswitchdirect @ 0x13db04310] [MSwitch Direct OUTPUT] Source 0 → Encoder | Type: NORMAL | Frame: P | Size: 913 bytes | PTS: 909000
[mswitchdirect @ 0x13db04310] [MSwitch Direct OUTPUT] Source 0 → Encoder | Type: NORMAL | Frame: P | Size: 3569 bytes | PTS: 912000
[mswitchdirect @ 0x13db04310] [MSwitch Direct OUTPUT] Source 0 → Encoder | Type: NORMAL | Frame: P | Size: 2726 bytes | PTS: 915000
[mswitchdirect @ 0x13db04310] [MSwitch Direct OUTPUT] Source 0 → Encoder | Type: NORMAL | Frame: P | Size: 915 bytes | PTS: 918000
[mswitchdirect @ 0x13db04310] [MSwitch Direct OUTPUT] Source 0 → Encoder | Type: NORMAL | Frame: P | Size: 3558 bytes | PTS: 921000
[mswitchdirect @ 0x13db04310] [MSwitch Direct OUTPUT] Source 0 → Encoder | Type: NORMAL | Frame: P | Size: 2713 bytes | PTS: 924000
[mswitchdirect @ 0x13db04310] [MSwitch Direct OUTPUT] Source 0 → Encoder | Type: NORMAL | Frame: P | Size: 928 bytes | PTS: 927000
[mswitchdirect @ 0x13db04310] [MSwitch Direct OUTPUT] Source 0 → Encoder | Type: NORMAL | Frame: P | Size: 3560 bytes | PTS: 930000
[mswitchdirect @ 0x13db04310] [MSwitch Direct OUTPUT] Source 0 → Encoder | Type: NORMAL | Frame: P | Size: 2766 bytes | PTS: 933000
[mswitchdirect @ 0x13db04310] [MSwitch Direct OUTPUT] Source 0 → Encoder | Type: NORMAL | Frame: P | Size: 922 bytes | PTS: 936000
[mswitchdirect @ 0x13db04310] [MSwitch Direct OUTPUT] Source 0 → Encoder | Type: NORMAL | Frame: P | Size: 3578 bytes | PTS: 939000
[mswitchdirect @ 0x13db04310] [MSwitch Direct OUTPUT] Source 0 → Encoder | Type: NORMAL | Frame: P | Size: 2723 bytes | PTS: 942000
[mswitchdirect @ 0x13db04310] [MSwitch Direct OUTPUT] Source 0 → Encoder | Type: NORMAL | Frame: P | Size: 911 bytes | PTS: 945000
[mswitchdirect @ 0x13db04310] [MSwitch Direct OUTPUT] Source 0 → Encoder | Type: NORMAL | Frame: P | Size: 3566 bytes | PTS: 948000
[mswitchdirect @ 0x13db04310] [MSwitch Direct OUTPUT] Source 0 → Encoder | Type: NORMAL | Frame: P | Size: 2726 bytes | PTS: 951000
[mswitchdirect @ 0x13db04310] [MSwitch Direct OUTPUT] Source 0 → Encoder | Type: NORMAL | Frame: P | Size: 919 bytes | PTS: 954000
[mswitchdirect @ 0x13db04310] [MSwitch Direct OUTPUT] Source 0 → Encoder | Type: NORMAL | Frame: P | Size: 3565 bytes | PTS: 957000
[mswitchdirect @ 0x13db04310] [MSwitch Direct OUTPUT] Source 0 → Encoder | Type: NORMAL | Frame: P | Size: 2771 bytes | PTS: 960000
[mswitchdirect @ 0x13db04310] [MSwitch Direct OUTPUT] Source 0 → Encoder | Type: NORMAL | Frame: P | Size: 897 bytes | PTS: 963000
[mswitchdirect @ 0x13db04310] [MSwitch Direct OUTPUT] Source 0 → Encoder | Type: NORMAL | Frame: P | Size: 3569 bytes | PTS: 966000
[mswitchdirect @ 0x13db04310] [MSwitch Direct OUTPUT] Source 0 → Encoder | Type: NORMAL | Frame: P | Size: 3974 bytes | PTS: 969000
[mswitchdirect @ 0x13db04310] [MSwitch Direct OUTPUT] Source 0 → Encoder | Type: NORMAL | Frame: P | Size: 969 bytes | PTS: 972000
[mswitchdirect @ 0x13db04310] [MSwitch Direct OUTPUT] Source 0 → Encoder | Type: NORMAL | Frame: P | Size: 3417 bytes | PTS: 975000
[mswitchdirect @ 0x13db04310] [MSwitch Direct OUTPUT] Source 0 → Encoder | Type: NORMAL | Frame: P | Size: 2772 bytes | PTS: 978000
[mswitchdirect @ 0x13db04310] [MSwitch Direct OUTPUT] Source 0 → Encoder | Type: NORMAL | Frame: P | Size: 1062 bytes | PTS: 981000
[mswitchdirect @ 0x13db04310] [MSwitch Direct OUTPUT] Source 0 → Encoder | Type: NORMAL | Frame: P | Size: 3577 bytes | PTS: 984000
[mswitchdirect @ 0x13db04310] [MSwitch Direct OUTPUT] Source 0 → Encoder | Type: NORMAL | Frame: P | Size: 2752 bytes | PTS: 987000
[mswitchdirect @ 0x13db04310] [MSwitch Direct OUTPUT] Source 0 → Encoder | Type: NORMAL | Frame: P | Size: 911 bytes | PTS: 990000
[mswitchdirect @ 0x13db04310] [MSwitch Direct OUTPUT] Source 0 → Encoder | Type: NORMAL | Frame: P | Size: 3566 bytes | PTS: 993000
[mswitchdirect @ 0x13db04310] [MSwitch Direct OUTPUT] Source 0 → Encoder | Type: NORMAL | Frame: P | Size: 2735 bytes | PTS: 996000
[mswitchdirect @ 0x13db04310] [MSwitch Direct OUTPUT] Source 0 → Encoder | Type: NORMAL | Frame: P | Size: 917 bytes | PTS: 999000
[mswitchdirect @ 0x13db04310] [MSwitch Direct OUTPUT] Source 0 → Encoder | Type: NORMAL | Frame: P | Size: 3558 bytes | PTS: 1002000
[mswitchdirect @ 0x13db04310] [MSwitch Direct OUTPUT] Source 0 → Encoder | Type: NORMAL | Frame: P | Size: 2729 bytes | PTS: 1005000
[mswitchdirect @ 0x13db04310] [MSwitch Direct OUTPUT] Source 0 → Encoder | Type: NORMAL | Frame: P | Size: 925 bytes | PTS: 1008000
[mswitchdirect @ 0x13db04310] [MSwitch Direct OUTPUT] Source 0 → Encoder | Type: NORMAL | Frame: P | Size: 3551 bytes | PTS: 1011000
[mswitchdirect @ 0x13db04310] [MSwitch Direct OUTPUT] Source 0 → Encoder | Type: NORMAL | Frame: P | Size: 2736 bytes | PTS: 1014000
[mswitchdirect @ 0x13db04310] [MSwitch Direct OUTPUT] Source 0 → Encoder | Type: NORMAL | Frame: P | Size: 915 bytes | PTS: 1017000
[mswitchdirect @ 0x13db04310] [MSwitch Direct OUTPUT] Source 0 → Encoder | Type: NORMAL | Frame: P | Size: 3564 bytes | PTS: 1020000
[mswitchdirect @ 0x13db04310] [MSwitch Direct OUTPUT] Source 0 → Encoder | Type: NORMAL | Frame: P | Size: 2715 bytes | PTS: 1023000
[mswitchdirect @ 0x13db04310] [MSwitch Direct OUTPUT] Source 0 → Encoder | Type: NORMAL | Frame: I | Size: 22458 bytes | PTS: 1026000
[mswitchdirect @ 0x13db04310] [MSwitch Direct OUTPUT] Source 0 → Encoder | Type: NORMAL | Frame: P | Size: 2928 bytes | PTS: 1029000
[mswitchdirect @ 0x13db04310] [MSwitch Direct OUTPUT] Source 0 → Encoder | Type: NORMAL | Frame: P | Size: 2303 bytes | PTS: 1032000
[mswitchdirect @ 0x13db04310] [MSwitch Direct OUTPUT] Source 0 → Encoder | Type: NORMAL | Frame: P | Size: 826 bytes | PTS: 1035000
[mswitchdirect @ 0x13db04310] [MSwitch Direct OUTPUT] Source 0 → Encoder | Type: NORMAL | Frame: P | Size: 3434 bytes | PTS: 1038000
[mswitchdirect @ 0x13db04310] [MSwitch Direct OUTPUT] Source 0 → Encoder | Type: NORMAL | Frame: P | Size: 2568 bytes | PTS: 1041000
[mswitchdirect @ 0x13db04310] [MSwitch Direct OUTPUT] Source 0 → Encoder | Type: NORMAL | Frame: P | Size: 943 bytes | PTS: 1044000
[mswitchdirect @ 0x13db04310] [MSwitch Direct OUTPUT] Source 0 → Encoder | Type: NORMAL | Frame: P | Size: 3410 bytes | PTS: 1047000
[mswitchdirect @ 0x13db04310] [MSwitch Direct OUTPUT] Source 0 → Encoder | Type: NORMAL | Frame: P | Size: 2787 bytes | PTS: 1050000
[mswitchdirect @ 0x13db04310] [MSwitch Direct OUTPUT] Source 0 → Encoder | Type: NORMAL | Frame: P | Size: 934 bytes | PTS: 1053000
[mswitchdirect @ 0x13db04310] [MSwitch Direct OUTPUT] Source 0 → Encoder | Type: NORMAL | Frame: P | Size: 3564 bytes | PTS: 1056000
[mswitchdirect @ 0x13db04310] [MSwitch Direct OUTPUT] Source 0 → Encoder | Type: NORMAL | Frame: P | Size: 2746 bytes | PTS: 1059000
[mswitchdirect @ 0x13db04310] [MSwitch Direct OUTPUT] Source 0 → Encoder | Type: NORMAL | Frame: P | Size: 907 bytes | PTS: 1062000
[mswitchdirect @ 0x13db04310] [MSwitch Direct OUTPUT] Source 0 → Encoder | Type: NORMAL | Frame: P | Size: 4487 bytes | PTS: 1065000
[mswitchdirect @ 0x13db04310] [MSwitch Direct OUTPUT] Source 0 → Encoder | Type: NORMAL | Frame: P | Size: 2845 bytes | PTS: 1068000
[mswitchdirect @ 0x13db04310] [MSwitch Direct OUTPUT] Source 0 → Encoder | Type: NORMAL | Frame: P | Size: 1075 bytes | PTS: 1071000
[mswitchdirect @ 0x13db04310] [MSwitch Direct OUTPUT] Source 0 → Encoder | Type: NORMAL | Frame: P | Size: 3572 bytes | PTS: 1074000
[mswitchdirect @ 0x13db04310] [MSwitch Direct OUTPUT] Source 0 → Encoder | Type: NORMAL | Frame: P | Size: 2732 bytes | PTS: 1077000
[mswitchdirect @ 0x13db04310] [MSwitch Direct OUTPUT] Source 0 → Encoder | Type: NORMAL | Frame: P | Size: 912 bytes | PTS: 1080000
[mswitchdirect @ 0x13db04310] [MSwitch Direct OUTPUT] Source 0 → Encoder | Type: NORMAL | Frame: P | Size: 3553 bytes | PTS: 1083000
[mswitchdirect @ 0x13db04310] [MSwitch Direct OUTPUT] Source 0 → Encoder | Type: NORMAL | Frame: P | Size: 2736 bytes | PTS: 1086000
[mswitchdirect @ 0x13db04310] [MSwitch Direct OUTPUT] Source 0 → Encoder | Type: NORMAL | Frame: P | Size: 915 bytes | PTS: 1089000
[mswitchdirect @ 0x13db04310] [MSwitch Direct OUTPUT] Source 0 → Encoder | Type: NORMAL | Frame: P | Size: 3575 bytes | PTS: 1092000
[mswitchdirect @ 0x13db04310] [MSwitch Direct OUTPUT] Source 0 → Encoder | Type: NORMAL | Frame: P | Size: 2729 bytes | PTS: 1095000
[mswitchdirect @ 0x13db04310] [MSwitch Direct OUTPUT] Source 0 → Encoder | Type: NORMAL | Frame: P | Size: 917 bytes | PTS: 1098000
[mswitchdirect @ 0x13db04310] [MSwitch Direct OUTPUT] Source 0 → Encoder | Type: NORMAL | Frame: P | Size: 3566 bytes | PTS: 1101000
[mswitchdirect @ 0x13db04310] [MSwitch Direct OUTPUT] Source 0 → Encoder | Type: NORMAL | Frame: P | Size: 2712 bytes | PTS: 1104000
[mswitchdirect @ 0x13db04310] [MSwitch Direct OUTPUT] Source 0 → Encoder | Type: NORMAL | Frame: P | Size: 922 bytes | PTS: 1107000
[mswitchdirect @ 0x13db04310] [MSwitch Direct OUTPUT] Source 0 → Encoder | Type: NORMAL | Frame: P | Size: 3561 bytes | PTS: 1110000
[mswitchdirect @ 0x13db04310] [MSwitch Direct OUTPUT] Source 0 → Encoder | Type: NORMAL | Frame: P | Size: 2742 bytes | PTS: 1113000
[mswitchdirect @ 0x13db04310] [MSwitch Direct OUTPUT] Source 0 → Encoder | Type: NORMAL | Frame: P | Size: 908 bytes | PTS: 1116000
[mswitchdirect @ 0x13db04310] [MSwitch Direct OUTPUT] Source 0 → Encoder | Type: NORMAL | Frame: P | Size: 3562 bytes | PTS: 1119000
[mswitchdirect @ 0x13db04310] [MSwitch Direct OUTPUT] Source 0 → Encoder | Type: NORMAL | Frame: P | Size: 2737 bytes | PTS: 1122000
[mswitchdirect @ 0x13db04310] [MSwitch Direct OUTPUT] Source 0 → Encoder | Type: NORMAL | Frame: P | Size: 923 bytes | PTS: 1125000
[mswitchdirect @ 0x13db04310] [MSwitch Direct OUTPUT] Source 0 → Encoder | Type: NORMAL | Frame: P | Size: 3560 bytes | PTS: 1128000
[mswitchdirect @ 0x13db04310] [MSwitch Direct OUTPUT] Source 0 → Encoder | Type: NORMAL | Frame: P | Size: 2745 bytes | PTS: 1131000
[mswitchdirect @ 0x13db04310] [MSwitch Direct OUTPUT] Source 0 → Encoder | Type: NORMAL | Frame: P | Size: 914 bytes | PTS: 1134000
frame=   76 fps=0.0 q=17.0 size=     229KiB time=00:00:02.70 bitrate= 696.3kbits/s speed=5.32x elapsed=0:00:00.50    [mswitchdirect @ 0x13db04310] [MSwitch Direct OUTPUT] Source 0 → Encoder | Type: NORMAL | Frame: P | Size: 3570 bytes | PTS: 1137000
[mswitchdirect @ 0x13db04310] [MSwitch Direct OUTPUT] Source 0 → Encoder | Type: NORMAL | Frame: P | Size: 2759 bytes | PTS: 1140000
[mswitchdirect @ 0x13db04310] [MSwitch Direct OUTPUT] Source 0 → Encoder | Type: NORMAL | Frame: P | Size: 904 bytes | PTS: 1143000
[mswitchdirect @ 0x13db04310] [MSwitch Direct OUTPUT] Source 0 → Encoder | Type: NORMAL | Frame: P | Size: 3572 bytes | PTS: 1146000
[mswitchdirect @ 0x13db04310] [MSwitch Direct OUTPUT] Source 0 → Encoder | Type: NORMAL | Frame: P | Size: 5170 bytes | PTS: 1149000
[mswitchdirect @ 0x13db04310] [MSwitch Direct OUTPUT] Source 0 → Encoder | Type: NORMAL | Frame: P | Size: 987 bytes | PTS: 1152000
[mswitchdirect @ 0x13db04310] [MSwitch Direct OUTPUT] Source 0 → Encoder | Type: NORMAL | Frame: P | Size: 3399 bytes | PTS: 1155000
[mswitchdirect @ 0x13db04310] [MSwitch Direct OUTPUT] Source 0 → Encoder | Type: NORMAL | Frame: P | Size: 2779 bytes | PTS: 1158000
[mswitchdirect @ 0x13db04310] [MSwitch Direct OUTPUT] Source 0 → Encoder | Type: NORMAL | Frame: P | Size: 1226 bytes | PTS: 1161000
[mswitchdirect @ 0x13db04310] [MSwitch Direct OUTPUT] Source 0 → Encoder | Type: NORMAL | Frame: P | Size: 3569 bytes | PTS: 1164000
[mswitchdirect @ 0x13db04310] [MSwitch Direct OUTPUT] Source 0 → Encoder | Type: NORMAL | Frame: P | Size: 2740 bytes | PTS: 1167000
[mswitchdirect @ 0x13db04310] [MSwitch Direct OUTPUT] Source 0 → Encoder | Type: NORMAL | Frame: P | Size: 932 bytes | PTS: 1170000
[mswitchdirect @ 0x13db04310] [MSwitch Direct OUTPUT] Source 0 → Encoder | Type: NORMAL | Frame: P | Size: 3571 bytes | PTS: 1173000
[mswitchdirect @ 0x13db04310] [MSwitch Direct OUTPUT] Source 0 → Encoder | Type: NORMAL | Frame: P | Size: 2720 bytes | PTS: 1176000
[mswitchdirect @ 0x13db04310] [MSwitch Direct OUTPUT] Source 0 → Encoder | Type: NORMAL | Frame: P | Size: 923 bytes | PTS: 1179000
[mswitchdirect @ 0x13db04310] [MSwitch Direct OUTPUT] Source 0 → Encoder | Type: NORMAL | Frame: P | Size: 3562 bytes | PTS: 1182000
[mswitchdirect @ 0x13db04310] [MSwitch Direct OUTPUT] Source 0 → Encoder | Type: NORMAL | Frame: P | Size: 2732 bytes | PTS: 1185000
[mswitchdirect @ 0x13db04310] [MSwitch Direct OUTPUT] Source 0 → Encoder | Type: NORMAL | Frame: P | Size: 943 bytes | PTS: 1188000
[mswitchdirect @ 0x13db04310] [MSwitch Direct OUTPUT] Source 0 → Encoder | Type: NORMAL | Frame: P | Size: 3567 bytes | PTS: 1191000
frame=   95 fps= 94 q=16.0 size=     276KiB time=00:00:03.33 bitrate= 679.5kbits/s speed= 3.3x elapsed=0:00:01.00    [mswitchdirect @ 0x13db04310] [MSwitch Direct OUTPUT] Source 0 → Encoder | Type: NORMAL | Frame: P | Size: 2701 bytes | PTS: 1194000
[mswitchdirect @ 0x13db04310] [MSwitch Direct OUTPUT] Source 0 → Encoder | Type: NORMAL | Frame: P | Size: 924 bytes | PTS: 1197000
[mswitchdirect @ 0x13db04310] [MSwitch Direct OUTPUT] Source 0 → Encoder | Type: NORMAL | Frame: P | Size: 3572 bytes | PTS: 1200000
[mswitchdirect @ 0x13db04310] [MSwitch Direct OUTPUT] Source 0 → Encoder | Type: NORMAL | Frame: P | Size: 2697 bytes | PTS: 1203000
[mswitchdirect @ 0x13db04310] [MSwitch Direct OUTPUT] Source 0 → Encoder | Type: NORMAL | Frame: I | Size: 22433 bytes | PTS: 1206000
[mswitchdirect @ 0x13db04310] [MSwitch Direct OUTPUT] Source 0 → Encoder | Type: NORMAL | Frame: P | Size: 2929 bytes | PTS: 1209000
[mswitchdirect @ 0x13db04310] [MSwitch Direct OUTPUT] Source 0 → Encoder | Type: NORMAL | Frame: P | Size: 2508 bytes | PTS: 1212000
[mswitchdirect @ 0x13db04310] [MSwitch Direct OUTPUT] Source 0 → Encoder | Type: NORMAL | Frame: P | Size: 818 bytes | PTS: 1215000
[mswitchdirect @ 0x13db04310] [MSwitch Direct OUTPUT] Source 0 → Encoder | Type: NORMAL | Frame: P | Size: 3425 bytes | PTS: 1218000
[mswitchdirect @ 0x13db04310] [MSwitch Direct OUTPUT] Source 0 → Encoder | Type: NORMAL | Frame: P | Size: 2592 bytes | PTS: 1221000
[mswitchdirect @ 0x13db04310] [MSwitch Direct OUTPUT] Source 0 → Encoder | Type: NORMAL | Frame: P | Size: 950 bytes | PTS: 1224000
[mswitchdirect @ 0x13db04310] [MSwitch Direct OUTPUT] Source 0 → Encoder | Type: NORMAL | Frame: P | Size: 3413 bytes | PTS: 1227000
[mswitchdirect @ 0x13db04310] [MSwitch Direct OUTPUT] Source 0 → Encoder | Type: NORMAL | Frame: P | Size: 2749 bytes | PTS: 1230000
[mswitchdirect @ 0x13db04310] [MSwitch Direct OUTPUT] Source 0 → Encoder | Type: NORMAL | Frame: P | Size: 935 bytes | PTS: 1233000
[mswitchdirect @ 0x13db04310] [MSwitch Direct OUTPUT] Source 0 → Encoder | Type: NORMAL | Frame: P | Size: 3561 bytes | PTS: 1236000
frame=  110 fps= 73 q=14.0 size=     317KiB time=00:00:03.83 bitrate= 677.6kbits/s speed=2.53x elapsed=0:00:01.51    [mswitchdirect @ 0x13db04310] [MSwitch Direct OUTPUT] Source 0 → Encoder | Type: NORMAL | Frame: P | Size: 2725 bytes | PTS: 1239000
[mswitchdirect @ 0x13db04310] [MSwitch Direct OUTPUT] Source 0 → Encoder | Type: NORMAL | Frame: P | Size: 908 bytes | PTS: 1242000
[mswitchdirect @ 0x13db04310] [MSwitch Direct OUTPUT] Source 0 → Encoder | Type: NORMAL | Frame: P | Size: 4088 bytes | PTS: 1245000
[mswitchdirect @ 0x13db04310] [MSwitch Direct OUTPUT] Source 0 → Encoder | Type: NORMAL | Frame: P | Size: 2812 bytes | PTS: 1248000
[mswitchdirect @ 0x13db04310] [MSwitch Direct OUTPUT] Source 0 → Encoder | Type: NORMAL | Frame: P | Size: 999 bytes | PTS: 1251000
[mswitchdirect @ 0x13db04310] [MSwitch Direct OUTPUT] Source 0 → Encoder | Type: NORMAL | Frame: P | Size: 3566 bytes | PTS: 1254000
[mswitchdirect @ 0x13db04310] [MSwitch Direct OUTPUT] Source 0 → Encoder | Type: NORMAL | Frame: P | Size: 2764 bytes | PTS: 1257000
[mswitchdirect @ 0x13db04310] [MSwitch Direct OUTPUT] Source 0 → Encoder | Type: NORMAL | Frame: P | Size: 920 bytes | PTS: 1260000
[mswitchdirect @ 0x13db04310] [MSwitch Direct OUTPUT] Source 0 → Encoder | Type: NORMAL | Frame: P | Size: 3563 bytes | PTS: 1263000
[mswitchdirect @ 0x13db04310] [MSwitch Direct OUTPUT] Source 0 → Encoder | Type: NORMAL | Frame: P | Size: 2736 bytes | PTS: 1266000
[mswitchdirect @ 0x13db04310] [MSwitch Direct OUTPUT] Source 0 → Encoder | Type: NORMAL | Frame: P | Size: 921 bytes | PTS: 1269000
[mswitchdirect @ 0x13db04310] [MSwitch Direct OUTPUT] Source 0 → Encoder | Type: NORMAL | Frame: P | Size: 3566 bytes | PTS: 1272000
[mswitchdirect @ 0x13db04310] [MSwitch Direct OUTPUT] Source 0 → Encoder | Type: NORMAL | Frame: P | Size: 2720 bytes | PTS: 1275000
[mswitchdirect @ 0x13db04310] [MSwitch Direct OUTPUT] Source 0 → Encoder | Type: NORMAL | Frame: P | Size: 907 bytes | PTS: 1278000
[mswitchdirect @ 0x13db04310] [MSwitch Direct OUTPUT] Source 0 → Encoder | Type: NORMAL | Frame: P | Size: 3558 bytes | PTS: 1281000
frame=  125 fps= 62 q=16.0 size=     375KiB time=00:00:04.33 bitrate= 709.1kbits/s speed=2.15x elapsed=0:00:02.01    [mswitchdirect @ 0x13db04310] [MSwitch Direct OUTPUT] Source 0 → Encoder | Type: NORMAL | Frame: P | Size: 2722 bytes | PTS: 1284000
[mswitchdirect @ 0x13db04310] [MSwitch Direct OUTPUT] Source 0 → Encoder | Type: NORMAL | Frame: P | Size: 915 bytes | PTS: 1287000
[mswitchdirect @ 0x13db04310] [MSwitch Direct OUTPUT] Source 0 → Encoder | Type: NORMAL | Frame: P | Size: 3561 bytes | PTS: 1290000
[mswitchdirect @ 0x13db04310] [MSwitch Direct OUTPUT] Source 0 → Encoder | Type: NORMAL | Frame: P | Size: 2747 bytes | PTS: 1293000
[mswitchdirect @ 0x13db04310] [MSwitch Direct OUTPUT] Source 0 → Encoder | Type: NORMAL | Frame: P | Size: 914 bytes | PTS: 1296000
[mswitchdirect @ 0x13db04310] [MSwitch Direct OUTPUT] Source 0 → Encoder | Type: NORMAL | Frame: P | Size: 3576 bytes | PTS: 1299000
[mswitchdirect @ 0x13db04310] [MSwitch Direct OUTPUT] Source 0 → Encoder | Type: NORMAL | Frame: P | Size: 2724 bytes | PTS: 1302000
[mswitchdirect @ 0x13db04310] [MSwitch Direct OUTPUT] Source 0 → Encoder | Type: NORMAL | Frame: P | Size: 914 bytes | PTS: 1305000
[mswitchdirect @ 0x13db04310] [MSwitch Direct OUTPUT] Source 0 → Encoder | Type: NORMAL | Frame: P | Size: 3568 bytes | PTS: 1308000
[mswitchdirect @ 0x13db04310] [MSwitch Direct OUTPUT] Source 0 → Encoder | Type: NORMAL | Frame: P | Size: 2759 bytes | PTS: 1311000
[mswitchdirect @ 0x13db04310] [MSwitch Direct OUTPUT] Source 0 → Encoder | Type: NORMAL | Frame: P | Size: 904 bytes | PTS: 1314000
[mswitchdirect @ 0x13db04310] [MSwitch Direct OUTPUT] Source 0 → Encoder | Type: NORMAL | Frame: P | Size: 3572 bytes | PTS: 1317000
[mswitchdirect @ 0x13db04310] [MSwitch Direct OUTPUT] Source 0 → Encoder | Type: NORMAL | Frame: P | Size: 2732 bytes | PTS: 1320000
[mswitchdirect @ 0x13db04310] [MSwitch Direct OUTPUT] Source 0 → Encoder | Type: NORMAL | Frame: P | Size: 3276 bytes | PTS: 1323000
[mswitchdirect @ 0x13db04310] [MSwitch Direct OUTPUT] Source 0 → Encoder | Type: NORMAL | Frame: P | Size: 2837 bytes | PTS: 1326000
[mswitchdirect @ 0x13db04310] [MSwitch Direct OUTPUT] Source 0 → Encoder | Type: NORMAL | Frame: P | Size: 2743 bytes | PTS: 1329000
frame=  141 fps= 56 q=17.0 size=     416KiB time=00:00:04.86 bitrate= 700.9kbits/s speed=1.93x elapsed=0:00:02.52    [mswitchdirect @ 0x13db04310] [MSwitch Direct OUTPUT] Source 0 → Encoder | Type: NORMAL | Frame: P | Size: 909 bytes | PTS: 1332000
[mswitchdirect @ 0x13db04310] [MSwitch Direct OUTPUT] Source 0 → Encoder | Type: NORMAL | Frame: P | Size: 4474 bytes | PTS: 1335000
[mswitchdirect @ 0x13db04310] [MSwitch Direct OUTPUT] Source 0 → Encoder | Type: NORMAL | Frame: P | Size: 2577 bytes | PTS: 1338000
[mswitchdirect @ 0x13db04310] [MSwitch Direct OUTPUT] Source 0 → Encoder | Type: NORMAL | Frame: P | Size: 1118 bytes | PTS: 1341000
[mswitchdirect @ 0x13db04310] [MSwitch Direct OUTPUT] Source 0 → Encoder | Type: NORMAL | Frame: P | Size: 3405 bytes | PTS: 1344000
[mswitchdirect @ 0x13db04310] [MSwitch Direct OUTPUT] Source 0 → Encoder | Type: NORMAL | Frame: P | Size: 2730 bytes | PTS: 1347000
[mswitchdirect @ 0x13db04310] [MSwitch Direct OUTPUT] Source 0 → Encoder | Type: NORMAL | Frame: P | Size: 937 bytes | PTS: 1350000
[mswitchdirect @ 0x13db04310] [MSwitch Direct OUTPUT] Source 0 → Encoder | Type: NORMAL | Frame: P | Size: 3561 bytes | PTS: 1353000
[mswitchdirect @ 0x13db04310] [MSwitch Direct OUTPUT] Source 0 → Encoder | Type: NORMAL | Frame: P | Size: 2748 bytes | PTS: 1356000
[mswitchdirect @ 0x13db04310] [MSwitch Direct OUTPUT] Source 0 → Encoder | Type: NORMAL | Frame: P | Size: 919 bytes | PTS: 1359000
[mswitchdirect @ 0x13db04310] [MSwitch Direct OUTPUT] Source 0 → Encoder | Type: NORMAL | Frame: P | Size: 3555 bytes | PTS: 1362000
[mswitchdirect @ 0x13db04310] [MSwitch Direct OUTPUT] Source 0 → Encoder | Type: NORMAL | Frame: P | Size: 2746 bytes | PTS: 1365000
[mswitchdirect @ 0x13db04310] [MSwitch Direct OUTPUT] Source 0 → Encoder | Type: NORMAL | Frame: P | Size: 3284 bytes | PTS: 1368000
[mswitchdirect @ 0x13db04310] [MSwitch Direct OUTPUT] Source 0 → Encoder | Type: NORMAL | Frame: P | Size: 2827 bytes | PTS: 1371000
[mswitchdirect @ 0x13db04310] [MSwitch Direct OUTPUT] Source 0 → Encoder | Type: NORMAL | Frame: P | Size: 2748 bytes | PTS: 1374000
frame=  156 fps= 52 q=18.0 size=     454KiB time=00:00:05.36 bitrate= 693.3kbits/s speed=1.77x elapsed=0:00:03.02    [mswitchdirect @ 0x13db04310] [MSwitch Direct OUTPUT] Source 0 → Encoder | Type: NORMAL | Frame: P | Size: 913 bytes | PTS: 1377000
[mswitchdirect @ 0x13db04310] [MSwitch Direct OUTPUT] Source 0 → Encoder | Type: NORMAL | Frame: P | Size: 3569 bytes | PTS: 1380000
[mswitchdirect @ 0x13db04310] [MSwitch Direct OUTPUT] Source 0 → Encoder | Type: NORMAL | Frame: P | Size: 2715 bytes | PTS: 1383000
[mswitchdirect @ 0x13db04310] [MSwitch Direct OUTPUT] Source 0 → Encoder | Type: NORMAL | Frame: I | Size: 22514 bytes | PTS: 1386000
[mswitchdirect @ 0x13db04310] [MSwitch Direct OUTPUT] Source 0 → Encoder | Type: NORMAL | Frame: P | Size: 2927 bytes | PTS: 1389000
[mswitchdirect @ 0x13db04310] [MSwitch Direct OUTPUT] Source 0 → Encoder | Type: NORMAL | Frame: P | Size: 2510 bytes | PTS: 1392000
[mswitchdirect @ 0x13db04310] [MSwitch Direct OUTPUT] Source 0 → Encoder | Type: NORMAL | Frame: P | Size: 816 bytes | PTS: 1395000
[mswitchdirect @ 0x13db04310] [MSwitch Direct OUTPUT] Source 0 → Encoder | Type: NORMAL | Frame: P | Size: 3423 bytes | PTS: 1398000
[mswitchdirect @ 0x13db04310] [MSwitch Direct OUTPUT] Source 0 → Encoder | Type: NORMAL | Frame: P | Size: 2591 bytes | PTS: 1401000
[mswitchdirect @ 0x13db04310] [MSwitch Direct OUTPUT] Source 0 → Encoder | Type: NORMAL | Frame: P | Size: 950 bytes | PTS: 1404000
[mswitchdirect @ 0x13db04310] [MSwitch Direct OUTPUT] Source 0 → Encoder | Type: NORMAL | Frame: P | Size: 3412 bytes | PTS: 1407000
[mswitchdirect @ 0x13db04310] [MSwitch Direct OUTPUT] Source 0 → Encoder | Type: NORMAL | Frame: P | Size: 2759 bytes | PTS: 1410000
[mswitchdirect @ 0x13db04310] [MSwitch Direct OUTPUT] Source 0 → Encoder | Type: NORMAL | Frame: P | Size: 3293 bytes | PTS: 1413000
[mswitchdirect @ 0x13db04310] [MSwitch Direct OUTPUT] Source 0 → Encoder | Type: NORMAL | Frame: P | Size: 2817 bytes | PTS: 1416000
[mswitchdirect @ 0x13db04310] [MSwitch Direct OUTPUT] Source 0 → Encoder | Type: NORMAL | Frame: P | Size: 2723 bytes | PTS: 1419000
frame=  171 fps= 48 q=21.0 size=     494KiB time=00:00:05.86 bitrate= 690.4kbits/s speed=1.66x elapsed=0:00:03.52    [mswitchdirect @ 0x13db04310] [MSwitch Direct OUTPUT] Source 0 → Encoder | Type: NORMAL | Frame: P | Size: 906 bytes | PTS: 1422000
[mswitchdirect @ 0x13db04310] [MSwitch Direct OUTPUT] Source 0 → Encoder | Type: NORMAL | Frame: P | Size: 4350 bytes | PTS: 1425000
[mswitchdirect @ 0x13db04310] [MSwitch Direct OUTPUT] Source 0 → Encoder | Type: NORMAL | Frame: P | Size: 2796 bytes | PTS: 1428000
[mswitchdirect @ 0x13db04310] [MSwitch Direct OUTPUT] Source 0 → Encoder | Type: NORMAL | Frame: P | Size: 1084 bytes | PTS: 1431000
[mswitchdirect @ 0x13db04310] [MSwitch Direct OUTPUT] Source 0 → Encoder | Type: NORMAL | Frame: P | Size: 3559 bytes | PTS: 1434000
[mswitchdirect @ 0x13db04310] [MSwitch Direct OUTPUT] Source 0 → Encoder | Type: NORMAL | Frame: P | Size: 2735 bytes | PTS: 1437000
[mswitchdirect @ 0x13db04310] [MSwitch Direct OUTPUT] Source 0 → Encoder | Type: NORMAL | Frame: P | Size: 932 bytes | PTS: 1440000
[mswitchdirect @ 0x13db04310] [MSwitch Direct OUTPUT] Source 0 → Encoder | Type: NORMAL | Frame: P | Size: 3555 bytes | PTS: 1443000
[mswitchdirect @ 0x13db04310] [MSwitch Direct OUTPUT] Source 0 → Encoder | Type: NORMAL | Frame: P | Size: 2715 bytes | PTS: 1446000
[mswitchdirect @ 0x13db04310] [MSwitch Direct OUTPUT] Source 0 → Encoder | Type: NORMAL | Frame: P | Size: 913 bytes | PTS: 1449000
[mswitchdirect @ 0x13db04310] [MSwitch Direct OUTPUT] Source 0 → Encoder | Type: NORMAL | Frame: P | Size: 3559 bytes | PTS: 1452000
[mswitchdirect @ 0x13db04310] [MSwitch Direct OUTPUT] Source 0 → Encoder | Type: NORMAL | Frame: P | Size: 2742 bytes | PTS: 1455000
[mswitchdirect @ 0x13db04310] [MSwitch Direct OUTPUT] Source 0 → Encoder | Type: NORMAL | Frame: P | Size: 3291 bytes | PTS: 1458000
[mswitchdirect @ 0x13db04310] [MSwitch Direct OUTPUT] Source 0 → Encoder | Type: NORMAL | Frame: P | Size: 2829 bytes | PTS: 1461000
[mswitchdirect @ 0x13db04310] [MSwitch Direct OUTPUT] Source 0 → Encoder | Type: NORMAL | Frame: P | Size: 2749 bytes | PTS: 1464000
frame=  186 fps= 46 q=17.0 size=     555KiB time=00:00:06.36 bitrate= 713.7kbits/s speed=1.58x elapsed=0:00:04.03    [mswitchdirect @ 0x13db04310] [MSwitch Direct OUTPUT] Source 0 → Encoder | Type: NORMAL | Frame: P | Size: 903 bytes | PTS: 1467000
[mswitchdirect @ 0x13db04310] [MSwitch Direct OUTPUT] Source 0 → Encoder | Type: NORMAL | Frame: P | Size: 3568 bytes | PTS: 1470000
[mswitchdirect @ 0x13db04310] [MSwitch Direct OUTPUT] Source 0 → Encoder | Type: NORMAL | Frame: P | Size: 2705 bytes | PTS: 1473000
[mswitchdirect @ 0x13db04310] [MSwitch Direct OUTPUT] Source 0 → Encoder | Type: NORMAL | Frame: P | Size: 920 bytes | PTS: 1476000
frame=  190 fps= 42 q=17.0 size=     565KiB time=00:00:06.50 bitrate= 711.5kbits/s speed=1.43x elapsed=0:00:04.53    [MSwitch Direct] Source 0: Fatal error: Input/output error
[mswitchdirect @ 0x13db04310] [MSwitch Direct OUTPUT] Source 0 → Encoder | Type: NORMAL | Frame: P | Size: 3560 bytes | PTS: 1479000
[mswitchdirect @ 0x13db04310] [MSwitch Direct OUTPUT] Source 0 → Encoder | Type: NORMAL | Frame: P | Size: 2709 bytes | PTS: 1482000
[mswitchdirect @ 0x13db04310] [MSwitch Direct] ❄️  Source 0 failed, entering FREEZE-FRAME mode
[mswitchdirect @ 0x13db04310] [MSwitch Direct OUTPUT] Source 0 → Encoder | Type: FREEZE-FRAME | Frame: P | Size: 2709 bytes | PTS: 1485000
[mswitchdirect @ 0x13db04310] [MSwitch Direct OUTPUT] Source 0 → Encoder | Type: FREEZE-FRAME | Frame: P | Size: 2709 bytes | PTS: 1488000
[mswitchdirect @ 0x13db04310] [MSwitch Direct OUTPUT] Source 0 → Encoder | Type: FREEZE-FRAME | Frame: P | Size: 2709 bytes | PTS: 1491000
[mswitchdirect @ 0x13db04310] [MSwitch Direct OUTPUT] Source 0 → Encoder | Type: FREEZE-FRAME | Frame: P | Size: 2709 bytes | PTS: 1494000
[mswitchdirect @ 0x13db04310] [MSwitch Direct OUTPUT] Source 0 → Encoder | Type: FREEZE-FRAME | Frame: P | Size: 2709 bytes | PTS: 1497000
[mswitchdirect @ 0x13db04310] [MSwitch Direct OUTPUT] Source 0 → Encoder | Type: FREEZE-FRAME | Frame: P | Size: 2709 bytes | PTS: 1500000
[mswitchdirect @ 0x13db04310] [MSwitch Direct OUTPUT] Source 0 → Encoder | Type: FREEZE-FRAME | Frame: P | Size: 2709 bytes | PTS: 1503000
[mswitchdirect @ 0x13db04310] [MSwitch Direct OUTPUT] Source 0 → Encoder | Type: FREEZE-FRAME | Frame: P | Size: 2709 bytes | PTS: 1506000
[mswitchdirect @ 0x13db04310] [MSwitch Direct OUTPUT] Source 0 → Encoder | Type: FREEZE-FRAME | Frame: P | Size: 2709 bytes | PTS: 1509000
[mswitchdirect @ 0x13db04310] [MSwitch Direct OUTPUT] Source 0 → Encoder | Type: FREEZE-FRAME | Frame: P | Size: 2709 bytes | PTS: 1512000
[mswitchdirect @ 0x13db04310] [MSwitch Direct OUTPUT] Source 0 → Encoder | Type: FREEZE-FRAME | Frame: P | Size: 2709 bytes | PTS: 1515000
[mswitchdirect @ 0x13db04310] [MSwitch Direct OUTPUT] Source 0 → Encoder | Type: FREEZE-FRAME | Frame: P | Size: 2709 bytes | PTS: 1518000
[mswitchdirect @ 0x13db04310] [MSwitch Direct OUTPUT] Source 0 → Encoder | Type: FREEZE-FRAME | Frame: P | Size: 2709 bytes | PTS: 1521000
[mswitchdirect @ 0x13db04310] [MSwitch Direct OUTPUT] Source 0 → Encoder | Type: FREEZE-FRAME | Frame: P | Size: 2709 bytes | PTS: 1524000
[mswitchdirect @ 0x13db04310] [MSwitch Direct OUTPUT] Source 0 → Encoder | Type: FREEZE-FRAME | Frame: P | Size: 2709 bytes | PTS: 1527000
[mswitchdirect @ 0x13db04310] [MSwitch Direct OUTPUT] Source 0 → Encoder | Type: FREEZE-FRAME | Frame: P | Size: 2709 bytes | PTS: 1530000
[mswitchdirect @ 0x13db04310] [MSwitch Direct OUTPUT] Source 0 → Encoder | Type: FREEZE-FRAME | Frame: P | Size: 2709 bytes | PTS: 1533000
[mswitchdirect @ 0x13db04310] [MSwitch Direct OUTPUT] Source 0 → Encoder | Type: FREEZE-FRAME | Frame: P | Size: 2709 bytes | PTS: 1536000
[mswitchdirect @ 0x13db04310] [MSwitch Direct OUTPUT] Source 0 → Encoder | Type: FREEZE-FRAME | Frame: P | Size: 2709 bytes | PTS: 1539000
[mswitchdirect @ 0x13db04310] [MSwitch Direct OUTPUT] Source 0 → Encoder | Type: FREEZE-FRAME | Frame: P | Size: 2709 bytes | PTS: 1542000
[mswitchdirect @ 0x13db04310] [MSwitch Direct OUTPUT] Source 0 → Encoder | Type: FREEZE-FRAME | Frame: P | Size: 2709 bytes | PTS: 1545000
[mswitchdirect @ 0x13db04310] [MSwitch Direct OUTPUT] Source 0 → Encoder | Type: FREEZE-FRAME | Frame: P | Size: 2709 bytes | PTS: 1548000
[mswitchdirect @ 0x13db04310] [MSwitch Direct OUTPUT] Source 0 → Encoder | Type: FREEZE-FRAME | Frame: P | Size: 2709 bytes | PTS: 1551000
[mswitchdirect @ 0x13db04310] [MSwitch Direct OUTPUT] Source 0 → Encoder | Type: FREEZE-FRAME | Frame: P | Size: 2709 bytes | PTS: 1554000
[mswitchdirect @ 0x13db04310] [MSwitch Direct OUTPUT] Source 0 → Encoder | Type: FREEZE-FRAME | Frame: P | Size: 2709 bytes | PTS: 1557000
[mswitchdirect @ 0x13db04310] [MSwitch Direct OUTPUT] Source 0 → Encoder | Type: FREEZE-FRAME | Frame: P | Size: 2709 bytes | PTS: 1560000
[mswitchdirect @ 0x13db04310] [MSwitch Direct OUTPUT] Source 0 → Encoder | Type: FREEZE-FRAME | Frame: P | Size: 2709 bytes | PTS: 1563000
[mswitchdirect @ 0x13db04310] [MSwitch Direct OUTPUT] Source 0 → Encoder | Type: FREEZE-FRAME | Frame: P | Size: 2709 bytes | PTS: 1566000
[mswitchdirect @ 0x13db04310] [MSwitch Direct OUTPUT] Source 0 → Encoder | Type: FREEZE-FRAME | Frame: P | Size: 2709 bytes | PTS: 1569000
[mswitchdirect @ 0x13db04310] [MSwitch Direct OUTPUT] Source 0 → Encoder | Type: FREEZE-FRAME | Frame: P | Size: 2709 bytes | PTS: 1572000
[mswitchdirect @ 0x13db04310] [MSwitch Direct OUTPUT] Source 0 → Encoder | Type: FREEZE-FRAME | Frame: P | Size: 2709 bytes | PTS: 1575000
[mswitchdirect @ 0x13db04310] [MSwitch Direct OUTPUT] Source 0 → Encoder | Type: FREEZE-FRAME | Frame: P | Size: 2709 bytes | PTS: 1578000
[mswitchdirect @ 0x13db04310] [MSwitch Direct OUTPUT] Source 0 → Encoder | Type: FREEZE-FRAME | Frame: P | Size: 2709 bytes | PTS: 1581000
[mswitchdirect @ 0x13db04310] [MSwitch Direct OUTPUT] Source 0 → Encoder | Type: FREEZE-FRAME | Frame: P | Size: 2709 bytes | PTS: 1584000
[mswitchdirect @ 0x13db04310] [MSwitch Direct OUTPUT] Source 0 → Encoder | Type: FREEZE-FRAME | Frame: P | Size: 2709 bytes | PTS: 1587000
[mswitchdirect @ 0x13db04310] [MSwitch Direct OUTPUT] Source 0 → Encoder | Type: FREEZE-FRAME | Frame: P | Size: 2709 bytes | PTS: 1590000
[mswitchdirect @ 0x13db04310] [MSwitch Direct OUTPUT] Source 0 → Encoder | Type: FREEZE-FRAME | Frame: P | Size: 2709 bytes | PTS: 1593000
[mswitchdirect @ 0x13db04310] [MSwitch Direct OUTPUT] Source 0 → Encoder | Type: FREEZE-FRAME | Frame: P | Size: 2709 bytes | PTS: 1596000
[mswitchdirect @ 0x13db04310] [MSwitch Direct OUTPUT] Source 0 → Encoder | Type: FREEZE-FRAME | Frame: P | Size: 2709 bytes | PTS: 1599000
[mswitchdirect @ 0x13db04310] [MSwitch Direct OUTPUT] Source 0 → Encoder | Type: FREEZE-FRAME | Frame: P | Size: 2709 bytes | PTS: 1602000
[mswitchdirect @ 0x13db04310] [MSwitch Direct OUTPUT] Source 0 → Encoder | Type: FREEZE-FRAME | Frame: P | Size: 2709 bytes | PTS: 1605000
[mswitchdirect @ 0x13db04310] [MSwitch Direct OUTPUT] Source 0 → Encoder | Type: FREEZE-FRAME | Frame: P | Size: 2709 bytes | PTS: 1608000
[mswitchdirect @ 0x13db04310] [MSwitch Direct OUTPUT] Source 0 → Encoder | Type: FREEZE-FRAME | Frame: P | Size: 2709 bytes | PTS: 1611000
[mswitchdirect @ 0x13db04310] [MSwitch Direct OUTPUT] Source 0 → Encoder | Type: FREEZE-FRAME | Frame: P | Size: 2709 bytes | PTS: 1614000
[mswitchdirect @ 0x13db04310] [MSwitch Direct OUTPUT] Source 0 → Encoder | Type: FREEZE-FRAME | Frame: P | Size: 2709 bytes | PTS: 1617000
[mswitchdirect @ 0x13db04310] [MSwitch Direct OUTPUT] Source 0 → Encoder | Type: FREEZE-FRAME | Frame: P | Size: 2709 bytes | PTS: 1620000
[mswitchdirect @ 0x13db04310] [MSwitch Direct OUTPUT] Source 0 → Encoder | Type: FREEZE-FRAME | Frame: P | Size: 2709 bytes | PTS: 1623000
[mswitchdirect @ 0x13db04310] [MSwitch Direct OUTPUT] Source 0 → Encoder | Type: FREEZE-FRAME | Frame: P | Size: 2709 bytes | PTS: 1626000
[mswitchdirect @ 0x13db04310] [MSwitch Direct OUTPUT] Source 0 → Encoder | Type: FREEZE-FRAME | Frame: P | Size: 2709 bytes | PTS: 1629000
[mswitchdirect @ 0x13db04310] [MSwitch Direct OUTPUT] Source 0 → Encoder | Type: FREEZE-FRAME | Frame: P | Size: 2709 bytes | PTS: 1632000
[mswitchdirect @ 0x13db04310] [MSwitch Direct OUTPUT] Source 0 → Encoder | Type: FREEZE-FRAME | Frame: P | Size: 2709 bytes | PTS: 1635000
[mswitchdirect @ 0x13db04310] [MSwitch Direct OUTPUT] Source 0 → Encoder | Type: FREEZE-FRAME | Frame: P | Size: 2709 bytes | PTS: 1638000
[mswitchdirect @ 0x13db04310] [MSwitch Direct OUTPUT] Source 0 → Encoder | Type: FREEZE-FRAME | Frame: P | Size: 2709 bytes | PTS: 1641000
[mswitchdirect @ 0x13db04310] [MSwitch Direct OUTPUT] Source 0 → Encoder | Type: FREEZE-FRAME | Frame: P | Size: 2709 bytes | PTS: 1644000
[mswitchdirect @ 0x13db04310] [MSwitch Direct OUTPUT] Source 0 → Encoder | Type: FREEZE-FRAME | Frame: P | Size: 2709 bytes | PTS: 1647000
[mswitchdirect @ 0x13db04310] [MSwitch Direct OUTPUT] Source 0 → Encoder | Type: FREEZE-FRAME | Frame: P | Size: 2709 bytes | PTS: 1650000
[mswitchdirect @ 0x13db04310] [MSwitch Direct OUTPUT] Source 0 → Encoder | Type: FREEZE-FRAME | Frame: P | Size: 2709 bytes | PTS: 1653000
[mswitchdirect @ 0x13db04310] [MSwitch Direct OUTPUT] Source 0 → Encoder | Type: FREEZE-FRAME | Frame: P | Size: 2709 bytes | PTS: 1656000
[mswitchdirect @ 0x13db04310] [MSwitch Direct OUTPUT] Source 0 → Encoder | Type: FREEZE-FRAME | Frame: P | Size: 2709 bytes | PTS: 1659000
[mswitchdirect @ 0x13db04310] [MSwitch Direct OUTPUT] Source 0 → Encoder | Type: FREEZE-FRAME | Frame: P | Size: 2709 bytes | PTS: 1662000
[mswitchdirect @ 0x13db04310] [MSwitch Direct OUTPUT] Source 0 → Encoder | Type: FREEZE-FRAME | Frame: P | Size: 2709 bytes | PTS: 1665000
[mswitchdirect @ 0x13db04310] [MSwitch Direct OUTPUT] Source 0 → Encoder | Type: FREEZE-FRAME | Frame: P | Size: 2709 bytes | PTS: 1668000
[mswitchdirect @ 0x13db04310] [MSwitch Direct OUTPUT] Source 0 → Encoder | Type: FREEZE-FRAME | Frame: P | Size: 2709 bytes | PTS: 1671000
[mswitchdirect @ 0x13db04310] [MSwitch Direct OUTPUT] Source 0 → Encoder | Type: FREEZE-FRAME | Frame: P | Size: 2709 bytes | PTS: 1674000
[mswitchdirect @ 0x13db04310] [MSwitch Direct OUTPUT] Source 0 → Encoder | Type: FREEZE-FRAME | Frame: P | Size: 2709 bytes | PTS: 1677000
[mswitchdirect @ 0x13db04310] [MSwitch Direct OUTPUT] Source 0 → Encoder | Type: FREEZE-FRAME | Frame: P | Size: 2709 bytes | PTS: 1680000
[mswitchdirect @ 0x13db04310] [MSwitch Direct OUTPUT] Source 0 → Encoder | Type: FREEZE-FRAME | Frame: P | Size: 2709 bytes | PTS: 1683000
[mswitchdirect @ 0x13db04310] [MSwitch Direct OUTPUT] Source 0 → Encoder | Type: FREEZE-FRAME | Frame: P | Size: 2709 bytes | PTS: 1686000
[mswitchdirect @ 0x13db04310] [MSwitch Direct OUTPUT] Source 0 → Encoder | Type: FREEZE-FRAME | Frame: P | Size: 2709 bytes | PTS: 1689000
[mswitchdirect @ 0x13db04310] [MSwitch Direct OUTPUT] Source 0 → Encoder | Type: FREEZE-FRAME | Frame: P | Size: 2709 bytes | PTS: 1692000
[mswitchdirect @ 0x13db04310] [MSwitch Direct OUTPUT] Source 0 → Encoder | Type: FREEZE-FRAME | Frame: P | Size: 2709 bytes | PTS: 1695000
[mswitchdirect @ 0x13db04310] [MSwitch Direct OUTPUT] Source 0 → Encoder | Type: FREEZE-FRAME | Frame: P | Size: 2709 bytes | PTS: 1698000
[mswitchdirect @ 0x13db04310] [MSwitch Direct OUTPUT] Source 0 → Encoder | Type: FREEZE-FRAME | Frame: P | Size: 2709 bytes | PTS: 1701000
[mswitchdirect @ 0x13db04310] [MSwitch Direct OUTPUT] Source 0 → Encoder | Type: FREEZE-FRAME | Frame: P | Size: 2709 bytes | PTS: 1704000
[mswitchdirect @ 0x13db04310] [MSwitch Direct OUTPUT] Source 0 → Encoder | Type: FREEZE-FRAME | Frame: P | Size: 2709 bytes | PTS: 1707000
[mswitchdirect @ 0x13db04310] [MSwitch Direct OUTPUT] Source 0 → Encoder | Type: FREEZE-FRAME | Frame: P | Size: 2709 bytes | PTS: 1710000
[mswitchdirect @ 0x13db04310] [MSwitch Direct OUTPUT] Source 0 → Encoder | Type: FREEZE-FRAME | Frame: P | Size: 2709 bytes | PTS: 1713000
[mswitchdirect @ 0x13db04310] [MSwitch Direct OUTPUT] Source 0 → Encoder | Type: FREEZE-FRAME | Frame: P | Size: 2709 bytes | PTS: 1716000
[mswitchdirect @ 0x13db04310] [MSwitch Direct OUTPUT] Source 0 → Encoder | Type: FREEZE-FRAME | Frame: P | Size: 2709 bytes | PTS: 1719000
[mswitchdirect @ 0x13db04310] [MSwitch Direct OUTPUT] Source 0 → Encoder | Type: FREEZE-FRAME | Frame: P | Size: 2709 bytes | PTS: 1722000
[mswitchdirect @ 0x13db04310] [MSwitch Direct OUTPUT] Source 0 → Encoder | Type: FREEZE-FRAME | Frame: P | Size: 2709 bytes | PTS: 1725000
[mswitchdirect @ 0x13db04310] [MSwitch Direct OUTPUT] Source 0 → Encoder | Type: FREEZE-FRAME | Frame: P | Size: 2709 bytes | PTS: 1728000
[mswitchdirect @ 0x13db04310] [MSwitch Direct OUTPUT] Source 0 → Encoder | Type: FREEZE-FRAME | Frame: P | Size: 2709 bytes | PTS: 1731000
[mswitchdirect @ 0x13db04310] [MSwitch Direct OUTPUT] Source 0 → Encoder | Type: FREEZE-FRAME | Frame: P | Size: 2709 bytes | PTS: 1734000
[mswitchdirect @ 0x13db04310] [MSwitch Direct OUTPUT] Source 0 → Encoder | Type: FREEZE-FRAME | Frame: P | Size: 2709 bytes | PTS: 1737000
[mswitchdirect @ 0x13db04310] [MSwitch Direct OUTPUT] Source 0 → Encoder | Type: FREEZE-FRAME | Frame: P | Size: 2709 bytes | PTS: 1740000
[mswitchdirect @ 0x13db04310] [MSwitch Direct OUTPUT] Source 0 → Encoder | Type: FREEZE-FRAME | Frame: P | Size: 2709 bytes | PTS: 1743000
[mswitchdirect @ 0x13db04310] [MSwitch Direct OUTPUT] Source 0 → Encoder | Type: FREEZE-FRAME | Frame: P | Size: 2709 bytes | PTS: 1746000
[mswitchdirect @ 0x13db04310] [MSwitch Direct OUTPUT] Source 0 → Encoder | Type: FREEZE-FRAME | Frame: P | Size: 2709 bytes | PTS: 1749000
[mswitchdirect @ 0x13db04310] [MSwitch Direct OUTPUT] Source 0 → Encoder | Type: FREEZE-FRAME | Frame: P | Size: 2709 bytes | PTS: 1752000
[mswitchdirect @ 0x13db04310] [MSwitch Direct OUTPUT] Source 0 → Encoder | Type: FREEZE-FRAME | Frame: P | Size: 2709 bytes | PTS: 1755000
[mswitchdirect @ 0x13db04310] [MSwitch Direct OUTPUT] Source 0 → Encoder | Type: FREEZE-FRAME | Frame: P | Size: 2709 bytes | PTS: 1758000
[mswitchdirect @ 0x13db04310] [MSwitch Direct OUTPUT] Source 0 → Encoder | Type: FREEZE-FRAME | Frame: P | Size: 2709 bytes | PTS: 1761000
[mswitchdirect @ 0x13db04310] [MSwitch Direct OUTPUT] Source 0 → Encoder | Type: FREEZE-FRAME | Frame: P | Size: 2709 bytes | PTS: 1764000
[mswitchdirect @ 0x13db04310] [MSwitch Direct OUTPUT] Source 0 → Encoder | Type: FREEZE-FRAME | Frame: P | Size: 2709 bytes | PTS: 1767000
[mswitchdirect @ 0x13db04310] [MSwitch Direct OUTPUT] Source 0 → Encoder | Type: FREEZE-FRAME | Frame: P | Size: 2709 bytes | PTS: 1770000
[mswitchdirect @ 0x13db04310] [MSwitch Direct OUTPUT] Source 0 → Encoder | Type: FREEZE-FRAME | Frame: P | Size: 2709 bytes | PTS: 1773000
[mswitchdirect @ 0x13db04310] [MSwitch Direct OUTPUT] Source 0 → Encoder | Type: FREEZE-FRAME | Frame: P | Size: 2709 bytes | PTS: 1776000
[mswitchdirect @ 0x13db04310] [MSwitch Direct OUTPUT] Source 0 → Encoder | Type: FREEZE-FRAME | Frame: P | Size: 2709 bytes | PTS: 1779000
[mswitchdirect @ 0x13db04310] [MSwitch Direct OUTPUT] Source 0 → Encoder | Type: FREEZE-FRAME | Frame: P | Size: 2709 bytes | PTS: 1782000
[mswitchdirect @ 0x13db04310] [MSwitch Direct OUTPUT] Source 0 → Encoder | Type: FREEZE-FRAME | Frame: P | Size: 2709 bytes | PTS: 1785000
[mswitchdirect @ 0x13db04310] [MSwitch Direct OUTPUT] Source 0 → Encoder | Type: FREEZE-FRAME | Frame: P | Size: 2709 bytes | PTS: 1788000
[mswitchdirect @ 0x13db04310] [MSwitch Direct OUTPUT] Source 0 → Encoder | Type: FREEZE-FRAME | Frame: P | Size: 2709 bytes | PTS: 1791000
[mswitchdirect @ 0x13db04310] [MSwitch Direct OUTPUT] Source 0 → Encoder | Type: FREEZE-FRAME | Frame: P | Size: 2709 bytes | PTS: 1794000
[mswitchdirect @ 0x13db04310] [MSwitch Direct OUTPUT] Source 0 → Encoder | Type: FREEZE-FRAME | Frame: P | Size: 2709 bytes | PTS: 1797000
[mswitchdirect @ 0x13db04310] [MSwitch Direct OUTPUT] Source 0 → Encoder | Type: FREEZE-FRAME | Frame: P | Size: 2709 bytes | PTS: 1800000
[mswitchdirect @ 0x13db04310] [MSwitch Direct OUTPUT] Source 0 → Encoder | Type: FREEZE-FRAME | Frame: P | Size: 2709 bytes | PTS: 1803000
[mswitchdirect @ 0x13db04310] [MSwitch Direct OUTPUT] Source 0 → Encoder | Type: FREEZE-FRAME | Frame: P | Size: 2709 bytes | PTS: 1806000
[mswitchdirect @ 0x13db04310] [MSwitch Direct OUTPUT] Source 0 → Encoder | Type: FREEZE-FRAME | Frame: P | Size: 2709 bytes | PTS: 1809000
[mswitchdirect @ 0x13db04310] [MSwitch Direct OUTPUT] Source 0 → Encoder | Type: FREEZE-FRAME | Frame: P | Size: 2709 bytes | PTS: 1812000
[mswitchdirect @ 0x13db04310] [MSwitch Direct OUTPUT] Source 0 → Encoder | Type: FREEZE-FRAME | Frame: P | Size: 2709 bytes | PTS: 1815000
[mswitchdirect @ 0x13db04310] [MSwitch Direct OUTPUT] Source 0 → Encoder | Type: FREEZE-FRAME | Frame: P | Size: 2709 bytes | PTS: 1818000
[mswitchdirect @ 0x13db04310] [MSwitch Direct OUTPUT] Source 0 → Encoder | Type: FREEZE-FRAME | Frame: P | Size: 2709 bytes | PTS: 1821000
[mswitchdirect @ 0x13db04310] [MSwitch Direct OUTPUT] Source 0 → Encoder | Type: FREEZE-FRAME | Frame: P | Size: 2709 bytes | PTS: 1824000
[mswitchdirect @ 0x13db04310] [MSwitch Direct OUTPUT] Source 0 → Encoder | Type: FREEZE-FRAME | Frame: P | Size: 2709 bytes | PTS: 1827000
[mswitchdirect @ 0x13db04310] [MSwitch Direct OUTPUT] Source 0 → Encoder | Type: FREEZE-FRAME | Frame: P | Size: 2709 bytes | PTS: 1830000
[mswitchdirect @ 0x13db04310] [MSwitch Direct OUTPUT] Source 0 → Encoder | Type: FREEZE-FRAME | Frame: P | Size: 2709 bytes | PTS: 1833000
[mswitchdirect @ 0x13db04310] [MSwitch Direct OUTPUT] Source 0 → Encoder | Type: FREEZE-FRAME | Frame: P | Size: 2709 bytes | PTS: 1836000
[mswitchdirect @ 0x13db04310] [MSwitch Direct OUTPUT] Source 0 → Encoder | Type: FREEZE-FRAME | Frame: P | Size: 2709 bytes | PTS: 1839000
[mswitchdirect @ 0x13db04310] [MSwitch Direct OUTPUT] Source 0 → Encoder | Type: FREEZE-FRAME | Frame: P | Size: 2709 bytes | PTS: 1842000
[mswitchdirect @ 0x13db04310] [MSwitch Direct OUTPUT] Source 0 → Encoder | Type: FREEZE-FRAME | Frame: P | Size: 2709 bytes | PTS: 1845000
[mswitchdirect @ 0x13db04310] [MSwitch Direct OUTPUT] Source 0 → Encoder | Type: FREEZE-FRAME | Frame: P | Size: 2709 bytes | PTS: 1848000
[mswitchdirect @ 0x13db04310] [MSwitch Direct OUTPUT] Source 0 → Encoder | Type: FREEZE-FRAME | Frame: P | Size: 2709 bytes | PTS: 1851000
[mswitchdirect @ 0x13db04310] [MSwitch Direct OUTPUT] Source 0 → Encoder | Type: FREEZE-FRAME | Frame: P | Size: 2709 bytes | PTS: 1854000
[mswitchdirect @ 0x13db04310] [MSwitch Direct OUTPUT] Source 0 → Encoder | Type: FREEZE-FRAME | Frame: P | Size: 2709 bytes | PTS: 1857000
[mswitchdirect @ 0x13db04310] [MSwitch Direct OUTPUT] Source 0 → Encoder | Type: FREEZE-FRAME | Frame: P | Size: 2709 bytes | PTS: 1860000
[mswitchdirect @ 0x13db04310] [MSwitch Direct OUTPUT] Source 0 → Encoder | Type: FREEZE-FRAME | Frame: P | Size: 2709 bytes | PTS: 1863000
[mswitchdirect @ 0x13db04310] [MSwitch Direct OUTPUT] Source 0 → Encoder | Type: FREEZE-FRAME | Frame: P | Size: 2709 bytes | PTS: 1866000
[mswitchdirect @ 0x13db04310] [MSwitch Direct OUTPUT] Source 0 → Encoder | Type: FREEZE-FRAME | Frame: P | Size: 2709 bytes | PTS: 1869000
[mswitchdirect @ 0x13db04310] [MSwitch Direct OUTPUT] Source 0 → Encoder | Type: FREEZE-FRAME | Frame: P | Size: 2709 bytes | PTS: 1872000
[mswitchdirect @ 0x13db04310] [MSwitch Direct OUTPUT] Source 0 → Encoder | Type: FREEZE-FRAME | Frame: P | Size: 2709 bytes | PTS: 1875000
[mswitchdirect @ 0x13db04310] [MSwitch Direct OUTPUT] Source 0 → Encoder | Type: FREEZE-FRAME | Frame: P | Size: 2709 bytes | PTS: 1878000
[mswitchdirect @ 0x13db04310] [MSwitch Direct OUTPUT] Source 0 → Encoder | Type: FREEZE-FRAME | Frame: P | Size: 2709 bytes | PTS: 1881000
[mswitchdirect @ 0x13db04310] [MSwitch Direct OUTPUT] Source 0 → Encoder | Type: FREEZE-FRAME | Frame: P | Size: 2709 bytes | PTS: 1884000
[mswitchdirect @ 0x13db04310] [MSwitch Direct OUTPUT] Source 0 → Encoder | Type: FREEZE-FRAME | Frame: P | Size: 2709 bytes | PTS: 1887000
[mswitchdirect @ 0x13db04310] [MSwitch Direct OUTPUT] Source 0 → Encoder | Type: FREEZE-FRAME | Frame: P | Size: 2709 bytes | PTS: 1890000
[mswitchdirect @ 0x13db04310] [MSwitch Direct OUTPUT] Source 0 → Encoder | Type: FREEZE-FRAME | Frame: P | Size: 2709 bytes | PTS: 1893000
[mswitchdirect @ 0x13db04310] [MSwitch Direct OUTPUT] Source 0 → Encoder | Type: FREEZE-FRAME | Frame: P | Size: 2709 bytes | PTS: 1896000
[mswitchdirect @ 0x13db04310] [MSwitch Direct OUTPUT] Source 0 → Encoder | Type: FREEZE-FRAME | Frame: P | Size: 2709 bytes | PTS: 1899000
[mswitchdirect @ 0x13db04310] [MSwitch Direct OUTPUT] Source 0 → Encoder | Type: FREEZE-FRAME | Frame: P | Size: 2709 bytes | PTS: 1902000
[mswitchdirect @ 0x13db04310] [MSwitch Direct OUTPUT] Source 0 → Encoder | Type: FREEZE-FRAME | Frame: P | Size: 2709 bytes | PTS: 1905000
[mswitchdirect @ 0x13db04310] [MSwitch Direct OUTPUT] Source 0 → Encoder | Type: FREEZE-FRAME | Frame: P | Size: 2709 bytes | PTS: 1908000
[mswitchdirect @ 0x13db04310] [MSwitch Direct OUTPUT] Source 0 → Encoder | Type: FREEZE-FRAME | Frame: P | Size: 2709 bytes | PTS: 1911000
[mswitchdirect @ 0x13db04310] [MSwitch Direct OUTPUT] Source 0 → Encoder | Type: FREEZE-FRAME | Frame: P | Size: 2709 bytes | PTS: 1914000
[mswitchdirect @ 0x13db04310] [MSwitch Direct OUTPUT] Source 0 → Encoder | Type: FREEZE-FRAME | Frame: P | Size: 2709 bytes | PTS: 1917000
[mswitchdirect @ 0x13db04310] [MSwitch Direct OUTPUT] Source 0 → Encoder | Type: FREEZE-FRAME | Frame: P | Size: 2709 bytes | PTS: 1920000
[mswitchdirect @ 0x13db04310] [MSwitch Direct OUTPUT] Source 0 → Encoder | Type: FREEZE-FRAME | Frame: P | Size: 2709 bytes | PTS: 1923000
[mswitchdirect @ 0x13db04310] [MSwitch Direct OUTPUT] Source 0 → Encoder | Type: FREEZE-FRAME | Frame: P | Size: 2709 bytes | PTS: 1926000
[mswitchdirect @ 0x13db04310] [MSwitch Direct OUTPUT] Source 0 → Encoder | Type: FREEZE-FRAME | Frame: P | Size: 2709 bytes | PTS: 1929000
[mswitchdirect @ 0x13db04310] [MSwitch Direct OUTPUT] Source 0 → Encoder | Type: FREEZE-FRAME | Frame: P | Size: 2709 bytes | PTS: 1932000
[mswitchdirect @ 0x13db04310] [MSwitch Direct OUTPUT] Source 0 → Encoder | Type: FREEZE-FRAME | Frame: P | Size: 2709 bytes | PTS: 1935000
[mswitchdirect @ 0x13db04310] [MSwitch Direct OUTPUT] Source 0 → Encoder | Type: FREEZE-FRAME | Frame: P | Size: 2709 bytes | PTS: 1938000
[mswitchdirect @ 0x13db04310] [MSwitch Direct OUTPUT] Source 0 → Encoder | Type: FREEZE-FRAME | Frame: P | Size: 2709 bytes | PTS: 1941000
[mswitchdirect @ 0x13db04310] [MSwitch Direct OUTPUT] Source 0 → Encoder | Type: FREEZE-FRAME | Frame: P | Size: 2709 bytes | PTS: 1944000
[mswitchdirect @ 0x13db04310] [MSwitch Direct OUTPUT] Source 0 → Encoder | Type: FREEZE-FRAME | Frame: P | Size: 2709 bytes | PTS: 1947000
[mswitchdirect @ 0x13db04310] [MSwitch Direct OUTPUT] Source 0 → Encoder | Type: FREEZE-FRAME | Frame: P | Size: 2709 bytes | PTS: 1950000
[mswitchdirect @ 0x13db04310] [MSwitch Direct OUTPUT] Source 0 → Encoder | Type: FREEZE-FRAME | Frame: P | Size: 2709 bytes | PTS: 1953000
[mswitchdirect @ 0x13db04310] [MSwitch Direct OUTPUT] Source 0 → Encoder | Type: FREEZE-FRAME | Frame: P | Size: 2709 bytes | PTS: 1956000
[mswitchdirect @ 0x13db04310] [MSwitch Direct OUTPUT] Source 0 → Encoder | Type: FREEZE-FRAME | Frame: P | Size: 2709 bytes | PTS: 1959000
[mswitchdirect @ 0x13db04310] [MSwitch Direct OUTPUT] Source 0 → Encoder | Type: FREEZE-FRAME | Frame: P | Size: 2709 bytes | PTS: 1962000
[mswitchdirect @ 0x13db04310] [MSwitch Direct OUTPUT] Source 0 → Encoder | Type: FREEZE-FRAME | Frame: P | Size: 2709 bytes | PTS: 1965000
[mswitchdirect @ 0x13db04310] [MSwitch Direct OUTPUT] Source 0 → Encoder | Type: FREEZE-FRAME | Frame: P | Size: 2709 bytes | PTS: 1968000
[mswitchdirect @ 0x13db04310] [MSwitch Direct OUTPUT] Source 0 → Encoder | Type: FREEZE-FRAME | Frame: P | Size: 2709 bytes | PTS: 1971000
[mswitchdirect @ 0x13db04310] [MSwitch Direct OUTPUT] Source 0 → Encoder | Type: FREEZE-FRAME | Frame: P | Size: 2709 bytes | PTS: 1974000
[mswitchdirect @ 0x13db04310] [MSwitch Direct OUTPUT] Source 0 → Encoder | Type: FREEZE-FRAME | Frame: P | Size: 2709 bytes | PTS: 1977000
[mswitchdirect @ 0x13db04310] [MSwitch Direct OUTPUT] Source 0 → Encoder | Type: FREEZE-FRAME | Frame: P | Size: 2709 bytes | PTS: 1980000
[mswitchdirect @ 0x13db04310] [MSwitch Direct OUTPUT] Source 0 → Encoder | Type: FREEZE-FRAME | Frame: P | Size: 2709 bytes | PTS: 1983000
[mswitchdirect @ 0x13db04310] [MSwitch Direct OUTPUT] Source 0 → Encoder | Type: FREEZE-FRAME | Frame: P | Size: 2709 bytes | PTS: 1986000
[mswitchdirect @ 0x13db04310] [MSwitch Direct OUTPUT] Source 0 → Encoder | Type: FREEZE-FRAME | Frame: P | Size: 2709 bytes | PTS: 1989000
[mswitchdirect @ 0x13db04310] [MSwitch Direct OUTPUT] Source 0 → Encoder | Type: FREEZE-FRAME | Frame: P | Size: 2709 bytes | PTS: 1992000
[mswitchdirect @ 0x13db04310] [MSwitch Direct OUTPUT] Source 0 → Encoder | Type: FREEZE-FRAME | Frame: P | Size: 2709 bytes | PTS: 1995000
[mswitchdirect @ 0x13db04310] [MSwitch Direct OUTPUT] Source 0 → Encoder | Type: FREEZE-FRAME | Frame: P | Size: 2709 bytes | PTS: 1998000
[mswitchdirect @ 0x13db04310] [MSwitch Direct OUTPUT] Source 0 → Encoder | Type: FREEZE-FRAME | Frame: P | Size: 2709 bytes | PTS: 2001000
[mswitchdirect @ 0x13db04310] [MSwitch Direct OUTPUT] Source 0 → Encoder | Type: FREEZE-FRAME | Frame: P | Size: 2709 bytes | PTS: 2004000
[mswitchdirect @ 0x13db04310] [MSwitch Direct OUTPUT] Source 0 → Encoder | Type: FREEZE-FRAME | Frame: P | Size: 2709 bytes | PTS: 2007000
[mswitchdirect @ 0x13db04310] [MSwitch Direct OUTPUT] Source 0 → Encoder | Type: FREEZE-FRAME | Frame: P | Size: 2709 bytes | PTS: 2010000
[mswitchdirect @ 0x13db04310] [MSwitch Direct OUTPUT] Source 0 → Encoder | Type: FREEZE-FRAME | Frame: P | Size: 2709 bytes | PTS: 2013000
[mswitchdirect @ 0x13db04310] [MSwitch Direct OUTPUT] Source 0 → Encoder | Type: FREEZE-FRAME | Frame: P | Size: 2709 bytes | PTS: 2016000
[mswitchdirect @ 0x13db04310] [MSwitch Direct OUTPUT] Source 0 → Encoder | Type: FREEZE-FRAME | Frame: P | Size: 2709 bytes | PTS: 2019000
[mswitchdirect @ 0x13db04310] [MSwitch Direct OUTPUT] Source 0 → Encoder | Type: FREEZE-FRAME | Frame: P | Size: 2709 bytes | PTS: 2022000
[mswitchdirect @ 0x13db04310] [MSwitch Direct OUTPUT] Source 0 → Encoder | Type: FREEZE-FRAME | Frame: P | Size: 2709 bytes | PTS: 2025000
[mswitchdirect @ 0x13db04310] [MSwitch Direct OUTPUT] Source 0 → Encoder | Type: FREEZE-FRAME | Frame: P | Size: 2709 bytes | PTS: 2028000
[mswitchdirect @ 0x13db04310] [MSwitch Direct OUTPUT] Source 0 → Encoder | Type: FREEZE-FRAME | Frame: P | Size: 2709 bytes | PTS: 2031000
[mswitchdirect @ 0x13db04310] [MSwitch Direct OUTPUT] Source 0 → Encoder | Type: FREEZE-FRAME | Frame: P | Size: 2709 bytes | PTS: 2034000
[mswitchdirect @ 0x13db04310] [MSwitch Direct OUTPUT] Source 0 → Encoder | Type: FREEZE-FRAME | Frame: P | Size: 2709 bytes | PTS: 2037000
[mswitchdirect @ 0x13db04310] [MSwitch Direct OUTPUT] Source 0 → Encoder | Type: FREEZE-FRAME | Frame: P | Size: 2709 bytes | PTS: 2040000
[mswitchdirect @ 0x13db04310] [MSwitch Direct OUTPUT] Source 0 → Encoder | Type: FREEZE-FRAME | Frame: P | Size: 2709 bytes | PTS: 2043000
[mswitchdirect @ 0x13db04310] [MSwitch Direct OUTPUT] Source 0 → Encoder | Type: FREEZE-FRAME | Frame: P | Size: 2709 bytes | PTS: 2046000
[mswitchdirect @ 0x13db04310] [MSwitch Direct OUTPUT] Source 0 → Encoder | Type: FREEZE-FRAME | Frame: P | Size: 2709 bytes | PTS: 2049000
[mswitchdirect @ 0x13db04310] [MSwitch Direct OUTPUT] Source 0 → Encoder | Type: FREEZE-FRAME | Frame: P | Size: 2709 bytes | PTS: 2052000
[mswitchdirect @ 0x13db04310] [MSwitch Direct OUTPUT] Source 0 → Encoder | Type: FREEZE-FRAME | Frame: P | Size: 2709 bytes | PTS: 2055000
[mswitchdirect @ 0x13db04310] [MSwitch Direct OUTPUT] Source 0 → Encoder | Type: FREEZE-FRAME | Frame: P | Size: 2709 bytes | PTS: 2058000
[mswitchdirect @ 0x13db04310] [MSwitch Direct OUTPUT] Source 0 → Encoder | Type: FREEZE-FRAME | Frame: P | Size: 2709 bytes | PTS: 2061000
[mswitchdirect @ 0x13db04310] [MSwitch Direct OUTPUT] Source 0 → Encoder | Type: FREEZE-FRAME | Frame: P | Size: 2709 bytes | PTS: 2064000
[mswitchdirect @ 0x13db04310] [MSwitch Direct OUTPUT] Source 0 → Encoder | Type: FREEZE-FRAME | Frame: P | Size: 2709 bytes | PTS: 2067000
[mswitchdirect @ 0x13db04310] [MSwitch Direct OUTPUT] Source 0 → Encoder | Type: FREEZE-FRAME | Frame: P | Size: 2709 bytes | PTS: 2070000
[mswitchdirect @ 0x13db04310] [MSwitch Direct OUTPUT] Source 0 → Encoder | Type: FREEZE-FRAME | Frame: P | Size: 2709 bytes | PTS: 2073000
[mswitchdirect @ 0x13db04310] [MSwitch Direct OUTPUT] Source 0 → Encoder | Type: FREEZE-FRAME | Frame: P | Size: 2709 bytes | PTS: 2076000
[mswitchdirect @ 0x13db04310] [MSwitch Direct OUTPUT] Source 0 → Encoder | Type: FREEZE-FRAME | Frame: P | Size: 2709 bytes | PTS: 2079000
[mswitchdirect @ 0x13db04310] [MSwitch Direct OUTPUT] Source 0 → Encoder | Type: FREEZE-FRAME | Frame: P | Size: 2709 bytes | PTS: 2082000
[mswitchdirect @ 0x13db04310] [MSwitch Direct OUTPUT] Source 0 → Encoder | Type: FREEZE-FRAME | Frame: P | Size: 2709 bytes | PTS: 2085000
[mswitchdirect @ 0x13db04310] [MSwitch Direct OUTPUT] Source 0 → Encoder | Type: FREEZE-FRAME | Frame: P | Size: 2709 bytes | PTS: 2088000
[mswitchdirect @ 0x13db04310] [MSwitch Direct OUTPUT] Source 0 → Encoder | Type: FREEZE-FRAME | Frame: P | Size: 2709 bytes | PTS: 2091000
[mswitchdirect @ 0x13db04310] [MSwitch Direct OUTPUT] Source 0 → Encoder | Type: FREEZE-FRAME | Frame: P | Size: 2709 bytes | PTS: 2094000
[mswitchdirect @ 0x13db04310] [MSwitch Direct OUTPUT] Source 0 → Encoder | Type: FREEZE-FRAME | Frame: P | Size: 2709 bytes | PTS: 2097000
[mswitchdirect @ 0x13db04310] [MSwitch Direct OUTPUT] Source 0 → Encoder | Type: FREEZE-FRAME | Frame: P | Size: 2709 bytes | PTS: 2100000
[mswitchdirect @ 0x13db04310] [MSwitch Direct OUTPUT] Source 0 → Encoder | Type: FREEZE-FRAME | Frame: P | Size: 2709 bytes | PTS: 2103000
[mswitchdirect @ 0x13db04310] [MSwitch Direct OUTPUT] Source 0 → Encoder | Type: FREEZE-FRAME | Frame: P | Size: 2709 bytes | PTS: 2106000
[mswitchdirect @ 0x13db04310] [MSwitch Direct OUTPUT] Source 0 → Encoder | Type: FREEZE-FRAME | Frame: P | Size: 2709 bytes | PTS: 2109000
[mswitchdirect @ 0x13db04310] [MSwitch Direct OUTPUT] Source 0 → Encoder | Type: FREEZE-FRAME | Frame: P | Size: 2709 bytes | PTS: 2112000
[mswitchdirect @ 0x13db04310] [MSwitch Direct OUTPUT] Source 0 → Encoder | Type: FREEZE-FRAME | Frame: P | Size: 2709 bytes | PTS: 2115000
[mswitchdirect @ 0x13db04310] [MSwitch Direct OUTPUT] Source 0 → Encoder | Type: FREEZE-FRAME | Frame: P | Size: 2709 bytes | PTS: 2118000
[mswitchdirect @ 0x13db04310] [MSwitch Direct OUTPUT] Source 0 → Encoder | Type: FREEZE-FRAME | Frame: P | Size: 2709 bytes | PTS: 2121000
[mswitchdirect @ 0x13db04310] [MSwitch Direct OUTPUT] Source 0 → Encoder | Type: FREEZE-FRAME | Frame: P | Size: 2709 bytes | PTS: 2124000
[mswitchdirect @ 0x13db04310] [MSwitch Direct OUTPUT] Source 0 → Encoder | Type: FREEZE-FRAME | Frame: P | Size: 2709 bytes | PTS: 2127000
[mswitchdirect @ 0x13db04310] [MSwitch Direct OUTPUT] Source 0 → Encoder | Type: FREEZE-FRAME | Frame: P | Size: 2709 bytes | PTS: 2130000
[mswitchdirect @ 0x13db04310] [MSwitch Direct OUTPUT] Source 0 → Encoder | Type: FREEZE-FRAME | Frame: P | Size: 2709 bytes | PTS: 2133000
[mswitchdirect @ 0x13db04310] [MSwitch Direct OUTPUT] Source 0 → Encoder | Type: FREEZE-FRAME | Frame: P | Size: 2709 bytes | PTS: 2136000
[mswitchdirect @ 0x13db04310] [MSwitch Direct OUTPUT] Source 0 → Encoder | Type: FREEZE-FRAME | Frame: P | Size: 2709 bytes | PTS: 2139000
[mswitchdirect @ 0x13db04310] [MSwitch Direct OUTPUT] Source 0 → Encoder | Type: FREEZE-FRAME | Frame: P | Size: 2709 bytes | PTS: 2142000
[mswitchdirect @ 0x13db04310] [MSwitch Direct OUTPUT] Source 0 → Encoder | Type: FREEZE-FRAME | Frame: P | Size: 2709 bytes | PTS: 2145000
[mswitchdirect @ 0x13db04310] [MSwitch Direct OUTPUT] Source 0 → Encoder | Type: FREEZE-FRAME | Frame: P | Size: 2709 bytes | PTS: 2148000
[mswitchdirect @ 0x13db04310] [MSwitch Direct OUTPUT] Source 0 → Encoder | Type: FREEZE-FRAME | Frame: P | Size: 2709 bytes | PTS: 2151000
[mswitchdirect @ 0x13db04310] [MSwitch Direct OUTPUT] Source 0 → Encoder | Type: FREEZE-FRAME | Frame: P | Size: 2709 bytes | PTS: 2154000
[mswitchdirect @ 0x13db04310] [MSwitch Direct OUTPUT] Source 0 → Encoder | Type: FREEZE-FRAME | Frame: P | Size: 2709 bytes | PTS: 2157000
[mswitchdirect @ 0x13db04310] [MSwitch Direct OUTPUT] Source 0 → Encoder | Type: FREEZE-FRAME | Frame: P | Size: 2709 bytes | PTS: 2160000
[mswitchdirect @ 0x13db04310] [MSwitch Direct OUTPUT] Source 0 → Encoder | Type: FREEZE-FRAME | Frame: P | Size: 2709 bytes | PTS: 2163000
[mswitchdirect @ 0x13db04310] [MSwitch Direct OUTPUT] Source 0 → Encoder | Type: FREEZE-FRAME | Frame: P | Size: 2709 bytes | PTS: 2166000
[mswitchdirect @ 0x13db04310] [MSwitch Direct OUTPUT] Source 0 → Encoder | Type: FREEZE-FRAME | Frame: P | Size: 2709 bytes | PTS: 2169000
[mswitchdirect @ 0x13db04310] [MSwitch Direct OUTPUT] Source 0 → Encoder | Type: FREEZE-FRAME | Frame: P | Size: 2709 bytes | PTS: 2172000
[mswitchdirect @ 0x13db04310] [MSwitch Direct OUTPUT] Source 0 → Encoder | Type: FREEZE-FRAME | Frame: P | Size: 2709 bytes | PTS: 2175000
[mswitchdirect @ 0x13db04310] [MSwitch Direct OUTPUT] Source 0 → Encoder | Type: FREEZE-FRAME | Frame: P | Size: 2709 bytes | PTS: 2178000
[mswitchdirect @ 0x13db04310] [MSwitch Direct OUTPUT] Source 0 → Encoder | Type: FREEZE-FRAME | Frame: P | Size: 2709 bytes | PTS: 2181000
[mswitchdirect @ 0x13db04310] [MSwitch Direct OUTPUT] Source 0 → Encoder | Type: FREEZE-FRAME | Frame: P | Size: 2709 bytes | PTS: 2184000
[mswitchdirect @ 0x13db04310] [MSwitch Direct OUTPUT] Source 0 → Encoder | Type: FREEZE-FRAME | Frame: P | Size: 2709 bytes | PTS: 2187000
[mswitchdirect @ 0x13db04310] [MSwitch Direct OUTPUT] Source 0 → Encoder | Type: FREEZE-FRAME | Frame: P | Size: 2709 bytes | PTS: 2190000
[mswitchdirect @ 0x13db04310] [MSwitch Direct OUTPUT] Source 0 → Encoder | Type: FREEZE-FRAME | Frame: P | Size: 2709 bytes | PTS: 2193000
[mswitchdirect @ 0x13db04310] [MSwitch Direct OUTPUT] Source 0 → Encoder | Type: FREEZE-FRAME | Frame: P | Size: 2709 bytes | PTS: 2196000
[mswitchdirect @ 0x13db04310] [MSwitch Direct OUTPUT] Source 0 → Encoder | Type: FREEZE-FRAME | Frame: P | Size: 2709 bytes | PTS: 2199000
[mswitchdirect @ 0x13db04310] [MSwitch Direct OUTPUT] Source 0 → Encoder | Type: FREEZE-FRAME | Frame: P | Size: 2709 bytes | PTS: 2202000
[mswitchdirect @ 0x13db04310] [MSwitch Direct OUTPUT] Source 0 → Encoder | Type: FREEZE-FRAME | Frame: P | Size: 2709 bytes | PTS: 2205000
[mswitchdirect @ 0x13db04310] [MSwitch Direct OUTPUT] Source 0 → Encoder | Type: FREEZE-FRAME | Frame: P | Size: 2709 bytes | PTS: 2208000
[mswitchdirect @ 0x13db04310] [MSwitch Direct OUTPUT] Source 0 → Encoder | Type: FREEZE-FRAME | Frame: P | Size: 2709 bytes | PTS: 2211000
[mswitchdirect @ 0x13db04310] [MSwitch Direct OUTPUT] Source 0 → Encoder | Type: FREEZE-FRAME | Frame: P | Size: 2709 bytes | PTS: 2214000
[mswitchdirect @ 0x13db04310] [MSwitch Direct OUTPUT] Source 0 → Encoder | Type: FREEZE-FRAME | Frame: P | Size: 2709 bytes | PTS: 2217000
[mswitchdirect @ 0x13db04310] [MSwitch Direct OUTPUT] Source 0 → Encoder | Type: FREEZE-FRAME | Frame: P | Size: 2709 bytes | PTS: 2220000
[mswitchdirect @ 0x13db04310] [MSwitch Direct OUTPUT] Source 0 → Encoder | Type: FREEZE-FRAME | Frame: P | Size: 2709 bytes | PTS: 2223000
[mswitchdirect @ 0x13db04310] [MSwitch Direct OUTPUT] Source 0 → Encoder | Type: FREEZE-FRAME | Frame: P | Size: 2709 bytes | PTS: 2226000
[mswitchdirect @ 0x13db04310] [MSwitch Direct OUTPUT] Source 0 → Encoder | Type: FREEZE-FRAME | Frame: P | Size: 2709 bytes | PTS: 2229000
[mswitchdirect @ 0x13db04310] [MSwitch Direct OUTPUT] Source 0 → Encoder | Type: FREEZE-FRAME | Frame: P | Size: 2709 bytes | PTS: 2232000
[mswitchdirect @ 0x13db04310] [MSwitch Direct OUTPUT] Source 0 → Encoder | Type: FREEZE-FRAME | Frame: P | Size: 2709 bytes | PTS: 2235000
[mswitchdirect @ 0x13db04310] [MSwitch Direct OUTPUT] Source 0 → Encoder | Type: FREEZE-FRAME | Frame: P | Size: 2709 bytes | PTS: 2238000
[mswitchdirect @ 0x13db04310] [MSwitch Direct OUTPUT] Source 0 → Encoder | Type: FREEZE-FRAME | Frame: P | Size: 2709 bytes | PTS: 2241000
[mswitchdirect @ 0x13db04310] [MSwitch Direct OUTPUT] Source 0 → Encoder | Type: FREEZE-FRAME | Frame: P | Size: 2709 bytes | PTS: 2244000
[mswitchdirect @ 0x13db04310] [MSwitch Direct OUTPUT] Source 0 → Encoder | Type: FREEZE-FRAME | Frame: P | Size: 2709 bytes | PTS: 2247000
[mswitchdirect @ 0x13db04310] [MSwitch Direct OUTPUT] Source 0 → Encoder | Type: FREEZE-FRAME | Frame: P | Size: 2709 bytes | PTS: 2250000
[mswitchdirect @ 0x13db04310] [MSwitch Direct OUTPUT] Source 0 → Encoder | Type: FREEZE-FRAME | Frame: P | Size: 2709 bytes | PTS: 2253000
[mswitchdirect @ 0x13db04310] [MSwitch Direct OUTPUT] Source 0 → Encoder | Type: FREEZE-FRAME | Frame: P | Size: 2709 bytes | PTS: 2256000
[mswitchdirect @ 0x13db04310] [MSwitch Direct OUTPUT] Source 0 → Encoder | Type: FREEZE-FRAME | Frame: P | Size: 2709 bytes | PTS: 2259000
[mswitchdirect @ 0x13db04310] [MSwitch Direct OUTPUT] Source 0 → Encoder | Type: FREEZE-FRAME | Frame: P | Size: 2709 bytes | PTS: 2262000
[mswitchdirect @ 0x13db04310] [MSwitch Direct OUTPUT] Source 0 → Encoder | Type: FREEZE-FRAME | Frame: P | Size: 2709 bytes | PTS: 2265000
[mswitchdirect @ 0x13db04310] [MSwitch Direct OUTPUT] Source 0 → Encoder | Type: FREEZE-FRAME | Frame: P | Size: 2709 bytes | PTS: 2268000
[mswitchdirect @ 0x13db04310] [MSwitch Direct OUTPUT] Source 0 → Encoder | Type: FREEZE-FRAME | Frame: P | Size: 2709 bytes | PTS: 2271000
[mswitchdirect @ 0x13db04310] [MSwitch Direct OUTPUT] Source 0 → Encoder | Type: FREEZE-FRAME | Frame: P | Size: 2709 bytes | PTS: 2274000
[mswitchdirect @ 0x13db04310] [MSwitch Direct OUTPUT] Source 0 → Encoder | Type: FREEZE-FRAME | Frame: P | Size: 2709 bytes | PTS: 2277000
[mswitchdirect @ 0x13db04310] [MSwitch Direct OUTPUT] Source 0 → Encoder | Type: FREEZE-FRAME | Frame: P | Size: 2709 bytes | PTS: 2280000
[mswitchdirect @ 0x13db04310] [MSwitch Direct OUTPUT] Source 0 → Encoder | Type: FREEZE-FRAME | Frame: P | Size: 2709 bytes | PTS: 2283000
[mswitchdirect @ 0x13db04310] [MSwitch Direct OUTPUT] Source 0 → Encoder | Type: FREEZE-FRAME | Frame: P | Size: 2709 bytes | PTS: 2286000
[mswitchdirect @ 0x13db04310] [MSwitch Direct OUTPUT] Source 0 → Encoder | Type: FREEZE-FRAME | Frame: P | Size: 2709 bytes | PTS: 2289000
[mswitchdirect @ 0x13db04310] [MSwitch Direct OUTPUT] Source 0 → Encoder | Type: FREEZE-FRAME | Frame: P | Size: 2709 bytes | PTS: 2292000
[mswitchdirect @ 0x13db04310] [MSwitch Direct OUTPUT] Source 0 → Encoder | Type: FREEZE-FRAME | Frame: P | Size: 2709 bytes | PTS: 2295000
[mswitchdirect @ 0x13db04310] [MSwitch Direct OUTPUT] Source 0 → Encoder | Type: FREEZE-FRAME | Frame: P | Size: 2709 bytes | PTS: 2298000
[mswitchdirect @ 0x13db04310] [MSwitch Direct OUTPUT] Source 0 → Encoder | Type: FREEZE-FRAME | Frame: P | Size: 2709 bytes | PTS: 2301000
[mswitchdirect @ 0x13db04310] [MSwitch Direct OUTPUT] Source 0 → Encoder | Type: FREEZE-FRAME | Frame: P | Size: 2709 bytes | PTS: 2304000
[mswitchdirect @ 0x13db04310] [MSwitch Direct OUTPUT] Source 0 → Encoder | Type: FREEZE-FRAME | Frame: P | Size: 2709 bytes | PTS: 2307000
[mswitchdirect @ 0x13db04310] [MSwitch Direct OUTPUT] Source 0 → Encoder | Type: FREEZE-FRAME | Frame: P | Size: 2709 bytes | PTS: 2310000
[mswitchdirect @ 0x13db04310] [MSwitch Direct OUTPUT] Source 0 → Encoder | Type: FREEZE-FRAME | Frame: P | Size: 2709 bytes | PTS: 2313000
frame=  454 fps= 90 q=13.0 size=     899KiB time=00:00:15.30 bitrate= 481.4kbits/s speed=3.04x elapsed=0:00:05.04    [mswitchdirect @ 0x13db04310] [MSwitch Direct OUTPUT] Source 0 → Encoder | Type: FREEZE-FRAME | Frame: P | Size: 2709 bytes | PTS: 2316000
[mswitchdirect @ 0x13db04310] [MSwitch Direct OUTPUT] Source 0 → Encoder | Type: FREEZE-FRAME | Frame: P | Size: 2709 bytes | PTS: 2319000
[mswitchdirect @ 0x13db04310] [MSwitch Direct OUTPUT] Source 0 → Encoder | Type: FREEZE-FRAME | Frame: P | Size: 2709 bytes | PTS: 2322000
[mswitchdirect @ 0x13db04310] [MSwitch Direct OUTPUT] Source 0 → Encoder | Type: FREEZE-FRAME | Frame: P | Size: 2709 bytes | PTS: 2325000
[mswitchdirect @ 0x13db04310] [MSwitch Direct OUTPUT] Source 0 → Encoder | Type: FREEZE-FRAME | Frame: P | Size: 2709 bytes | PTS: 2328000
[mswitchdirect @ 0x13db04310] [MSwitch Direct OUTPUT] Source 0 → Encoder | Type: FREEZE-FRAME | Frame: P | Size: 2709 bytes | PTS: 2331000
[mswitchdirect @ 0x13db04310] [MSwitch Direct OUTPUT] Source 0 → Encoder | Type: FREEZE-FRAME | Frame: P | Size: 2709 bytes | PTS: 2334000
[mswitchdirect @ 0x13db04310] [MSwitch Direct OUTPUT] Source 0 → Encoder | Type: FREEZE-FRAME | Frame: P | Size: 2709 bytes | PTS: 2337000
[mswitchdirect @ 0x13db04310] [MSwitch Direct OUTPUT] Source 0 → Encoder | Type: FREEZE-FRAME | Frame: P | Size: 2709 bytes | PTS: 2340000
[mswitchdirect @ 0x13db04310] [MSwitch Direct OUTPUT] Source 0 → Encoder | Type: FREEZE-FRAME | Frame: P | Size: 2709 bytes | PTS: 2343000
[mswitchdirect @ 0x13db04310] [MSwitch Direct OUTPUT] Source 0 → Encoder | Type: FREEZE-FRAME | Frame: P | Size: 2709 bytes | PTS: 2346000
[mswitchdirect @ 0x13db04310] [MSwitch Direct OUTPUT] Source 0 → Encoder | Type: FREEZE-FRAME | Frame: P | Size: 2709 bytes | PTS: 2349000
[mswitchdirect @ 0x13db04310] [MSwitch Direct OUTPUT] Source 0 → Encoder | Type: FREEZE-FRAME | Frame: P | Size: 2709 bytes | PTS: 2352000
[mswitchdirect @ 0x13db04310] [MSwitch Direct OUTPUT] Source 0 → Encoder | Type: FREEZE-FRAME | Frame: P | Size: 2709 bytes | PTS: 2355000
[mswitchdirect @ 0x13db04310] [MSwitch Direct OUTPUT] Source 0 → Encoder | Type: FREEZE-FRAME | Frame: P | Size: 2709 bytes | PTS: 2358000
[mswitchdirect @ 0x13db04310] [MSwitch Direct OUTPUT] Source 0 → Encoder | Type: FREEZE-FRAME | Frame: P | Size: 2709 bytes | PTS: 2361000
[mswitchdirect @ 0x13db04310] [MSwitch Direct OUTPUT] Source 0 → Encoder | Type: FREEZE-FRAME | Frame: P | Size: 2709 bytes | PTS: 2364000
[mswitchdirect @ 0x13db04310] [MSwitch Direct OUTPUT] Source 0 → Encoder | Type: FREEZE-FRAME | Frame: P | Size: 2709 bytes | PTS: 2367000
[mswitchdirect @ 0x13db04310] [MSwitch Direct OUTPUT] Source 0 → Encoder | Type: FREEZE-FRAME | Frame: P | Size: 2709 bytes | PTS: 2370000
[mswitchdirect @ 0x13db04310] [MSwitch Direct OUTPUT] Source 0 → Encoder | Type: FREEZE-FRAME | Frame: P | Size: 2709 bytes | PTS: 2373000
[mswitchdirect @ 0x13db04310] [MSwitch Direct OUTPUT] Source 0 → Encoder | Type: FREEZE-FRAME | Frame: P | Size: 2709 bytes | PTS: 2376000
[mswitchdirect @ 0x13db04310] [MSwitch Direct OUTPUT] Source 0 → Encoder | Type: FREEZE-FRAME | Frame: P | Size: 2709 bytes | PTS: 2379000
[mswitchdirect @ 0x13db04310] [MSwitch Direct OUTPUT] Source 0 → Encoder | Type: FREEZE-FRAME | Frame: P | Size: 2709 bytes | PTS: 2382000
[mswitchdirect @ 0x13db04310] [MSwitch Direct OUTPUT] Source 0 → Encoder | Type: FREEZE-FRAME | Frame: P | Size: 2709 bytes | PTS: 2385000
[mswitchdirect @ 0x13db04310] [MSwitch Direct OUTPUT] Source 0 → Encoder | Type: FREEZE-FRAME | Frame: P | Size: 2709 bytes | PTS: 2388000
[mswitchdirect @ 0x13db04310] [MSwitch Direct OUTPUT] Source 0 → Encoder | Type: FREEZE-FRAME | Frame: P | Size: 2709 bytes | PTS: 2391000
[mswitchdirect @ 0x13db04310] [MSwitch Direct OUTPUT] Source 0 → Encoder | Type: FREEZE-FRAME | Frame: P | Size: 2709 bytes | PTS: 2394000
[mswitchdirect @ 0x13db04310] [MSwitch Direct OUTPUT] Source 0 → Encoder | Type: FREEZE-FRAME | Frame: P | Size: 2709 bytes | PTS: 2397000
[mswitchdirect @ 0x13db04310] [MSwitch Direct OUTPUT] Source 0 → Encoder | Type: FREEZE-FRAME | Frame: P | Size: 2709 bytes | PTS: 2400000
[mswitchdirect @ 0x13db04310] [MSwitch Direct OUTPUT] Source 0 → Encoder | Type: FREEZE-FRAME | Frame: P | Size: 2709 bytes | PTS: 2403000
[mswitchdirect @ 0x13db04310] [MSwitch Direct OUTPUT] Source 0 → Encoder | Type: FREEZE-FRAME | Frame: P | Size: 2709 bytes | PTS: 2406000
[mswitchdirect @ 0x13db04310] [MSwitch Direct OUTPUT] Source 0 → Encoder | Type: FREEZE-FRAME | Frame: P | Size: 2709 bytes | PTS: 2409000
[mswitchdirect @ 0x13db04310] [MSwitch Direct OUTPUT] Source 0 → Encoder | Type: FREEZE-FRAME | Frame: P | Size: 2709 bytes | PTS: 2412000
[mswitchdirect @ 0x13db04310] [MSwitch Direct OUTPUT] Source 0 → Encoder | Type: FREEZE-FRAME | Frame: P | Size: 2709 bytes | PTS: 2415000
[mswitchdirect @ 0x13db04310] [MSwitch Direct OUTPUT] Source 0 → Encoder | Type: FREEZE-FRAME | Frame: P | Size: 2709 bytes | PTS: 2418000
[mswitchdirect @ 0x13db04310] [MSwitch Direct OUTPUT] Source 0 → Encoder | Type: FREEZE-FRAME | Frame: P | Size: 2709 bytes | PTS: 2421000
[mswitchdirect @ 0x13db04310] [MSwitch Direct OUTPUT] Source 0 → Encoder | Type: FREEZE-FRAME | Frame: P | Size: 2709 bytes | PTS: 2424000
[mswitchdirect @ 0x13db04310] [MSwitch Direct OUTPUT] Source 0 → Encoder | Type: FREEZE-FRAME | Frame: P | Size: 2709 bytes | PTS: 2427000
[mswitchdirect @ 0x13db04310] [MSwitch Direct OUTPUT] Source 0 → Encoder | Type: FREEZE-FRAME | Frame: P | Size: 2709 bytes | PTS: 2430000
[mswitchdirect @ 0x13db04310] [MSwitch Direct OUTPUT] Source 0 → Encoder | Type: FREEZE-FRAME | Frame: P | Size: 2709 bytes | PTS: 2433000
[mswitchdirect @ 0x13db04310] [MSwitch Direct OUTPUT] Source 0 → Encoder | Type: FREEZE-FRAME | Frame: P | Size: 2709 bytes | PTS: 2436000
[mswitchdirect @ 0x13db04310] [MSwitch Direct OUTPUT] Source 0 → Encoder | Type: FREEZE-FRAME | Frame: P | Size: 2709 bytes | PTS: 2439000
[mswitchdirect @ 0x13db04310] [MSwitch Direct OUTPUT] Source 0 → Encoder | Type: FREEZE-FRAME | Frame: P | Size: 2709 bytes | PTS: 2442000
[mswitchdirect @ 0x13db04310] [MSwitch Direct OUTPUT] Source 0 → Encoder | Type: FREEZE-FRAME | Frame: P | Size: 2709 bytes | PTS: 2445000
[mswitchdirect @ 0x13db04310] [MSwitch Direct OUTPUT] Source 0 → Encoder | Type: FREEZE-FRAME | Frame: P | Size: 2709 bytes | PTS: 2448000
[mswitchdirect @ 0x13db04310] [MSwitch Direct OUTPUT] Source 0 → Encoder | Type: FREEZE-FRAME | Frame: P | Size: 2709 bytes | PTS: 2451000
[mswitchdirect @ 0x13db04310] [MSwitch Direct OUTPUT] Source 0 → Encoder | Type: FREEZE-FRAME | Frame: P | Size: 2709 bytes | PTS: 2454000
[mswitchdirect @ 0x13db04310] [MSwitch Direct OUTPUT] Source 0 → Encoder | Type: FREEZE-FRAME | Frame: P | Size: 2709 bytes | PTS: 2457000
[mswitchdirect @ 0x13db04310] [MSwitch Direct OUTPUT] Source 0 → Encoder | Type: FREEZE-FRAME | Frame: P | Size: 2709 bytes | PTS: 2460000
[mswitchdirect @ 0x13db04310] [MSwitch Direct OUTPUT] Source 0 → Encoder | Type: FREEZE-FRAME | Frame: P | Size: 2709 bytes | PTS: 2463000
[mswitchdirect @ 0x13db04310] [MSwitch Direct OUTPUT] Source 0 → Encoder | Type: FREEZE-FRAME | Frame: P | Size: 2709 bytes | PTS: 2466000
[mswitchdirect @ 0x13db04310] [MSwitch Direct OUTPUT] Source 0 → Encoder | Type: FREEZE-FRAME | Frame: P | Size: 2709 bytes | PTS: 2469000
[mswitchdirect @ 0x13db04310] [MSwitch Direct OUTPUT] Source 0 → Encoder | Type: FREEZE-FRAME | Frame: P | Size: 2709 bytes | PTS: 2472000
[mswitchdirect @ 0x13db04310] [MSwitch Direct OUTPUT] Source 0 → Encoder | Type: FREEZE-FRAME | Frame: P | Size: 2709 bytes | PTS: 2475000
[mswitchdirect @ 0x13db04310] [MSwitch Direct OUTPUT] Source 0 → Encoder | Type: FREEZE-FRAME | Frame: P | Size: 2709 bytes | PTS: 2478000
[mswitchdirect @ 0x13db04310] [MSwitch Direct OUTPUT] Source 0 → Encoder | Type: FREEZE-FRAME | Frame: P | Size: 2709 bytes | PTS: 2481000
[mswitchdirect @ 0x13db04310] [MSwitch Direct OUTPUT] Source 0 → Encoder | Type: FREEZE-FRAME | Frame: P | Size: 2709 bytes | PTS: 2484000
[mswitchdirect @ 0x13db04310] [MSwitch Direct OUTPUT] Source 0 → Encoder | Type: FREEZE-FRAME | Frame: P | Size: 2709 bytes | PTS: 2487000
[mswitchdirect @ 0x13db04310] [MSwitch Direct OUTPUT] Source 0 → Encoder | Type: FREEZE-FRAME | Frame: P | Size: 2709 bytes | PTS: 2490000
[mswitchdirect @ 0x13db04310] [MSwitch Direct OUTPUT] Source 0 → Encoder | Type: FREEZE-FRAME | Frame: P | Size: 2709 bytes | PTS: 2493000
[mswitchdirect @ 0x13db04310] [MSwitch Direct OUTPUT] Source 0 → Encoder | Type: FREEZE-FRAME | Frame: P | Size: 2709 bytes | PTS: 2496000
[mswitchdirect @ 0x13db04310] [MSwitch Direct OUTPUT] Source 0 → Encoder | Type: FREEZE-FRAME | Frame: P | Size: 2709 bytes | PTS: 2499000
[mswitchdirect @ 0x13db04310] [MSwitch Direct OUTPUT] Source 0 → Encoder | Type: FREEZE-FRAME | Frame: P | Size: 2709 bytes | PTS: 2502000
[mswitchdirect @ 0x13db04310] [MSwitch Direct OUTPUT] Source 0 → Encoder | Type: FREEZE-FRAME | Frame: P | Size: 2709 bytes | PTS: 2505000
[mswitchdirect @ 0x13db04310] [MSwitch Direct OUTPUT] Source 0 → Encoder | Type: FREEZE-FRAME | Frame: P | Size: 2709 bytes | PTS: 2508000
[mswitchdirect @ 0x13db04310] [MSwitch Direct OUTPUT] Source 0 → Encoder | Type: FREEZE-FRAME | Frame: P | Size: 2709 bytes | PTS: 2511000
[mswitchdirect @ 0x13db04310] [MSwitch Direct OUTPUT] Source 0 → Encoder | Type: FREEZE-FRAME | Frame: P | Size: 2709 bytes | PTS: 2514000
[mswitchdirect @ 0x13db04310] [MSwitch Direct OUTPUT] Source 0 → Encoder | Type: FREEZE-FRAME | Frame: P | Size: 2709 bytes | PTS: 2517000
[mswitchdirect @ 0x13db04310] [MSwitch Direct OUTPUT] Source 0 → Encoder | Type: FREEZE-FRAME | Frame: P | Size: 2709 bytes | PTS: 2520000
[mswitchdirect @ 0x13db04310] [MSwitch Direct OUTPUT] Source 0 → Encoder | Type: FREEZE-FRAME | Frame: P | Size: 2709 bytes | PTS: 2523000
[mswitchdirect @ 0x13db04310] [MSwitch Direct OUTPUT] Source 0 → Encoder | Type: FREEZE-FRAME | Frame: P | Size: 2709 bytes | PTS: 2526000
[mswitchdirect @ 0x13db04310] [MSwitch Direct OUTPUT] Source 0 → Encoder | Type: FREEZE-FRAME | Frame: P | Size: 2709 bytes | PTS: 2529000
[mswitchdirect @ 0x13db04310] [MSwitch Direct OUTPUT] Source 0 → Encoder | Type: FREEZE-FRAME | Frame: P | Size: 2709 bytes | PTS: 2532000
[mswitchdirect @ 0x13db04310] [MSwitch Direct OUTPUT] Source 0 → Encoder | Type: FREEZE-FRAME | Frame: P | Size: 2709 bytes | PTS: 2535000
[mswitchdirect @ 0x13db04310] [MSwitch Direct OUTPUT] Source 0 → Encoder | Type: FREEZE-FRAME | Frame: P | Size: 2709 bytes | PTS: 2538000
[mswitchdirect @ 0x13db04310] [MSwitch Direct OUTPUT] Source 0 → Encoder | Type: FREEZE-FRAME | Frame: P | Size: 2709 bytes | PTS: 2541000
[mswitchdirect @ 0x13db04310] [MSwitch Direct OUTPUT] Source 0 → Encoder | Type: FREEZE-FRAME | Frame: P | Size: 2709 bytes | PTS: 2544000
[mswitchdirect @ 0x13db04310] [MSwitch Direct OUTPUT] Source 0 → Encoder | Type: FREEZE-FRAME | Frame: P | Size: 2709 bytes | PTS: 2547000
[mswitchdirect @ 0x13db04310] [MSwitch Direct OUTPUT] Source 0 → Encoder | Type: FREEZE-FRAME | Frame: P | Size: 2709 bytes | PTS: 2550000
[mswitchdirect @ 0x13db04310] [MSwitch Direct OUTPUT] Source 0 → Encoder | Type: FREEZE-FRAME | Frame: P | Size: 2709 bytes | PTS: 2553000
[mswitchdirect @ 0x13db04310] [MSwitch Direct OUTPUT] Source 0 → Encoder | Type: FREEZE-FRAME | Frame: P | Size: 2709 bytes | PTS: 2556000
[mswitchdirect @ 0x13db04310] [MSwitch Direct OUTPUT] Source 0 → Encoder | Type: FREEZE-FRAME | Frame: P | Size: 2709 bytes | PTS: 2559000
[mswitchdirect @ 0x13db04310] [MSwitch Direct OUTPUT] Source 0 → Encoder | Type: FREEZE-FRAME | Frame: P | Size: 2709 bytes | PTS: 2562000
[mswitchdirect @ 0x13db04310] [MSwitch Direct OUTPUT] Source 0 → Encoder | Type: FREEZE-FRAME | Frame: P | Size: 2709 bytes | PTS: 2565000
[mswitchdirect @ 0x13db04310] [MSwitch Direct OUTPUT] Source 0 → Encoder | Type: FREEZE-FRAME | Frame: P | Size: 2709 bytes | PTS: 2568000
[mswitchdirect @ 0x13db04310] [MSwitch Direct OUTPUT] Source 0 → Encoder | Type: FREEZE-FRAME | Frame: P | Size: 2709 bytes | PTS: 2571000
[mswitchdirect @ 0x13db04310] [MSwitch Direct OUTPUT] Source 0 → Encoder | Type: FREEZE-FRAME | Frame: P | Size: 2709 bytes | PTS: 2574000
[mswitchdirect @ 0x13db04310] [MSwitch Direct OUTPUT] Source 0 → Encoder | Type: FREEZE-FRAME | Frame: P | Size: 2709 bytes | PTS: 2577000
[mswitchdirect @ 0x13db04310] [MSwitch Direct OUTPUT] Source 0 → Encoder | Type: FREEZE-FRAME | Frame: P | Size: 2709 bytes | PTS: 2580000
[mswitchdirect @ 0x13db04310] [MSwitch Direct OUTPUT] Source 0 → Encoder | Type: FREEZE-FRAME | Frame: P | Size: 2709 bytes | PTS: 2583000
[mswitchdirect @ 0x13db04310] [MSwitch Direct OUTPUT] Source 0 → Encoder | Type: FREEZE-FRAME | Frame: P | Size: 2709 bytes | PTS: 2586000
[mswitchdirect @ 0x13db04310] [MSwitch Direct OUTPUT] Source 0 → Encoder | Type: FREEZE-FRAME | Frame: P | Size: 2709 bytes | PTS: 2589000
[mswitchdirect @ 0x13db04310] [MSwitch Direct OUTPUT] Source 0 → Encoder | Type: FREEZE-FRAME | Frame: P | Size: 2709 bytes | PTS: 2592000
[mswitchdirect @ 0x13db04310] [MSwitch Direct OUTPUT] Source 0 → Encoder | Type: FREEZE-FRAME | Frame: P | Size: 2709 bytes | PTS: 2595000
[mswitchdirect @ 0x13db04310] [MSwitch Direct OUTPUT] Source 0 → Encoder | Type: FREEZE-FRAME | Frame: P | Size: 2709 bytes | PTS: 2598000
[mswitchdirect @ 0x13db04310] [MSwitch Direct OUTPUT] Source 0 → Encoder | Type: FREEZE-FRAME | Frame: P | Size: 2709 bytes | PTS: 2601000
[mswitchdirect @ 0x13db04310] [MSwitch Direct OUTPUT] Source 0 → Encoder | Type: FREEZE-FRAME | Frame: P | Size: 2709 bytes | PTS: 2604000
[mswitchdirect @ 0x13db04310] [MSwitch Direct OUTPUT] Source 0 → Encoder | Type: FREEZE-FRAME | Frame: P | Size: 2709 bytes | PTS: 2607000
[mswitchdirect @ 0x13db04310] [MSwitch Direct OUTPUT] Source 0 → Encoder | Type: FREEZE-FRAME | Frame: P | Size: 2709 bytes | PTS: 2610000
[mswitchdirect @ 0x13db04310] [MSwitch Direct OUTPUT] Source 0 → Encoder | Type: FREEZE-FRAME | Frame: P | Size: 2709 bytes | PTS: 2613000
[mswitchdirect @ 0x13db04310] [MSwitch Direct OUTPUT] Source 0 → Encoder | Type: FREEZE-FRAME | Frame: P | Size: 2709 bytes | PTS: 2616000
[mswitchdirect @ 0x13db04310] [MSwitch Direct OUTPUT] Source 0 → Encoder | Type: FREEZE-FRAME | Frame: P | Size: 2709 bytes | PTS: 2619000
[mswitchdirect @ 0x13db04310] [MSwitch Direct OUTPUT] Source 0 → Encoder | Type: FREEZE-FRAME | Frame: P | Size: 2709 bytes | PTS: 2622000
[mswitchdirect @ 0x13db04310] [MSwitch Direct OUTPUT] Source 0 → Encoder | Type: FREEZE-FRAME | Frame: P | Size: 2709 bytes | PTS: 2625000
[mswitchdirect @ 0x13db04310] [MSwitch Direct OUTPUT] Source 0 → Encoder | Type: FREEZE-FRAME | Frame: P | Size: 2709 bytes | PTS: 2628000
[mswitchdirect @ 0x13db04310] [MSwitch Direct OUTPUT] Source 0 → Encoder | Type: FREEZE-FRAME | Frame: P | Size: 2709 bytes | PTS: 2631000
[mswitchdirect @ 0x13db04310] [MSwitch Direct OUTPUT] Source 0 → Encoder | Type: FREEZE-FRAME | Frame: P | Size: 2709 bytes | PTS: 2634000
[mswitchdirect @ 0x13db04310] [MSwitch Direct OUTPUT] Source 0 → Encoder | Type: FREEZE-FRAME | Frame: P | Size: 2709 bytes | PTS: 2637000
[mswitchdirect @ 0x13db04310] [MSwitch Direct OUTPUT] Source 0 → Encoder | Type: FREEZE-FRAME | Frame: P | Size: 2709 bytes | PTS: 2640000
[mswitchdirect @ 0x13db04310] [MSwitch Direct OUTPUT] Source 0 → Encoder | Type: FREEZE-FRAME | Frame: P | Size: 2709 bytes | PTS: 2643000
[mswitchdirect @ 0x13db04310] [MSwitch Direct OUTPUT] Source 0 → Encoder | Type: FREEZE-FRAME | Frame: P | Size: 2709 bytes | PTS: 2646000
[mswitchdirect @ 0x13db04310] [MSwitch Direct OUTPUT] Source 0 → Encoder | Type: FREEZE-FRAME | Frame: P | Size: 2709 bytes | PTS: 2649000
[mswitchdirect @ 0x13db04310] [MSwitch Direct OUTPUT] Source 0 → Encoder | Type: FREEZE-FRAME | Frame: P | Size: 2709 bytes | PTS: 2652000
[mswitchdirect @ 0x13db04310] [MSwitch Direct OUTPUT] Source 0 → Encoder | Type: FREEZE-FRAME | Frame: P | Size: 2709 bytes | PTS: 2655000
[mswitchdirect @ 0x13db04310] [MSwitch Direct OUTPUT] Source 0 → Encoder | Type: FREEZE-FRAME | Frame: P | Size: 2709 bytes | PTS: 2658000
[mswitchdirect @ 0x13db04310] [MSwitch Direct OUTPUT] Source 0 → Encoder | Type: FREEZE-FRAME | Frame: P | Size: 2709 bytes | PTS: 2661000
[mswitchdirect @ 0x13db04310] [MSwitch Direct OUTPUT] Source 0 → Encoder | Type: FREEZE-FRAME | Frame: P | Size: 2709 bytes | PTS: 2664000
[mswitchdirect @ 0x13db04310] [MSwitch Direct OUTPUT] Source 0 → Encoder | Type: FREEZE-FRAME | Frame: P | Size: 2709 bytes | PTS: 2667000
[mswitchdirect @ 0x13db04310] [MSwitch Direct OUTPUT] Source 0 → Encoder | Type: FREEZE-FRAME | Frame: P | Size: 2709 bytes | PTS: 2670000
[mswitchdirect @ 0x13db04310] [MSwitch Direct OUTPUT] Source 0 → Encoder | Type: FREEZE-FRAME | Frame: P | Size: 2709 bytes | PTS: 2673000
[mswitchdirect @ 0x13db04310] [MSwitch Direct OUTPUT] Source 0 → Encoder | Type: FREEZE-FRAME | Frame: P | Size: 2709 bytes | PTS: 2676000
[mswitchdirect @ 0x13db04310] [MSwitch Direct OUTPUT] Source 0 → Encoder | Type: FREEZE-FRAME | Frame: P | Size: 2709 bytes | PTS: 2679000
[mswitchdirect @ 0x13db04310] [MSwitch Direct OUTPUT] Source 0 → Encoder | Type: FREEZE-FRAME | Frame: P | Size: 2709 bytes | PTS: 2682000
[mswitchdirect @ 0x13db04310] [MSwitch Direct OUTPUT] Source 0 → Encoder | Type: FREEZE-FRAME | Frame: P | Size: 2709 bytes | PTS: 2685000
[mswitchdirect @ 0x13db04310] [MSwitch Direct OUTPUT] Source 0 → Encoder | Type: FREEZE-FRAME | Frame: P | Size: 2709 bytes | PTS: 2688000
[mswitchdirect @ 0x13db04310] [MSwitch Direct OUTPUT] Source 0 → Encoder | Type: FREEZE-FRAME | Frame: P | Size: 2709 bytes | PTS: 2691000
[mswitchdirect @ 0x13db04310] [MSwitch Direct OUTPUT] Source 0 → Encoder | Type: FREEZE-FRAME | Frame: P | Size: 2709 bytes | PTS: 2694000
[mswitchdirect @ 0x13db04310] [MSwitch Direct OUTPUT] Source 0 → Encoder | Type: FREEZE-FRAME | Frame: P | Size: 2709 bytes | PTS: 2697000
[mswitchdirect @ 0x13db04310] [MSwitch Direct OUTPUT] Source 0 → Encoder | Type: FREEZE-FRAME | Frame: P | Size: 2709 bytes | PTS: 2700000
[mswitchdirect @ 0x13db04310] [MSwitch Direct OUTPUT] Source 0 → Encoder | Type: FREEZE-FRAME | Frame: P | Size: 2709 bytes | PTS: 2703000
[mswitchdirect @ 0x13db04310] [MSwitch Direct OUTPUT] Source 0 → Encoder | Type: FREEZE-FRAME | Frame: P | Size: 2709 bytes | PTS: 2706000
[mswitchdirect @ 0x13db04310] [MSwitch Direct OUTPUT] Source 0 → Encoder | Type: FREEZE-FRAME | Frame: P | Size: 2709 bytes | PTS: 2709000
[mswitchdirect @ 0x13db04310] [MSwitch Direct OUTPUT] Source 0 → Encoder | Type: FREEZE-FRAME | Frame: P | Size: 2709 bytes | PTS: 2712000
[mswitchdirect @ 0x13db04310] [MSwitch Direct OUTPUT] Source 0 → Encoder | Type: FREEZE-FRAME | Frame: P | Size: 2709 bytes | PTS: 2715000
[mswitchdirect @ 0x13db04310] [MSwitch Direct OUTPUT] Source 0 → Encoder | Type: FREEZE-FRAME | Frame: P | Size: 2709 bytes | PTS: 2718000
[mswitchdirect @ 0x13db04310] [MSwitch Direct OUTPUT] Source 0 → Encoder | Type: FREEZE-FRAME | Frame: P | Size: 2709 bytes | PTS: 2721000
[mswitchdirect @ 0x13db04310] [MSwitch Direct OUTPUT] Source 0 → Encoder | Type: FREEZE-FRAME | Frame: P | Size: 2709 bytes | PTS: 2724000
[mswitchdirect @ 0x13db04310] [MSwitch Direct OUTPUT] Source 0 → Encoder | Type: FREEZE-FRAME | Frame: P | Size: 2709 bytes | PTS: 2727000
[mswitchdirect @ 0x13db04310] [MSwitch Direct OUTPUT] Source 0 → Encoder | Type: FREEZE-FRAME | Frame: P | Size: 2709 bytes | PTS: 2730000
[mswitchdirect @ 0x13db04310] [MSwitch Direct OUTPUT] Source 0 → Encoder | Type: FREEZE-FRAME | Frame: P | Size: 2709 bytes | PTS: 2733000
[mswitchdirect @ 0x13db04310] [MSwitch Direct OUTPUT] Source 0 → Encoder | Type: FREEZE-FRAME | Frame: P | Size: 2709 bytes | PTS: 2736000
[mswitchdirect @ 0x13db04310] [MSwitch Direct OUTPUT] Source 0 → Encoder | Type: FREEZE-FRAME | Frame: P | Size: 2709 bytes | PTS: 2739000
[mswitchdirect @ 0x13db04310] [MSwitch Direct OUTPUT] Source 0 → Encoder | Type: FREEZE-FRAME | Frame: P | Size: 2709 bytes | PTS: 2742000
[mswitchdirect @ 0x13db04310] [MSwitch Direct OUTPUT] Source 0 → Encoder | Type: FREEZE-FRAME | Frame: P | Size: 2709 bytes | PTS: 2745000
[mswitchdirect @ 0x13db04310] [MSwitch Direct OUTPUT] Source 0 → Encoder | Type: FREEZE-FRAME | Frame: P | Size: 2709 bytes | PTS: 2748000
[mswitchdirect @ 0x13db04310] [MSwitch Direct OUTPUT] Source 0 → Encoder | Type: FREEZE-FRAME | Frame: P | Size: 2709 bytes | PTS: 2751000
[mswitchdirect @ 0x13db04310] [MSwitch Direct OUTPUT] Source 0 → Encoder | Type: FREEZE-FRAME | Frame: P | Size: 2709 bytes | PTS: 2754000
[mswitchdirect @ 0x13db04310] [MSwitch Direct OUTPUT] Source 0 → Encoder | Type: FREEZE-FRAME | Frame: P | Size: 2709 bytes | PTS: 2757000
[mswitchdirect @ 0x13db04310] [MSwitch Direct OUTPUT] Source 0 → Encoder | Type: FREEZE-FRAME | Frame: P | Size: 2709 bytes | PTS: 2760000
[mswitchdirect @ 0x13db04310] [MSwitch Direct OUTPUT] Source 0 → Encoder | Type: FREEZE-FRAME | Frame: P | Size: 2709 bytes | PTS: 2763000
[mswitchdirect @ 0x13db04310] [MSwitch Direct OUTPUT] Source 0 → Encoder | Type: FREEZE-FRAME | Frame: P | Size: 2709 bytes | PTS: 2766000
[mswitchdirect @ 0x13db04310] [MSwitch Direct OUTPUT] Source 0 → Encoder | Type: FREEZE-FRAME | Frame: P | Size: 2709 bytes | PTS: 2769000
[mswitchdirect @ 0x13db04310] [MSwitch Direct OUTPUT] Source 0 → Encoder | Type: FREEZE-FRAME | Frame: P | Size: 2709 bytes | PTS: 2772000
[mswitchdirect @ 0x13db04310] [MSwitch Direct OUTPUT] Source 0 → Encoder | Type: FREEZE-FRAME | Frame: P | Size: 2709 bytes | PTS: 2775000
[mswitchdirect @ 0x13db04310] [MSwitch Direct OUTPUT] Source 0 → Encoder | Type: FREEZE-FRAME | Frame: P | Size: 2709 bytes | PTS: 2778000
[mswitchdirect @ 0x13db04310] [MSwitch Direct OUTPUT] Source 0 → Encoder | Type: FREEZE-FRAME | Frame: P | Size: 2709 bytes | PTS: 2781000
[mswitchdirect @ 0x13db04310] [MSwitch Direct OUTPUT] Source 0 → Encoder | Type: FREEZE-FRAME | Frame: P | Size: 2709 bytes | PTS: 2784000
[mswitchdirect @ 0x13db04310] [MSwitch Direct OUTPUT] Source 0 → Encoder | Type: FREEZE-FRAME | Frame: P | Size: 2709 bytes | PTS: 2787000
[mswitchdirect @ 0x13db04310] [MSwitch Direct OUTPUT] Source 0 → Encoder | Type: FREEZE-FRAME | Frame: P | Size: 2709 bytes | PTS: 2790000
[mswitchdirect @ 0x13db04310] [MSwitch Direct OUTPUT] Source 0 → Encoder | Type: FREEZE-FRAME | Frame: P | Size: 2709 bytes | PTS: 2793000
[mswitchdirect @ 0x13db04310] [MSwitch Direct OUTPUT] Source 0 → Encoder | Type: FREEZE-FRAME | Frame: P | Size: 2709 bytes | PTS: 2796000
[mswitchdirect @ 0x13db04310] [MSwitch Direct OUTPUT] Source 0 → Encoder | Type: FREEZE-FRAME | Frame: P | Size: 2709 bytes | PTS: 2799000
[mswitchdirect @ 0x13db04310] [MSwitch Direct OUTPUT] Source 0 → Encoder | Type: FREEZE-FRAME | Frame: P | Size: 2709 bytes | PTS: 2802000
[mswitchdirect @ 0x13db04310] [MSwitch Direct OUTPUT] Source 0 → Encoder | Type: FREEZE-FRAME | Frame: P | Size: 2709 bytes | PTS: 2805000
[mswitchdirect @ 0x13db04310] [MSwitch Direct OUTPUT] Source 0 → Encoder | Type: FREEZE-FRAME | Frame: P | Size: 2709 bytes | PTS: 2808000
[mswitchdirect @ 0x13db04310] [MSwitch Direct OUTPUT] Source 0 → Encoder | Type: FREEZE-FRAME | Frame: P | Size: 2709 bytes | PTS: 2811000
[mswitchdirect @ 0x13db04310] [MSwitch Direct OUTPUT] Source 0 → Encoder | Type: FREEZE-FRAME | Frame: P | Size: 2709 bytes | PTS: 2814000
[mswitchdirect @ 0x13db04310] [MSwitch Direct OUTPUT] Source 0 → Encoder | Type: FREEZE-FRAME | Frame: P | Size: 2709 bytes | PTS: 2817000
[mswitchdirect @ 0x13db04310] [MSwitch Direct OUTPUT] Source 0 → Encoder | Type: FREEZE-FRAME | Frame: P | Size: 2709 bytes | PTS: 2820000
[mswitchdirect @ 0x13db04310] [MSwitch Direct OUTPUT] Source 0 → Encoder | Type: FREEZE-FRAME | Frame: P | Size: 2709 bytes | PTS: 2823000
[mswitchdirect @ 0x13db04310] [MSwitch Direct OUTPUT] Source 0 → Encoder | Type: FREEZE-FRAME | Frame: P | Size: 2709 bytes | PTS: 2826000
[mswitchdirect @ 0x13db04310] [MSwitch Direct OUTPUT] Source 0 → Encoder | Type: FREEZE-FRAME | Frame: P | Size: 2709 bytes | PTS: 2829000
[mswitchdirect @ 0x13db04310] [MSwitch Direct OUTPUT] Source 0 → Encoder | Type: FREEZE-FRAME | Frame: P | Size: 2709 bytes | PTS: 2832000
[mswitchdirect @ 0x13db04310] [MSwitch Direct OUTPUT] Source 0 → Encoder | Type: FREEZE-FRAME | Frame: P | Size: 2709 bytes | PTS: 2835000
[mswitchdirect @ 0x13db04310] [MSwitch Direct OUTPUT] Source 0 → Encoder | Type: FREEZE-FRAME | Frame: P | Size: 2709 bytes | PTS: 2838000
[mswitchdirect @ 0x13db04310] [MSwitch Direct OUTPUT] Source 0 → Encoder | Type: FREEZE-FRAME | Frame: P | Size: 2709 bytes | PTS: 2841000
[mswitchdirect @ 0x13db04310] [MSwitch Direct OUTPUT] Source 0 → Encoder | Type: FREEZE-FRAME | Frame: P | Size: 2709 bytes | PTS: 2844000
[mswitchdirect @ 0x13db04310] [MSwitch Direct OUTPUT] Source 0 → Encoder | Type: FREEZE-FRAME | Frame: P | Size: 2709 bytes | PTS: 2847000
[mswitchdirect @ 0x13db04310] [MSwitch Direct OUTPUT] Source 0 → Encoder | Type: FREEZE-FRAME | Frame: P | Size: 2709 bytes | PTS: 2850000
[mswitchdirect @ 0x13db04310] [MSwitch Direct OUTPUT] Source 0 → Encoder | Type: FREEZE-FRAME | Frame: P | Size: 2709 bytes | PTS: 2853000
[mswitchdirect @ 0x13db04310] [MSwitch Direct OUTPUT] Source 0 → Encoder | Type: FREEZE-FRAME | Frame: P | Size: 2709 bytes | PTS: 2856000
[mswitchdirect @ 0x13db04310] [MSwitch Direct OUTPUT] Source 0 → Encoder | Type: FREEZE-FRAME | Frame: P | Size: 2709 bytes | PTS: 2859000
[mswitchdirect @ 0x13db04310] [MSwitch Direct OUTPUT] Source 0 → Encoder | Type: FREEZE-FRAME | Frame: P | Size: 2709 bytes | PTS: 2862000
[mswitchdirect @ 0x13db04310] [MSwitch Direct OUTPUT] Source 0 → Encoder | Type: FREEZE-FRAME | Frame: P | Size: 2709 bytes | PTS: 2865000
[mswitchdirect @ 0x13db04310] [MSwitch Direct OUTPUT] Source 0 → Encoder | Type: FREEZE-FRAME | Frame: P | Size: 2709 bytes | PTS: 2868000
[mswitchdirect @ 0x13db04310] [MSwitch Direct OUTPUT] Source 0 → Encoder | Type: FREEZE-FRAME | Frame: P | Size: 2709 bytes | PTS: 2871000
[mswitchdirect @ 0x13db04310] [MSwitch Direct OUTPUT] Source 0 → Encoder | Type: FREEZE-FRAME | Frame: P | Size: 2709 bytes | PTS: 2874000
[mswitchdirect @ 0x13db04310] [MSwitch Direct OUTPUT] Source 0 → Encoder | Type: FREEZE-FRAME | Frame: P | Size: 2709 bytes | PTS: 2877000
[mswitchdirect @ 0x13db04310] [MSwitch Direct OUTPUT] Source 0 → Encoder | Type: FREEZE-FRAME | Frame: P | Size: 2709 bytes | PTS: 2880000
[mswitchdirect @ 0x13db04310] [MSwitch Direct OUTPUT] Source 0 → Encoder | Type: FREEZE-FRAME | Frame: P | Size: 2709 bytes | PTS: 2883000
[mswitchdirect @ 0x13db04310] [MSwitch Direct OUTPUT] Source 0 → Encoder | Type: FREEZE-FRAME | Frame: P | Size: 2709 bytes | PTS: 2886000
[mswitchdirect @ 0x13db04310] [MSwitch Direct OUTPUT] Source 0 → Encoder | Type: FREEZE-FRAME | Frame: P | Size: 2709 bytes | PTS: 2889000
[mswitchdirect @ 0x13db04310] [MSwitch Direct OUTPUT] Source 0 → Encoder | Type: FREEZE-FRAME | Frame: P | Size: 2709 bytes | PTS: 2892000
[mswitchdirect @ 0x13db04310] [MSwitch Direct OUTPUT] Source 0 → Encoder | Type: FREEZE-FRAME | Frame: P | Size: 2709 bytes | PTS: 2895000
[mswitchdirect @ 0x13db04310] [MSwitch Direct OUTPUT] Source 0 → Encoder | Type: FREEZE-FRAME | Frame: P | Size: 2709 bytes | PTS: 2898000
[mswitchdirect @ 0x13db04310] [MSwitch Direct OUTPUT] Source 0 → Encoder | Type: FREEZE-FRAME | Frame: P | Size: 2709 bytes | PTS: 2901000
[mswitchdirect @ 0x13db04310] [MSwitch Direct OUTPUT] Source 0 → Encoder | Type: FREEZE-FRAME | Frame: P | Size: 2709 bytes | PTS: 2904000
[mswitchdirect @ 0x13db04310] [MSwitch Direct OUTPUT] Source 0 → Encoder | Type: FREEZE-FRAME | Frame: P | Size: 2709 bytes | PTS: 2907000
[mswitchdirect @ 0x13db04310] [MSwitch Direct OUTPUT] Source 0 → Encoder | Type: FREEZE-FRAME | Frame: P | Size: 2709 bytes | PTS: 2910000
[mswitchdirect @ 0x13db04310] [MSwitch Direct OUTPUT] Source 0 → Encoder | Type: FREEZE-FRAME | Frame: P | Size: 2709 bytes | PTS: 2913000
[mswitchdirect @ 0x13db04310] [MSwitch Direct OUTPUT] Source 0 → Encoder | Type: FREEZE-FRAME | Frame: P | Size: 2709 bytes | PTS: 2916000
[mswitchdirect @ 0x13db04310] [MSwitch Direct OUTPUT] Source 0 → Encoder | Type: FREEZE-FRAME | Frame: P | Size: 2709 bytes | PTS: 2919000
[mswitchdirect @ 0x13db04310] [MSwitch Direct OUTPUT] Source 0 → Encoder | Type: FREEZE-FRAME | Frame: P | Size: 2709 bytes | PTS: 2922000
[mswitchdirect @ 0x13db04310] [MSwitch Direct OUTPUT] Source 0 → Encoder | Type: FREEZE-FRAME | Frame: P | Size: 2709 bytes | PTS: 2925000
[mswitchdirect @ 0x13db04310] [MSwitch Direct OUTPUT] Source 0 → Encoder | Type: FREEZE-FRAME | Frame: P | Size: 2709 bytes | PTS: 2928000
[mswitchdirect @ 0x13db04310] [MSwitch Direct OUTPUT] Source 0 → Encoder | Type: FREEZE-FRAME | Frame: P | Size: 2709 bytes | PTS: 2931000
[mswitchdirect @ 0x13db04310] [MSwitch Direct OUTPUT] Source 0 → Encoder | Type: FREEZE-FRAME | Frame: P | Size: 2709 bytes | PTS: 2934000
[mswitchdirect @ 0x13db04310] [MSwitch Direct OUTPUT] Source 0 → Encoder | Type: FREEZE-FRAME | Frame: P | Size: 2709 bytes | PTS: 2937000
[mswitchdirect @ 0x13db04310] [MSwitch Direct OUTPUT] Source 0 → Encoder | Type: FREEZE-FRAME | Frame: P | Size: 2709 bytes | PTS: 2940000
[mswitchdirect @ 0x13db04310] [MSwitch Direct OUTPUT] Source 0 → Encoder | Type: FREEZE-FRAME | Frame: P | Size: 2709 bytes | PTS: 2943000
[mswitchdirect @ 0x13db04310] [MSwitch Direct OUTPUT] Source 0 → Encoder | Type: FREEZE-FRAME | Frame: P | Size: 2709 bytes | PTS: 2946000
[mswitchdirect @ 0x13db04310] [MSwitch Direct OUTPUT] Source 0 → Encoder | Type: FREEZE-FRAME | Frame: P | Size: 2709 bytes | PTS: 2949000
[mswitchdirect @ 0x13db04310] [MSwitch Direct OUTPUT] Source 0 → Encoder | Type: FREEZE-FRAME | Frame: P | Size: 2709 bytes | PTS: 2952000
[mswitchdirect @ 0x13db04310] [MSwitch Direct OUTPUT] Source 0 → Encoder | Type: FREEZE-FRAME | Frame: P | Size: 2709 bytes | PTS: 2955000
[mswitchdirect @ 0x13db04310] [MSwitch Direct OUTPUT] Source 0 → Encoder | Type: FREEZE-FRAME | Frame: P | Size: 2709 bytes | PTS: 2958000
[mswitchdirect @ 0x13db04310] [MSwitch Direct OUTPUT] Source 0 → Encoder | Type: FREEZE-FRAME | Frame: P | Size: 2709 bytes | PTS: 2961000
[mswitchdirect @ 0x13db04310] [MSwitch Direct OUTPUT] Source 0 → Encoder | Type: FREEZE-FRAME | Frame: P | Size: 2709 bytes | PTS: 2964000
[mswitchdirect @ 0x13db04310] [MSwitch Direct OUTPUT] Source 0 → Encoder | Type: FREEZE-FRAME | Frame: P | Size: 2709 bytes | PTS: 2967000
[mswitchdirect @ 0x13db04310] [MSwitch Direct OUTPUT] Source 0 → Encoder | Type: FREEZE-FRAME | Frame: P | Size: 2709 bytes | PTS: 2970000
[mswitchdirect @ 0x13db04310] [MSwitch Direct OUTPUT] Source 0 → Encoder | Type: FREEZE-FRAME | Frame: P | Size: 2709 bytes | PTS: 2973000
[mswitchdirect @ 0x13db04310] [MSwitch Direct OUTPUT] Source 0 → Encoder | Type: FREEZE-FRAME | Frame: P | Size: 2709 bytes | PTS: 2976000
[mswitchdirect @ 0x13db04310] [MSwitch Direct OUTPUT] Source 0 → Encoder | Type: FREEZE-FRAME | Frame: P | Size: 2709 bytes | PTS: 2979000
[mswitchdirect @ 0x13db04310] [MSwitch Direct OUTPUT] Source 0 → Encoder | Type: FREEZE-FRAME | Frame: P | Size: 2709 bytes | PTS: 2982000
[mswitchdirect @ 0x13db04310] [MSwitch Direct OUTPUT] Source 0 → Encoder | Type: FREEZE-FRAME | Frame: P | Size: 2709 bytes | PTS: 2985000
[mswitchdirect @ 0x13db04310] [MSwitch Direct OUTPUT] Source 0 → Encoder | Type: FREEZE-FRAME | Frame: P | Size: 2709 bytes | PTS: 2988000
[mswitchdirect @ 0x13db04310] [MSwitch Direct OUTPUT] Source 0 → Encoder | Type: FREEZE-FRAME | Frame: P | Size: 2709 bytes | PTS: 2991000
[mswitchdirect @ 0x13db04310] [MSwitch Direct OUTPUT] Source 0 → Encoder | Type: FREEZE-FRAME | Frame: P | Size: 2709 bytes | PTS: 2994000
[mswitchdirect @ 0x13db04310] [MSwitch Direct OUTPUT] Source 0 → Encoder | Type: FREEZE-FRAME | Frame: P | Size: 2709 bytes | PTS: 2997000
[mswitchdirect @ 0x13db04310] [MSwitch Direct OUTPUT] Source 0 → Encoder | Type: FREEZE-FRAME | Frame: P | Size: 2709 bytes | PTS: 3000000
[mswitchdirect @ 0x13db04310] [MSwitch Direct OUTPUT] Source 0 → Encoder | Type: FREEZE-FRAME | Frame: P | Size: 2709 bytes | PTS: 3003000
[mswitchdirect @ 0x13db04310] [MSwitch Direct OUTPUT] Source 0 → Encoder | Type: FREEZE-FRAME | Frame: P | Size: 2709 bytes | PTS: 3006000
[mswitchdirect @ 0x13db04310] [MSwitch Direct OUTPUT] Source 0 → Encoder | Type: FREEZE-FRAME | Frame: P | Size: 2709 bytes | PTS: 3009000
[mswitchdirect @ 0x13db04310] [MSwitch Direct OUTPUT] Source 0 → Encoder | Type: FREEZE-FRAME | Frame: P | Size: 2709 bytes | PTS: 3012000
[mswitchdirect @ 0x13db04310] [MSwitch Direct OUTPUT] Source 0 → Encoder | Type: FREEZE-FRAME | Frame: P | Size: 2709 bytes | PTS: 3015000
[mswitchdirect @ 0x13db04310] [MSwitch Direct OUTPUT] Source 0 → Encoder | Type: FREEZE-FRAME | Frame: P | Size: 2709 bytes | PTS: 3018000
[mswitchdirect @ 0x13db04310] [MSwitch Direct OUTPUT] Source 0 → Encoder | Type: FREEZE-FRAME | Frame: P | Size: 2709 bytes | PTS: 3021000
[mswitchdirect @ 0x13db04310] [MSwitch Direct OUTPUT] Source 0 → Encoder | Type: FREEZE-FRAME | Frame: P | Size: 2709 bytes | PTS: 3024000
[mswitchdirect @ 0x13db04310] [MSwitch Direct OUTPUT] Source 0 → Encoder | Type: FREEZE-FRAME | Frame: P | Size: 2709 bytes | PTS: 3027000
[mswitchdirect @ 0x13db04310] [MSwitch Direct OUTPUT] Source 0 → Encoder | Type: FREEZE-FRAME | Frame: P | Size: 2709 bytes | PTS: 3030000
[mswitchdirect @ 0x13db04310] [MSwitch Direct OUTPUT] Source 0 → Encoder | Type: FREEZE-FRAME | Frame: P | Size: 2709 bytes | PTS: 3033000
[mswitchdirect @ 0x13db04310] [MSwitch Direct OUTPUT] Source 0 → Encoder | Type: FREEZE-FRAME | Frame: P | Size: 2709 bytes | PTS: 3036000
[mswitchdirect @ 0x13db04310] [MSwitch Direct OUTPUT] Source 0 → Encoder | Type: FREEZE-FRAME | Frame: P | Size: 2709 bytes | PTS: 3039000
[mswitchdirect @ 0x13db04310] [MSwitch Direct OUTPUT] Source 0 → Encoder | Type: FREEZE-FRAME | Frame: P | Size: 2709 bytes | PTS: 3042000
[mswitchdirect @ 0x13db04310] [MSwitch Direct OUTPUT] Source 0 → Encoder | Type: FREEZE-FRAME | Frame: P | Size: 2709 bytes | PTS: 3045000
[mswitchdirect @ 0x13db04310] [MSwitch Direct OUTPUT] Source 0 → Encoder | Type: FREEZE-FRAME | Frame: P | Size: 2709 bytes | PTS: 3048000
[mswitchdirect @ 0x13db04310] [MSwitch Direct OUTPUT] Source 0 → Encoder | Type: FREEZE-FRAME | Frame: P | Size: 2709 bytes | PTS: 3051000
[mswitchdirect @ 0x13db04310] [MSwitch Direct OUTPUT] Source 0 → Encoder | Type: FREEZE-FRAME | Frame: P | Size: 2709 bytes | PTS: 3054000
[mswitchdirect @ 0x13db04310] [MSwitch Direct OUTPUT] Source 0 → Encoder | Type: FREEZE-FRAME | Frame: P | Size: 2709 bytes | PTS: 3057000
[mswitchdirect @ 0x13db04310] [MSwitch Direct OUTPUT] Source 0 → Encoder | Type: FREEZE-FRAME | Frame: P | Size: 2709 bytes | PTS: 3060000
[mswitchdirect @ 0x13db04310] [MSwitch Direct OUTPUT] Source 0 → Encoder | Type: FREEZE-FRAME | Frame: P | Size: 2709 bytes | PTS: 3063000
[mswitchdirect @ 0x13db04310] [MSwitch Direct OUTPUT] Source 0 → Encoder | Type: FREEZE-FRAME | Frame: P | Size: 2709 bytes | PTS: 3066000
[mswitchdirect @ 0x13db04310] [MSwitch Direct OUTPUT] Source 0 → Encoder | Type: FREEZE-FRAME | Frame: P | Size: 2709 bytes | PTS: 3069000
[mswitchdirect @ 0x13db04310] [MSwitch Direct OUTPUT] Source 0 → Encoder | Type: FREEZE-FRAME | Frame: P | Size: 2709 bytes | PTS: 3072000
[mswitchdirect @ 0x13db04310] [MSwitch Direct OUTPUT] Source 0 → Encoder | Type: FREEZE-FRAME | Frame: P | Size: 2709 bytes | PTS: 3075000
[mswitchdirect @ 0x13db04310] [MSwitch Direct OUTPUT] Source 0 → Encoder | Type: FREEZE-FRAME | Frame: P | Size: 2709 bytes | PTS: 3078000
[mswitchdirect @ 0x13db04310] [MSwitch Direct OUTPUT] Source 0 → Encoder | Type: FREEZE-FRAME | Frame: P | Size: 2709 bytes | PTS: 3081000
[mswitchdirect @ 0x13db04310] [MSwitch Direct OUTPUT] Source 0 → Encoder | Type: FREEZE-FRAME | Frame: P | Size: 2709 bytes | PTS: 3084000
[mswitchdirect @ 0x13db04310] [MSwitch Direct OUTPUT] Source 0 → Encoder | Type: FREEZE-FRAME | Frame: P | Size: 2709 bytes | PTS: 3087000
[mswitchdirect @ 0x13db04310] [MSwitch Direct OUTPUT] Source 0 → Encoder | Type: FREEZE-FRAME | Frame: P | Size: 2709 bytes | PTS: 3090000
[mswitchdirect @ 0x13db04310] [MSwitch Direct OUTPUT] Source 0 → Encoder | Type: FREEZE-FRAME | Frame: P | Size: 2709 bytes | PTS: 3093000
[mswitchdirect @ 0x13db04310] [MSwitch Direct OUTPUT] Source 0 → Encoder | Type: FREEZE-FRAME | Frame: P | Size: 2709 bytes | PTS: 3096000
[mswitchdirect @ 0x13db04310] [MSwitch Direct OUTPUT] Source 0 → Encoder | Type: FREEZE-FRAME | Frame: P | Size: 2709 bytes | PTS: 3099000
[mswitchdirect @ 0x13db04310] [MSwitch Direct OUTPUT] Source 0 → Encoder | Type: FREEZE-FRAME | Frame: P | Size: 2709 bytes | PTS: 3102000
[mswitchdirect @ 0x13db04310] [MSwitch Direct OUTPUT] Source 0 → Encoder | Type: FREEZE-FRAME | Frame: P | Size: 2709 bytes | PTS: 3105000
[mswitchdirect @ 0x13db04310] [MSwitch Direct OUTPUT] Source 0 → Encoder | Type: FREEZE-FRAME | Frame: P | Size: 2709 bytes | PTS: 3108000
[mswitchdirect @ 0x13db04310] [MSwitch Direct OUTPUT] Source 0 → Encoder | Type: FREEZE-FRAME | Frame: P | Size: 2709 bytes | PTS: 3111000
[mswitchdirect @ 0x13db04310] [MSwitch Direct OUTPUT] Source 0 → Encoder | Type: FREEZE-FRAME | Frame: P | Size: 2709 bytes | PTS: 3114000
[mswitchdirect @ 0x13db04310] [MSwitch Direct OUTPUT] Source 0 → Encoder | Type: FREEZE-FRAME | Frame: P | Size: 2709 bytes | PTS: 3117000
[mswitchdirect @ 0x13db04310] [MSwitch Direct OUTPUT] Source 0 → Encoder | Type: FREEZE-FRAME | Frame: P | Size: 2709 bytes | PTS: 3120000
[mswitchdirect @ 0x13db04310] [MSwitch Direct OUTPUT] Source 0 → Encoder | Type: FREEZE-FRAME | Frame: P | Size: 2709 bytes | PTS: 3123000
[mswitchdirect @ 0x13db04310] [MSwitch Direct OUTPUT] Source 0 → Encoder | Type: FREEZE-FRAME | Frame: P | Size: 2709 bytes | PTS: 3126000
[mswitchdirect @ 0x13db04310] [MSwitch Direct OUTPUT] Source 0 → Encoder | Type: FREEZE-FRAME | Frame: P | Size: 2709 bytes | PTS: 3129000
[mswitchdirect @ 0x13db04310] [MSwitch Direct OUTPUT] Source 0 → Encoder | Type: FREEZE-FRAME | Frame: P | Size: 2709 bytes | PTS: 3132000
[mswitchdirect @ 0x13db04310] [MSwitch Direct OUTPUT] Source 0 → Encoder | Type: FREEZE-FRAME | Frame: P | Size: 2709 bytes | PTS: 3135000
[mswitchdirect @ 0x13db04310] [MSwitch Direct OUTPUT] Source 0 → Encoder | Type: FREEZE-FRAME | Frame: P | Size: 2709 bytes | PTS: 3138000
[mswitchdirect @ 0x13db04310] [MSwitch Direct OUTPUT] Source 0 → Encoder | Type: FREEZE-FRAME | Frame: P | Size: 2709 bytes | PTS: 3141000
[mswitchdirect @ 0x13db04310] [MSwitch Direct OUTPUT] Source 0 → Encoder | Type: FREEZE-FRAME | Frame: P | Size: 2709 bytes | PTS: 3144000
[mswitchdirect @ 0x13db04310] [MSwitch Direct OUTPUT] Source 0 → Encoder | Type: FREEZE-FRAME | Frame: P | Size: 2709 bytes | PTS: 3147000
[mswitchdirect @ 0x13db04310] [MSwitch Direct OUTPUT] Source 0 → Encoder | Type: FREEZE-FRAME | Frame: P | Size: 2709 bytes | PTS: 3150000
[mswitchdirect @ 0x13db04310] [MSwitch Direct OUTPUT] Source 0 → Encoder | Type: FREEZE-FRAME | Frame: P | Size: 2709 bytes | PTS: 3153000
[mswitchdirect @ 0x13db04310] [MSwitch Direct OUTPUT] Source 0 → Encoder | Type: FREEZE-FRAME | Frame: P | Size: 2709 bytes | PTS: 3156000
[mswitchdirect @ 0x13db04310] [MSwitch Direct OUTPUT] Source 0 → Encoder | Type: FREEZE-FRAME | Frame: P | Size: 2709 bytes | PTS: 3159000
[mswitchdirect @ 0x13db04310] [MSwitch Direct OUTPUT] Source 0 → Encoder | Type: FREEZE-FRAME | Frame: P | Size: 2709 bytes | PTS: 3162000
[mswitchdirect @ 0x13db04310] [MSwitch Direct OUTPUT] Source 0 → Encoder | Type: FREEZE-FRAME | Frame: P | Size: 2709 bytes | PTS: 3165000
[mswitchdirect @ 0x13db04310] [MSwitch Direct OUTPUT] Source 0 → Encoder | Type: FREEZE-FRAME | Frame: P | Size: 2709 bytes | PTS: 3168000
[mswitchdirect @ 0x13db04310] [MSwitch Direct OUTPUT] Source 0 → Encoder | Type: FREEZE-FRAME | Frame: P | Size: 2709 bytes | PTS: 3171000
[mswitchdirect @ 0x13db04310] [MSwitch Direct OUTPUT] Source 0 → Encoder | Type: FREEZE-FRAME | Frame: P | Size: 2709 bytes | PTS: 3174000
[mswitchdirect @ 0x13db04310] [MSwitch Direct OUTPUT] Source 0 → Encoder | Type: FREEZE-FRAME | Frame: P | Size: 2709 bytes | PTS: 3177000
[mswitchdirect @ 0x13db04310] [MSwitch Direct OUTPUT] Source 0 → Encoder | Type: FREEZE-FRAME | Frame: P | Size: 2709 bytes | PTS: 3180000
[mswitchdirect @ 0x13db04310] [MSwitch Direct OUTPUT] Source 0 → Encoder | Type: FREEZE-FRAME | Frame: P | Size: 2709 bytes | PTS: 3183000
[mswitchdirect @ 0x13db04310] [MSwitch Direct OUTPUT] Source 0 → Encoder | Type: FREEZE-FRAME | Frame: P | Size: 2709 bytes | PTS: 3186000
[mswitchdirect @ 0x13db04310] [MSwitch Direct OUTPUT] Source 0 → Encoder | Type: FREEZE-FRAME | Frame: P | Size: 2709 bytes | PTS: 3189000
[mswitchdirect @ 0x13db04310] [MSwitch Direct OUTPUT] Source 0 → Encoder | Type: FREEZE-FRAME | Frame: P | Size: 2709 bytes | PTS: 3192000
[mswitchdirect @ 0x13db04310] [MSwitch Direct OUTPUT] Source 0 → Encoder | Type: FREEZE-FRAME | Frame: P | Size: 2709 bytes | PTS: 3195000
[mswitchdirect @ 0x13db04310] [MSwitch Direct OUTPUT] Source 0 → Encoder | Type: FREEZE-FRAME | Frame: P | Size: 2709 bytes | PTS: 3198000
[mswitchdirect @ 0x13db04310] [MSwitch Direct OUTPUT] Source 0 → Encoder | Type: FREEZE-FRAME | Frame: P | Size: 2709 bytes | PTS: 3201000
[mswitchdirect @ 0x13db04310] [MSwitch Direct OUTPUT] Source 0 → Encoder | Type: FREEZE-FRAME | Frame: P | Size: 2709 bytes | PTS: 3204000
[mswitchdirect @ 0x13db04310] [MSwitch Direct OUTPUT] Source 0 → Encoder | Type: FREEZE-FRAME | Frame: P | Size: 2709 bytes | PTS: 3207000
[mswitchdirect @ 0x13db04310] [MSwitch Direct OUTPUT] Source 0 → Encoder | Type: FREEZE-FRAME | Frame: P | Size: 2709 bytes | PTS: 3210000
[mswitchdirect @ 0x13db04310] [MSwitch Direct OUTPUT] Source 0 → Encoder | Type: FREEZE-FRAME | Frame: P | Size: 2709 bytes | PTS: 3213000
[mswitchdirect @ 0x13db04310] [MSwitch Direct OUTPUT] Source 0 → Encoder | Type: FREEZE-FRAME | Frame: P | Size: 2709 bytes | PTS: 3216000
[mswitchdirect @ 0x13db04310] [MSwitch Direct OUTPUT] Source 0 → Encoder | Type: FREEZE-FRAME | Frame: P | Size: 2709 bytes | PTS: 3219000
[mswitchdirect @ 0x13db04310] [MSwitch Direct OUTPUT] Source 0 → Encoder | Type: FREEZE-FRAME | Frame: P | Size: 2709 bytes | PTS: 3222000
[mswitchdirect @ 0x13db04310] [MSwitch Direct OUTPUT] Source 0 → Encoder | Type: FREEZE-FRAME | Frame: P | Size: 2709 bytes | PTS: 3225000
[mswitchdirect @ 0x13db04310] [MSwitch Direct OUTPUT] Source 0 → Encoder | Type: FREEZE-FRAME | Frame: P | Size: 2709 bytes | PTS: 3228000
[mswitchdirect @ 0x13db04310] [MSwitch Direct OUTPUT] Source 0 → Encoder | Type: FREEZE-FRAME | Frame: P | Size: 2709 bytes | PTS: 3231000
[mswitchdirect @ 0x13db04310] [MSwitch Direct OUTPUT] Source 0 → Encoder | Type: FREEZE-FRAME | Frame: P | Size: 2709 bytes | PTS: 3234000
[mswitchdirect @ 0x13db04310] [MSwitch Direct OUTPUT] Source 0 → Encoder | Type: FREEZE-FRAME | Frame: P | Size: 2709 bytes | PTS: 3237000
[mswitchdirect @ 0x13db04310] [MSwitch Direct OUTPUT] Source 0 → Encoder | Type: FREEZE-FRAME | Frame: P | Size: 2709 bytes | PTS: 3240000
[mswitchdirect @ 0x13db04310] [MSwitch Direct OUTPUT] Source 0 → Encoder | Type: FREEZE-FRAME | Frame: P | Size: 2709 bytes | PTS: 3243000
[mswitchdirect @ 0x13db04310] [MSwitch Direct OUTPUT] Source 0 → Encoder | Type: FREEZE-FRAME | Frame: P | Size: 2709 bytes | PTS: 3246000
[mswitchdirect @ 0x13db04310] [MSwitch Direct OUTPUT] Source 0 → Encoder | Type: FREEZE-FRAME | Frame: P | Size: 2709 bytes | PTS: 3249000
[mswitchdirect @ 0x13db04310] [MSwitch Direct OUTPUT] Source 0 → Encoder | Type: FREEZE-FRAME | Frame: P | Size: 2709 bytes | PTS: 3252000
[mswitchdirect @ 0x13db04310] [MSwitch Direct OUTPUT] Source 0 → Encoder | Type: FREEZE-FRAME | Frame: P | Size: 2709 bytes | PTS: 3255000
[mswitchdirect @ 0x13db04310] [MSwitch Direct OUTPUT] Source 0 → Encoder | Type: FREEZE-FRAME | Frame: P | Size: 2709 bytes | PTS: 3258000
[mswitchdirect @ 0x13db04310] [MSwitch Direct OUTPUT] Source 0 → Encoder | Type: FREEZE-FRAME | Frame: P | Size: 2709 bytes | PTS: 3261000
[mswitchdirect @ 0x13db04310] [MSwitch Direct OUTPUT] Source 0 → Encoder | Type: FREEZE-FRAME | Frame: P | Size: 2709 bytes | PTS: 3264000
[mswitchdirect @ 0x13db04310] [MSwitch Direct OUTPUT] Source 0 → Encoder | Type: FREEZE-FRAME | Frame: P | Size: 2709 bytes | PTS: 3267000
[mswitchdirect @ 0x13db04310] [MSwitch Direct OUTPUT] Source 0 → Encoder | Type: FREEZE-FRAME | Frame: P | Size: 2709 bytes | PTS: 3270000
[mswitchdirect @ 0x13db04310] [MSwitch Direct OUTPUT] Source 0 → Encoder | Type: FREEZE-FRAME | Frame: P | Size: 2709 bytes | PTS: 3273000
[mswitchdirect @ 0x13db04310] [MSwitch Direct OUTPUT] Source 0 → Encoder | Type: FREEZE-FRAME | Frame: P | Size: 2709 bytes | PTS: 3276000
[mswitchdirect @ 0x13db04310] [MSwitch Direct OUTPUT] Source 0 → Encoder | Type: FREEZE-FRAME | Frame: P | Size: 2709 bytes | PTS: 3279000
[mswitchdirect @ 0x13db04310] [MSwitch Direct OUTPUT] Source 0 → Encoder | Type: FREEZE-FRAME | Frame: P | Size: 2709 bytes | PTS: 3282000
[mswitchdirect @ 0x13db04310] [MSwitch Direct OUTPUT] Source 0 → Encoder | Type: FREEZE-FRAME | Frame: P | Size: 2709 bytes | PTS: 3285000
[mswitchdirect @ 0x13db04310] [MSwitch Direct OUTPUT] Source 0 → Encoder | Type: FREEZE-FRAME | Frame: P | Size: 2709 bytes | PTS: 3288000
[mswitchdirect @ 0x13db04310] [MSwitch Direct OUTPUT] Source 0 → Encoder | Type: FREEZE-FRAME | Frame: P | Size: 2709 bytes | PTS: 3291000
[mswitchdirect @ 0x13db04310] [MSwitch Direct OUTPUT] Source 0 → Encoder | Type: FREEZE-FRAME | Frame: P | Size: 2709 bytes | PTS: 3294000
[mswitchdirect @ 0x13db04310] [MSwitch Direct OUTPUT] Source 0 → Encoder | Type: FREEZE-FRAME | Frame: P | Size: 2709 bytes | PTS: 3297000
[mswitchdirect @ 0x13db04310] [MSwitch Direct OUTPUT] Source 0 → Encoder | Type: FREEZE-FRAME | Frame: P | Size: 2709 bytes | PTS: 3300000
[mswitchdirect @ 0x13db04310] [MSwitch Direct OUTPUT] Source 0 → Encoder | Type: FREEZE-FRAME | Frame: P | Size: 2709 bytes | PTS: 3303000
[mswitchdirect @ 0x13db04310] [MSwitch Direct OUTPUT] Source 0 → Encoder | Type: FREEZE-FRAME | Frame: P | Size: 2709 bytes | PTS: 3306000
[mswitchdirect @ 0x13db04310] [MSwitch Direct OUTPUT] Source 0 → Encoder | Type: FREEZE-FRAME | Frame: P | Size: 2709 bytes | PTS: 3309000
[mswitchdirect @ 0x13db04310] [MSwitch Direct OUTPUT] Source 0 → Encoder | Type: FREEZE-FRAME | Frame: P | Size: 2709 bytes | PTS: 3312000
[mswitchdirect @ 0x13db04310] [MSwitch Direct OUTPUT] Source 0 → Encoder | Type: FREEZE-FRAME | Frame: P | Size: 2709 bytes | PTS: 3315000
[mswitchdirect @ 0x13db04310] [MSwitch Direct OUTPUT] Source 0 → Encoder | Type: FREEZE-FRAME | Frame: P | Size: 2709 bytes | PTS: 3318000
[mswitchdirect @ 0x13db04310] [MSwitch Direct OUTPUT] Source 0 → Encoder | Type: FREEZE-FRAME | Frame: P | Size: 2709 bytes | PTS: 3321000
[mswitchdirect @ 0x13db04310] [MSwitch Direct OUTPUT] Source 0 → Encoder | Type: FREEZE-FRAME | Frame: P | Size: 2709 bytes | PTS: 3324000
[mswitchdirect @ 0x13db04310] [MSwitch Direct OUTPUT] Source 0 → Encoder | Type: FREEZE-FRAME | Frame: P | Size: 2709 bytes | PTS: 3327000
[mswitchdirect @ 0x13db04310] [MSwitch Direct OUTPUT] Source 0 → Encoder | Type: FREEZE-FRAME | Frame: P | Size: 2709 bytes | PTS: 3330000
[mswitchdirect @ 0x13db04310] [MSwitch Direct OUTPUT] Source 0 → Encoder | Type: FREEZE-FRAME | Frame: P | Size: 2709 bytes | PTS: 3333000
[mswitchdirect @ 0x13db04310] [MSwitch Direct OUTPUT] Source 0 → Encoder | Type: FREEZE-FRAME | Frame: P | Size: 2709 bytes | PTS: 3336000
[mswitchdirect @ 0x13db04310] [MSwitch Direct OUTPUT] Source 0 → Encoder | Type: FREEZE-FRAME | Frame: P | Size: 2709 bytes | PTS: 3339000
[mswitchdirect @ 0x13db04310] [MSwitch Direct OUTPUT] Source 0 → Encoder | Type: FREEZE-FRAME | Frame: P | Size: 2709 bytes | PTS: 3342000
[mswitchdirect @ 0x13db04310] [MSwitch Direct OUTPUT] Source 0 → Encoder | Type: FREEZE-FRAME | Frame: P | Size: 2709 bytes | PTS: 3345000
[mswitchdirect @ 0x13db04310] [MSwitch Direct OUTPUT] Source 0 → Encoder | Type: FREEZE-FRAME | Frame: P | Size: 2709 bytes | PTS: 3348000
[mswitchdirect @ 0x13db04310] [MSwitch Direct OUTPUT] Source 0 → Encoder | Type: FREEZE-FRAME | Frame: P | Size: 2709 bytes | PTS: 3351000
[mswitchdirect @ 0x13db04310] [MSwitch Direct OUTPUT] Source 0 → Encoder | Type: FREEZE-FRAME | Frame: P | Size: 2709 bytes | PTS: 3354000
[mswitchdirect @ 0x13db04310] [MSwitch Direct OUTPUT] Source 0 → Encoder | Type: FREEZE-FRAME | Frame: P | Size: 2709 bytes | PTS: 3357000
[mswitchdirect @ 0x13db04310] [MSwitch Direct OUTPUT] Source 0 → Encoder | Type: FREEZE-FRAME | Frame: P | Size: 2709 bytes | PTS: 3360000
[mswitchdirect @ 0x13db04310] [MSwitch Direct OUTPUT] Source 0 → Encoder | Type: FREEZE-FRAME | Frame: P | Size: 2709 bytes | PTS: 3363000
[mswitchdirect @ 0x13db04310] [MSwitch Direct OUTPUT] Source 0 → Encoder | Type: FREEZE-FRAME | Frame: P | Size: 2709 bytes | PTS: 3366000
[mswitchdirect @ 0x13db04310] [MSwitch Direct OUTPUT] Source 0 → Encoder | Type: FREEZE-FRAME | Frame: P | Size: 2709 bytes | PTS: 3369000
[mswitchdirect @ 0x13db04310] [MSwitch Direct OUTPUT] Source 0 → Encoder | Type: FREEZE-FRAME | Frame: P | Size: 2709 bytes | PTS: 3372000
[mswitchdirect @ 0x13db04310] [MSwitch Direct OUTPUT] Source 0 → Encoder | Type: FREEZE-FRAME | Frame: P | Size: 2709 bytes | PTS: 3375000
[mswitchdirect @ 0x13db04310] [MSwitch Direct OUTPUT] Source 0 → Encoder | Type: FREEZE-FRAME | Frame: P | Size: 2709 bytes | PTS: 3378000
[mswitchdirect @ 0x13db04310] [MSwitch Direct OUTPUT] Source 0 → Encoder | Type: FREEZE-FRAME | Frame: P | Size: 2709 bytes | PTS: 3381000
[mswitchdirect @ 0x13db04310] [MSwitch Direct OUTPUT] Source 0 → Encoder | Type: FREEZE-FRAME | Frame: P | Size: 2709 bytes | PTS: 3384000
[mswitchdirect @ 0x13db04310] [MSwitch Direct OUTPUT] Source 0 → Encoder | Type: FREEZE-FRAME | Frame: P | Size: 2709 bytes | PTS: 3387000
[mswitchdirect @ 0x13db04310] [MSwitch Direct OUTPUT] Source 0 → Encoder | Type: FREEZE-FRAME | Frame: P | Size: 2709 bytes | PTS: 3390000
[mswitchdirect @ 0x13db04310] [MSwitch Direct OUTPUT] Source 0 → Encoder | Type: FREEZE-FRAME | Frame: P | Size: 2709 bytes | PTS: 3393000
[mswitchdirect @ 0x13db04310] [MSwitch Direct OUTPUT] Source 0 → Encoder | Type: FREEZE-FRAME | Frame: P | Size: 2709 bytes | PTS: 3396000
[mswitchdirect @ 0x13db04310] [MSwitch Direct OUTPUT] Source 0 → Encoder | Type: FREEZE-FRAME | Frame: P | Size: 2709 bytes | PTS: 3399000
[mswitchdirect @ 0x13db04310] [MSwitch Direct OUTPUT] Source 0 → Encoder | Type: FREEZE-FRAME | Frame: P | Size: 2709 bytes | PTS: 3402000
[mswitchdirect @ 0x13db04310] [MSwitch Direct OUTPUT] Source 0 → Encoder | Type: FREEZE-FRAME | Frame: P | Size: 2709 bytes | PTS: 3405000
[mswitchdirect @ 0x13db04310] [MSwitch Direct OUTPUT] Source 0 → Encoder | Type: FREEZE-FRAME | Frame: P | Size: 2709 bytes | PTS: 3408000
[mswitchdirect @ 0x13db04310] [MSwitch Direct OUTPUT] Source 0 → Encoder | Type: FREEZE-FRAME | Frame: P | Size: 2709 bytes | PTS: 3411000
[mswitchdirect @ 0x13db04310] [MSwitch Direct OUTPUT] Source 0 → Encoder | Type: FREEZE-FRAME | Frame: P | Size: 2709 bytes | PTS: 3414000
[mswitchdirect @ 0x13db04310] [MSwitch Direct OUTPUT] Source 0 → Encoder | Type: FREEZE-FRAME | Frame: P | Size: 2709 bytes | PTS: 3417000
[mswitchdirect @ 0x13db04310] [MSwitch Direct OUTPUT] Source 0 → Encoder | Type: FREEZE-FRAME | Frame: P | Size: 2709 bytes | PTS: 3420000
[mswitchdirect @ 0x13db04310] [MSwitch Direct OUTPUT] Source 0 → Encoder | Type: FREEZE-FRAME | Frame: P | Size: 2709 bytes | PTS: 3423000
[mswitchdirect @ 0x13db04310] [MSwitch Direct OUTPUT] Source 0 → Encoder | Type: FREEZE-FRAME | Frame: P | Size: 2709 bytes | PTS: 3426000
[mswitchdirect @ 0x13db04310] [MSwitch Direct OUTPUT] Source 0 → Encoder | Type: FREEZE-FRAME | Frame: P | Size: 2709 bytes | PTS: 3429000
[mswitchdirect @ 0x13db04310] [MSwitch Direct OUTPUT] Source 0 → Encoder | Type: FREEZE-FRAME | Frame: P | Size: 2709 bytes | PTS: 3432000
[mswitchdirect @ 0x13db04310] [MSwitch Direct OUTPUT] Source 0 → Encoder | Type: FREEZE-FRAME | Frame: P | Size: 2709 bytes | PTS: 3435000
[mswitchdirect @ 0x13db04310] [MSwitch Direct OUTPUT] Source 0 → Encoder | Type: FREEZE-FRAME | Frame: P | Size: 2709 bytes | PTS: 3438000
[mswitchdirect @ 0x13db04310] [MSwitch Direct OUTPUT] Source 0 → Encoder | Type: FREEZE-FRAME | Frame: P | Size: 2709 bytes | PTS: 3441000
[mswitchdirect @ 0x13db04310] [MSwitch Direct OUTPUT] Source 0 → Encoder | Type: FREEZE-FRAME | Frame: P | Size: 2709 bytes | PTS: 3444000
[mswitchdirect @ 0x13db04310] [MSwitch Direct OUTPUT] Source 0 → Encoder | Type: FREEZE-FRAME | Frame: P | Size: 2709 bytes | PTS: 3447000
[mswitchdirect @ 0x13db04310] [MSwitch Direct OUTPUT] Source 0 → Encoder | Type: FREEZE-FRAME | Frame: P | Size: 2709 bytes | PTS: 3450000
[mswitchdirect @ 0x13db04310] [MSwitch Direct OUTPUT] Source 0 → Encoder | Type: FREEZE-FRAME | Frame: P | Size: 2709 bytes | PTS: 3453000
[mswitchdirect @ 0x13db04310] [MSwitch Direct OUTPUT] Source 0 → Encoder | Type: FREEZE-FRAME | Frame: P | Size: 2709 bytes | PTS: 3456000
[mswitchdirect @ 0x13db04310] [MSwitch Direct OUTPUT] Source 0 → Encoder | Type: FREEZE-FRAME | Frame: P | Size: 2709 bytes | PTS: 3459000
[mswitchdirect @ 0x13db04310] [MSwitch Direct OUTPUT] Source 0 → Encoder | Type: FREEZE-FRAME | Frame: P | Size: 2709 bytes | PTS: 3462000
[mswitchdirect @ 0x13db04310] [MSwitch Direct OUTPUT] Source 0 → Encoder | Type: FREEZE-FRAME | Frame: P | Size: 2709 bytes | PTS: 3465000
[mswitchdirect @ 0x13db04310] [MSwitch Direct OUTPUT] Source 0 → Encoder | Type: FREEZE-FRAME | Frame: P | Size: 2709 bytes | PTS: 3468000
[mswitchdirect @ 0x13db04310] [MSwitch Direct OUTPUT] Source 0 → Encoder | Type: FREEZE-FRAME | Frame: P | Size: 2709 bytes | PTS: 3471000
[mswitchdirect @ 0x13db04310] [MSwitch Direct OUTPUT] Source 0 → Encoder | Type: FREEZE-FRAME | Frame: P | Size: 2709 bytes | PTS: 3474000
[mswitchdirect @ 0x13db04310] [MSwitch Direct OUTPUT] Source 0 → Encoder | Type: FREEZE-FRAME | Frame: P | Size: 2709 bytes | PTS: 3477000
[mswitchdirect @ 0x13db04310] [MSwitch Direct OUTPUT] Source 0 → Encoder | Type: FREEZE-FRAME | Frame: P | Size: 2709 bytes | PTS: 3480000
[mswitchdirect @ 0x13db04310] [MSwitch Direct OUTPUT] Source 0 → Encoder | Type: FREEZE-FRAME | Frame: P | Size: 2709 bytes | PTS: 3483000
[mswitchdirect @ 0x13db04310] [MSwitch Direct OUTPUT] Source 0 → Encoder | Type: FREEZE-FRAME | Frame: P | Size: 2709 bytes | PTS: 3486000
[mswitchdirect @ 0x13db04310] [MSwitch Direct OUTPUT] Source 0 → Encoder | Type: FREEZE-FRAME | Frame: P | Size: 2709 bytes | PTS: 3489000
[mswitchdirect @ 0x13db04310] [MSwitch Direct OUTPUT] Source 0 → Encoder | Type: FREEZE-FRAME | Frame: P | Size: 2709 bytes | PTS: 3492000
[mswitchdirect @ 0x13db04310] [MSwitch Direct OUTPUT] Source 0 → Encoder | Type: FREEZE-FRAME | Frame: P | Size: 2709 bytes | PTS: 3495000
[mswitchdirect @ 0x13db04310] [MSwitch Direct OUTPUT] Source 0 → Encoder | Type: FREEZE-FRAME | Frame: P | Size: 2709 bytes | PTS: 3498000
[mswitchdirect @ 0x13db04310] [MSwitch Direct OUTPUT] Source 0 → Encoder | Type: FREEZE-FRAME | Frame: P | Size: 2709 bytes | PTS: 3501000
[mswitchdirect @ 0x13db04310] [MSwitch Direct OUTPUT] Source 0 → Encoder | Type: FREEZE-FRAME | Frame: P | Size: 2709 bytes | PTS: 3504000
[mswitchdirect @ 0x13db04310] [MSwitch Direct OUTPUT] Source 0 → Encoder | Type: FREEZE-FRAME | Frame: P | Size: 2709 bytes | PTS: 3507000
[mswitchdirect @ 0x13db04310] [MSwitch Direct OUTPUT] Source 0 → Encoder | Type: FREEZE-FRAME | Frame: P | Size: 2709 bytes | PTS: 3510000
[mswitchdirect @ 0x13db04310] [MSwitch Direct OUTPUT] Source 0 → Encoder | Type: FREEZE-FRAME | Frame: P | Size: 2709 bytes | PTS: 3513000
[mswitchdirect @ 0x13db04310] [MSwitch Direct OUTPUT] Source 0 → Encoder | Type: FREEZE-FRAME | Frame: P | Size: 2709 bytes | PTS: 3516000
[mswitchdirect @ 0x13db04310] [MSwitch Direct OUTPUT] Source 0 → Encoder | Type: FREEZE-FRAME | Frame: P | Size: 2709 bytes | PTS: 3519000
[mswitchdirect @ 0x13db04310] [MSwitch Direct OUTPUT] Source 0 → Encoder | Type: FREEZE-FRAME | Frame: P | Size: 2709 bytes | PTS: 3522000
[mswitchdirect @ 0x13db04310] [MSwitch Direct OUTPUT] Source 0 → Encoder | Type: FREEZE-FRAME | Frame: P | Size: 2709 bytes | PTS: 3525000
[mswitchdirect @ 0x13db04310] [MSwitch Direct OUTPUT] Source 0 → Encoder | Type: FREEZE-FRAME | Frame: P | Size: 2709 bytes | PTS: 3528000
[mswitchdirect @ 0x13db04310] [MSwitch Direct OUTPUT] Source 0 → Encoder | Type: FREEZE-FRAME | Frame: P | Size: 2709 bytes | PTS: 3531000
[mswitchdirect @ 0x13db04310] [MSwitch Direct OUTPUT] Source 0 → Encoder | Type: FREEZE-FRAME | Frame: P | Size: 2709 bytes | PTS: 3534000
[mswitchdirect @ 0x13db04310] [MSwitch Direct OUTPUT] Source 0 → Encoder | Type: FREEZE-FRAME | Frame: P | Size: 2709 bytes | PTS: 3537000
[mswitchdirect @ 0x13db04310] [MSwitch Direct OUTPUT] Source 0 → Encoder | Type: FREEZE-FRAME | Frame: P | Size: 2709 bytes | PTS: 3540000
[mswitchdirect @ 0x13db04310] [MSwitch Direct OUTPUT] Source 0 → Encoder | Type: FREEZE-FRAME | Frame: P | Size: 2709 bytes | PTS: 3543000
[mswitchdirect @ 0x13db04310] [MSwitch Direct OUTPUT] Source 0 → Encoder | Type: FREEZE-FRAME | Frame: P | Size: 2709 bytes | PTS: 3546000
[mswitchdirect @ 0x13db04310] [MSwitch Direct OUTPUT] Source 0 → Encoder | Type: FREEZE-FRAME | Frame: P | Size: 2709 bytes | PTS: 3549000
[mswitchdirect @ 0x13db04310] [MSwitch Direct OUTPUT] Source 0 → Encoder | Type: FREEZE-FRAME | Frame: P | Size: 2709 bytes | PTS: 3552000
[mswitchdirect @ 0x13db04310] [MSwitch Direct OUTPUT] Source 0 → Encoder | Type: FREEZE-FRAME | Frame: P | Size: 2709 bytes | PTS: 3555000
[mswitchdirect @ 0x13db04310] [MSwitch Direct OUTPUT] Source 0 → Encoder | Type: FREEZE-FRAME | Frame: P | Size: 2709 bytes | PTS: 3558000
[mswitchdirect @ 0x13db04310] [MSwitch Direct OUTPUT] Source 0 → Encoder | Type: FREEZE-FRAME | Frame: P | Size: 2709 bytes | PTS: 3561000
[mswitchdirect @ 0x13db04310] [MSwitch Direct OUTPUT] Source 0 → Encoder | Type: FREEZE-FRAME | Frame: P | Size: 2709 bytes | PTS: 3564000
[mswitchdirect @ 0x13db04310] [MSwitch Direct OUTPUT] Source 0 → Encoder | Type: FREEZE-FRAME | Frame: P | Size: 2709 bytes | PTS: 3567000
[mswitchdirect @ 0x13db04310] [MSwitch Direct OUTPUT] Source 0 → Encoder | Type: FREEZE-FRAME | Frame: P | Size: 2709 bytes | PTS: 3570000
[mswitchdirect @ 0x13db04310] [MSwitch Direct OUTPUT] Source 0 → Encoder | Type: FREEZE-FRAME | Frame: P | Size: 2709 bytes | PTS: 3573000
[mswitchdirect @ 0x13db04310] [MSwitch Direct OUTPUT] Source 0 → Encoder | Type: FREEZE-FRAME | Frame: P | Size: 2709 bytes | PTS: 3576000
[mswitchdirect @ 0x13db04310] [MSwitch Direct OUTPUT] Source 0 → Encoder | Type: FREEZE-FRAME | Frame: P | Size: 2709 bytes | PTS: 3579000
[mswitchdirect @ 0x13db04310] [MSwitch Direct OUTPUT] Source 0 → Encoder | Type: FREEZE-FRAME | Frame: P | Size: 2709 bytes | PTS: 3582000
[mswitchdirect @ 0x13db04310] [MSwitch Direct OUTPUT] Source 0 → Encoder | Type: FREEZE-FRAME | Frame: P | Size: 2709 bytes | PTS: 3585000
[mswitchdirect @ 0x13db04310] [MSwitch Direct OUTPUT] Source 0 → Encoder | Type: FREEZE-FRAME | Frame: P | Size: 2709 bytes | PTS: 3588000
[mswitchdirect @ 0x13db04310] [MSwitch Direct OUTPUT] Source 0 → Encoder | Type: FREEZE-FRAME | Frame: P | Size: 2709 bytes | PTS: 3591000
[mswitchdirect @ 0x13db04310] [MSwitch Direct OUTPUT] Source 0 → Encoder | Type: FREEZE-FRAME | Frame: P | Size: 2709 bytes | PTS: 3594000
[mswitchdirect @ 0x13db04310] [MSwitch Direct OUTPUT] Source 0 → Encoder | Type: FREEZE-FRAME | Frame: P | Size: 2709 bytes | PTS: 3597000
[mswitchdirect @ 0x13db04310] [MSwitch Direct OUTPUT] Source 0 → Encoder | Type: FREEZE-FRAME | Frame: P | Size: 2709 bytes | PTS: 3600000
[mswitchdirect @ 0x13db04310] [MSwitch Direct OUTPUT] Source 0 → Encoder | Type: FREEZE-FRAME | Frame: P | Size: 2709 bytes | PTS: 3603000
[mswitchdirect @ 0x13db04310] [MSwitch Direct OUTPUT] Source 0 → Encoder | Type: FREEZE-FRAME | Frame: P | Size: 2709 bytes | PTS: 3606000
[mswitchdirect @ 0x13db04310] [MSwitch Direct OUTPUT] Source 0 → Encoder | Type: FREEZE-FRAME | Frame: P | Size: 2709 bytes | PTS: 3609000
[mswitchdirect @ 0x13db04310] [MSwitch Direct OUTPUT] Source 0 → Encoder | Type: FREEZE-FRAME | Frame: P | Size: 2709 bytes | PTS: 3612000
[mswitchdirect @ 0x13db04310] [MSwitch Direct OUTPUT] Source 0 → Encoder | Type: FREEZE-FRAME | Frame: P | Size: 2709 bytes | PTS: 3615000
[mswitchdirect @ 0x13db04310] [MSwitch Direct OUTPUT] Source 0 → Encoder | Type: FREEZE-FRAME | Frame: P | Size: 2709 bytes | PTS: 3618000
[mswitchdirect @ 0x13db04310] [MSwitch Direct OUTPUT] Source 0 → Encoder | Type: FREEZE-FRAME | Frame: P | Size: 2709 bytes | PTS: 3621000
[mswitchdirect @ 0x13db04310] [MSwitch Direct OUTPUT] Source 0 → Encoder | Type: FREEZE-FRAME | Frame: P | Size: 2709 bytes | PTS: 3624000
[mswitchdirect @ 0x13db04310] [MSwitch Direct OUTPUT] Source 0 → Encoder | Type: FREEZE-FRAME | Frame: P | Size: 2709 bytes | PTS: 3627000
[mswitchdirect @ 0x13db04310] [MSwitch Direct OUTPUT] Source 0 → Encoder | Type: FREEZE-FRAME | Frame: P | Size: 2709 bytes | PTS: 3630000
[mswitchdirect @ 0x13db04310] [MSwitch Direct OUTPUT] Source 0 → Encoder | Type: FREEZE-FRAME | Frame: P | Size: 2709 bytes | PTS: 3633000
[mswitchdirect @ 0x13db04310] [MSwitch Direct OUTPUT] Source 0 → Encoder | Type: FREEZE-FRAME | Frame: P | Size: 2709 bytes | PTS: 3636000
[mswitchdirect @ 0x13db04310] [MSwitch Direct OUTPUT] Source 0 → Encoder | Type: FREEZE-FRAME | Frame: P | Size: 2709 bytes | PTS: 3639000
[mswitchdirect @ 0x13db04310] [MSwitch Direct OUTPUT] Source 0 → Encoder | Type: FREEZE-FRAME | Frame: P | Size: 2709 bytes | PTS: 3642000
[mswitchdirect @ 0x13db04310] [MSwitch Direct OUTPUT] Source 0 → Encoder | Type: FREEZE-FRAME | Frame: P | Size: 2709 bytes | PTS: 3645000
[mswitchdirect @ 0x13db04310] [MSwitch Direct OUTPUT] Source 0 → Encoder | Type: FREEZE-FRAME | Frame: P | Size: 2709 bytes | PTS: 3648000
[mswitchdirect @ 0x13db04310] [MSwitch Direct OUTPUT] Source 0 → Encoder | Type: FREEZE-FRAME | Frame: P | Size: 2709 bytes | PTS: 3651000
[mswitchdirect @ 0x13db04310] [MSwitch Direct OUTPUT] Source 0 → Encoder | Type: FREEZE-FRAME | Frame: P | Size: 2709 bytes | PTS: 3654000
[mswitchdirect @ 0x13db04310] [MSwitch Direct OUTPUT] Source 0 → Encoder | Type: FREEZE-FRAME | Frame: P | Size: 2709 bytes | PTS: 3657000
[mswitchdirect @ 0x13db04310] [MSwitch Direct OUTPUT] Source 0 → Encoder | Type: FREEZE-FRAME | Frame: P | Size: 2709 bytes | PTS: 3660000
[mswitchdirect @ 0x13db04310] [MSwitch Direct OUTPUT] Source 0 → Encoder | Type: FREEZE-FRAME | Frame: P | Size: 2709 bytes | PTS: 3663000
[mswitchdirect @ 0x13db04310] [MSwitch Direct OUTPUT] Source 0 → Encoder | Type: FREEZE-FRAME | Frame: P | Size: 2709 bytes | PTS: 3666000
[mswitchdirect @ 0x13db04310] [MSwitch Direct OUTPUT] Source 0 → Encoder | Type: FREEZE-FRAME | Frame: P | Size: 2709 bytes | PTS: 3669000
[mswitchdirect @ 0x13db04310] [MSwitch Direct OUTPUT] Source 0 → Encoder | Type: FREEZE-FRAME | Frame: P | Size: 2709 bytes | PTS: 3672000
[mswitchdirect @ 0x13db04310] [MSwitch Direct OUTPUT] Source 0 → Encoder | Type: FREEZE-FRAME | Frame: P | Size: 2709 bytes | PTS: 3675000
[mswitchdirect @ 0x13db04310] [MSwitch Direct OUTPUT] Source 0 → Encoder | Type: FREEZE-FRAME | Frame: P | Size: 2709 bytes | PTS: 3678000
[mswitchdirect @ 0x13db04310] [MSwitch Direct OUTPUT] Source 0 → Encoder | Type: FREEZE-FRAME | Frame: P | Size: 2709 bytes | PTS: 3681000
[mswitchdirect @ 0x13db04310] [MSwitch Direct OUTPUT] Source 0 → Encoder | Type: FREEZE-FRAME | Frame: P | Size: 2709 bytes | PTS: 3684000
[mswitchdirect @ 0x13db04310] [MSwitch Direct OUTPUT] Source 0 → Encoder | Type: FREEZE-FRAME | Frame: P | Size: 2709 bytes | PTS: 3687000
[mswitchdirect @ 0x13db04310] [MSwitch Direct OUTPUT] Source 0 → Encoder | Type: FREEZE-FRAME | Frame: P | Size: 2709 bytes | PTS: 3690000
[mswitchdirect @ 0x13db04310] [MSwitch Direct OUTPUT] Source 0 → Encoder | Type: FREEZE-FRAME | Frame: P | Size: 2709 bytes | PTS: 3693000
[mswitchdirect @ 0x13db04310] [MSwitch Direct OUTPUT] Source 0 → Encoder | Type: FREEZE-FRAME | Frame: P | Size: 2709 bytes | PTS: 3696000
[mswitchdirect @ 0x13db04310] [MSwitch Direct OUTPUT] Source 0 → Encoder | Type: FREEZE-FRAME | Frame: P | Size: 2709 bytes | PTS: 3699000
[mswitchdirect @ 0x13db04310] [MSwitch Direct OUTPUT] Source 0 → Encoder | Type: FREEZE-FRAME | Frame: P | Size: 2709 bytes | PTS: 3702000
[mswitchdirect @ 0x13db04310] [MSwitch Direct OUTPUT] Source 0 → Encoder | Type: FREEZE-FRAME | Frame: P | Size: 2709 bytes | PTS: 3705000
[mswitchdirect @ 0x13db04310] [MSwitch Direct OUTPUT] Source 0 → Encoder | Type: FREEZE-FRAME | Frame: P | Size: 2709 bytes | PTS: 3708000
[mswitchdirect @ 0x13db04310] [MSwitch Direct OUTPUT] Source 0 → Encoder | Type: FREEZE-FRAME | Frame: P | Size: 2709 bytes | PTS: 3711000
[mswitchdirect @ 0x13db04310] [MSwitch Direct OUTPUT] Source 0 → Encoder | Type: FREEZE-FRAME | Frame: P | Size: 2709 bytes | PTS: 3714000
[mswitchdirect @ 0x13db04310] [MSwitch Direct OUTPUT] Source 0 → Encoder | Type: FREEZE-FRAME | Frame: P | Size: 2709 bytes | PTS: 3717000
[mswitchdirect @ 0x13db04310] [MSwitch Direct OUTPUT] Source 0 → Encoder | Type: FREEZE-FRAME | Frame: P | Size: 2709 bytes | PTS: 3720000
[mswitchdirect @ 0x13db04310] [MSwitch Direct OUTPUT] Source 0 → Encoder | Type: FREEZE-FRAME | Frame: P | Size: 2709 bytes | PTS: 3723000
[mswitchdirect @ 0x13db04310] [MSwitch Direct OUTPUT] Source 0 → Encoder | Type: FREEZE-FRAME | Frame: P | Size: 2709 bytes | PTS: 3726000
[mswitchdirect @ 0x13db04310] [MSwitch Direct OUTPUT] Source 0 → Encoder | Type: FREEZE-FRAME | Frame: P | Size: 2709 bytes | PTS: 3729000
[mswitchdirect @ 0x13db04310] [MSwitch Direct OUTPUT] Source 0 → Encoder | Type: FREEZE-FRAME | Frame: P | Size: 2709 bytes | PTS: 3732000
[mswitchdirect @ 0x13db04310] [MSwitch Direct OUTPUT] Source 0 → Encoder | Type: FREEZE-FRAME | Frame: P | Size: 2709 bytes | PTS: 3735000
[mswitchdirect @ 0x13db04310] [MSwitch Direct OUTPUT] Source 0 → Encoder | Type: FREEZE-FRAME | Frame: P | Size: 2709 bytes | PTS: 3738000
[mswitchdirect @ 0x13db04310] [MSwitch Direct OUTPUT] Source 0 → Encoder | Type: FREEZE-FRAME | Frame: P | Size: 2709 bytes | PTS: 3741000
[mswitchdirect @ 0x13db04310] [MSwitch Direct OUTPUT] Source 0 → Encoder | Type: FREEZE-FRAME | Frame: P | Size: 2709 bytes | PTS: 3744000
[mswitchdirect @ 0x13db04310] [MSwitch Direct OUTPUT] Source 0 → Encoder | Type: FREEZE-FRAME | Frame: P | Size: 2709 bytes | PTS: 3747000
[mswitchdirect @ 0x13db04310] [MSwitch Direct OUTPUT] Source 0 → Encoder | Type: FREEZE-FRAME | Frame: P | Size: 2709 bytes | PTS: 3750000
[mswitchdirect @ 0x13db04310] [MSwitch Direct OUTPUT] Source 0 → Encoder | Type: FREEZE-FRAME | Frame: P | Size: 2709 bytes | PTS: 3753000
[mswitchdirect @ 0x13db04310] [MSwitch Direct OUTPUT] Source 0 → Encoder | Type: FREEZE-FRAME | Frame: P | Size: 2709 bytes | PTS: 3756000
[mswitchdirect @ 0x13db04310] [MSwitch Direct OUTPUT] Source 0 → Encoder | Type: FREEZE-FRAME | Frame: P | Size: 2709 bytes | PTS: 3759000
[mswitchdirect @ 0x13db04310] [MSwitch Direct OUTPUT] Source 0 → Encoder | Type: FREEZE-FRAME | Frame: P | Size: 2709 bytes | PTS: 3762000
[mswitchdirect @ 0x13db04310] [MSwitch Direct OUTPUT] Source 0 → Encoder | Type: FREEZE-FRAME | Frame: P | Size: 2709 bytes | PTS: 3765000
[mswitchdirect @ 0x13db04310] [MSwitch Direct OUTPUT] Source 0 → Encoder | Type: FREEZE-FRAME | Frame: P | Size: 2709 bytes | PTS: 3768000
[mswitchdirect @ 0x13db04310] [MSwitch Direct OUTPUT] Source 0 → Encoder | Type: FREEZE-FRAME | Frame: P | Size: 2709 bytes | PTS: 3771000
[mswitchdirect @ 0x13db04310] [MSwitch Direct OUTPUT] Source 0 → Encoder | Type: FREEZE-FRAME | Frame: P | Size: 2709 bytes | PTS: 3774000
[mswitchdirect @ 0x13db04310] [MSwitch Direct OUTPUT] Source 0 → Encoder | Type: FREEZE-FRAME | Frame: P | Size: 2709 bytes | PTS: 3777000
[mswitchdirect @ 0x13db04310] [MSwitch Direct OUTPUT] Source 0 → Encoder | Type: FREEZE-FRAME | Frame: P | Size: 2709 bytes | PTS: 3780000
[mswitchdirect @ 0x13db04310] [MSwitch Direct OUTPUT] Source 0 → Encoder | Type: FREEZE-FRAME | Frame: P | Size: 2709 bytes | PTS: 3783000
[mswitchdirect @ 0x13db04310] [MSwitch Direct OUTPUT] Source 0 → Encoder | Type: FREEZE-FRAME | Frame: P | Size: 2709 bytes | PTS: 3786000
[mswitchdirect @ 0x13db04310] [MSwitch Direct OUTPUT] Source 0 → Encoder | Type: FREEZE-FRAME | Frame: P | Size: 2709 bytes | PTS: 3789000
[mswitchdirect @ 0x13db04310] [MSwitch Direct OUTPUT] Source 0 → Encoder | Type: FREEZE-FRAME | Frame: P | Size: 2709 bytes | PTS: 3792000
[mswitchdirect @ 0x13db04310] [MSwitch Direct OUTPUT] Source 0 → Encoder | Type: FREEZE-FRAME | Frame: P | Size: 2709 bytes | PTS: 3795000
[mswitchdirect @ 0x13db04310] [MSwitch Direct OUTPUT] Source 0 → Encoder | Type: FREEZE-FRAME | Frame: P | Size: 2709 bytes | PTS: 3798000
[mswitchdirect @ 0x13db04310] [MSwitch Direct OUTPUT] Source 0 → Encoder | Type: FREEZE-FRAME | Frame: P | Size: 2709 bytes | PTS: 3801000
[mswitchdirect @ 0x13db04310] [MSwitch Direct OUTPUT] Source 0 → Encoder | Type: FREEZE-FRAME | Frame: P | Size: 2709 bytes | PTS: 3804000
[mswitchdirect @ 0x13db04310] [MSwitch Direct OUTPUT] Source 0 → Encoder | Type: FREEZE-FRAME | Frame: P | Size: 2709 bytes | PTS: 3807000
[mswitchdirect @ 0x13db04310] [MSwitch Direct OUTPUT] Source 0 → Encoder | Type: FREEZE-FRAME | Frame: P | Size: 2709 bytes | PTS: 3810000
[mswitchdirect @ 0x13db04310] [MSwitch Direct OUTPUT] Source 0 → Encoder | Type: FREEZE-FRAME | Frame: P | Size: 2709 bytes | PTS: 3813000
[mswitchdirect @ 0x13db04310] [MSwitch Direct OUTPUT] Source 0 → Encoder | Type: FREEZE-FRAME | Frame: P | Size: 2709 bytes | PTS: 3816000
[mswitchdirect @ 0x13db04310] [MSwitch Direct OUTPUT] Source 0 → Encoder | Type: FREEZE-FRAME | Frame: P | Size: 2709 bytes | PTS: 3819000
[mswitchdirect @ 0x13db04310] [MSwitch Direct OUTPUT] Source 0 → Encoder | Type: FREEZE-FRAME | Frame: P | Size: 2709 bytes | PTS: 3822000
[mswitchdirect @ 0x13db04310] [MSwitch Direct OUTPUT] Source 0 → Encoder | Type: FREEZE-FRAME | Frame: P | Size: 2709 bytes | PTS: 3825000
[mswitchdirect @ 0x13db04310] [MSwitch Direct OUTPUT] Source 0 → Encoder | Type: FREEZE-FRAME | Frame: P | Size: 2709 bytes | PTS: 3828000
[mswitchdirect @ 0x13db04310] [MSwitch Direct OUTPUT] Source 0 → Encoder | Type: FREEZE-FRAME | Frame: P | Size: 2709 bytes | PTS: 3831000
[mswitchdirect @ 0x13db04310] [MSwitch Direct OUTPUT] Source 0 → Encoder | Type: FREEZE-FRAME | Frame: P | Size: 2709 bytes | PTS: 3834000
[mswitchdirect @ 0x13db04310] [MSwitch Direct OUTPUT] Source 0 → Encoder | Type: FREEZE-FRAME | Frame: P | Size: 2709 bytes | PTS: 3837000
[mswitchdirect @ 0x13db04310] [MSwitch Direct OUTPUT] Source 0 → Encoder | Type: FREEZE-FRAME | Frame: P | Size: 2709 bytes | PTS: 3840000
[mswitchdirect @ 0x13db04310] [MSwitch Direct OUTPUT] Source 0 → Encoder | Type: FREEZE-FRAME | Frame: P | Size: 2709 bytes | PTS: 3843000
[mswitchdirect @ 0x13db04310] [MSwitch Direct OUTPUT] Source 0 → Encoder | Type: FREEZE-FRAME | Frame: P | Size: 2709 bytes | PTS: 3846000
[mswitchdirect @ 0x13db04310] [MSwitch Direct OUTPUT] Source 0 → Encoder | Type: FREEZE-FRAME | Frame: P | Size: 2709 bytes | PTS: 3849000
[mswitchdirect @ 0x13db04310] [MSwitch Direct OUTPUT] Source 0 → Encoder | Type: FREEZE-FRAME | Frame: P | Size: 2709 bytes | PTS: 3852000
[mswitchdirect @ 0x13db04310] [MSwitch Direct OUTPUT] Source 0 → Encoder | Type: FREEZE-FRAME | Frame: P | Size: 2709 bytes | PTS: 3855000
[mswitchdirect @ 0x13db04310] [MSwitch Direct OUTPUT] Source 0 → Encoder | Type: FREEZE-FRAME | Frame: P | Size: 2709 bytes | PTS: 3858000
[mswitchdirect @ 0x13db04310] [MSwitch Direct OUTPUT] Source 0 → Encoder | Type: FREEZE-FRAME | Frame: P | Size: 2709 bytes | PTS: 3861000
[mswitchdirect @ 0x13db04310] [MSwitch Direct OUTPUT] Source 0 → Encoder | Type: FREEZE-FRAME | Frame: P | Size: 2709 bytes | PTS: 3864000
[mswitchdirect @ 0x13db04310] [MSwitch Direct OUTPUT] Source 0 → Encoder | Type: FREEZE-FRAME | Frame: P | Size: 2709 bytes | PTS: 3867000
[mswitchdirect @ 0x13db04310] [MSwitch Direct OUTPUT] Source 0 → Encoder | Type: FREEZE-FRAME | Frame: P | Size: 2709 bytes | PTS: 3870000
[mswitchdirect @ 0x13db04310] [MSwitch Direct OUTPUT] Source 0 → Encoder | Type: FREEZE-FRAME | Frame: P | Size: 2709 bytes | PTS: 3873000
[mswitchdirect @ 0x13db04310] [MSwitch Direct OUTPUT] Source 0 → Encoder | Type: FREEZE-FRAME | Frame: P | Size: 2709 bytes | PTS: 3876000
[mswitchdirect @ 0x13db04310] [MSwitch Direct OUTPUT] Source 0 → Encoder | Type: FREEZE-FRAME | Frame: P | Size: 2709 bytes | PTS: 3879000
[mswitchdirect @ 0x13db04310] [MSwitch Direct OUTPUT] Source 0 → Encoder | Type: FREEZE-FRAME | Frame: P | Size: 2709 bytes | PTS: 3882000
[mswitchdirect @ 0x13db04310] [MSwitch Direct OUTPUT] Source 0 → Encoder | Type: FREEZE-FRAME | Frame: P | Size: 2709 bytes | PTS: 3885000
[mswitchdirect @ 0x13db04310] [MSwitch Direct OUTPUT] Source 0 → Encoder | Type: FREEZE-FRAME | Frame: P | Size: 2709 bytes | PTS: 3888000
[mswitchdirect @ 0x13db04310] [MSwitch Direct OUTPUT] Source 0 → Encoder | Type: FREEZE-FRAME | Frame: P | Size: 2709 bytes | PTS: 3891000
[mswitchdirect @ 0x13db04310] [MSwitch Direct OUTPUT] Source 0 → Encoder | Type: FREEZE-FRAME | Frame: P | Size: 2709 bytes | PTS: 3894000
[mswitchdirect @ 0x13db04310] [MSwitch Direct OUTPUT] Source 0 → Encoder | Type: FREEZE-FRAME | Frame: P | Size: 2709 bytes | PTS: 3897000
[mswitchdirect @ 0x13db04310] [MSwitch Direct OUTPUT] Source 0 → Encoder | Type: FREEZE-FRAME | Frame: P | Size: 2709 bytes | PTS: 3900000
[mswitchdirect @ 0x13db04310] [MSwitch Direct OUTPUT] Source 0 → Encoder | Type: FREEZE-FRAME | Frame: P | Size: 2709 bytes | PTS: 3903000
[mswitchdirect @ 0x13db04310] [MSwitch Direct OUTPUT] Source 0 → Encoder | Type: FREEZE-FRAME | Frame: P | Size: 2709 bytes | PTS: 3906000
[mswitchdirect @ 0x13db04310] [MSwitch Direct OUTPUT] Source 0 → Encoder | Type: FREEZE-FRAME | Frame: P | Size: 2709 bytes | PTS: 3909000
[mswitchdirect @ 0x13db04310] [MSwitch Direct OUTPUT] Source 0 → Encoder | Type: FREEZE-FRAME | Frame: P | Size: 2709 bytes | PTS: 3912000
[mswitchdirect @ 0x13db04310] [MSwitch Direct OUTPUT] Source 0 → Encoder | Type: FREEZE-FRAME | Frame: P | Size: 2709 bytes | PTS: 3915000
[mswitchdirect @ 0x13db04310] [MSwitch Direct OUTPUT] Source 0 → Encoder | Type: FREEZE-FRAME | Frame: P | Size: 2709 bytes | PTS: 3918000
[mswitchdirect @ 0x13db04310] [MSwitch Direct OUTPUT] Source 0 → Encoder | Type: FREEZE-FRAME | Frame: P | Size: 2709 bytes | PTS: 3921000
[mswitchdirect @ 0x13db04310] [MSwitch Direct OUTPUT] Source 0 → Encoder | Type: FREEZE-FRAME | Frame: P | Size: 2709 bytes | PTS: 3924000
[mswitchdirect @ 0x13db04310] [MSwitch Direct OUTPUT] Source 0 → Encoder | Type: FREEZE-FRAME | Frame: P | Size: 2709 bytes | PTS: 3927000
[mswitchdirect @ 0x13db04310] [MSwitch Direct OUTPUT] Source 0 → Encoder | Type: FREEZE-FRAME | Frame: P | Size: 2709 bytes | PTS: 3930000
[mswitchdirect @ 0x13db04310] [MSwitch Direct OUTPUT] Source 0 → Encoder | Type: FREEZE-FRAME | Frame: P | Size: 2709 bytes | PTS: 3933000
[mswitchdirect @ 0x13db04310] [MSwitch Direct OUTPUT] Source 0 → Encoder | Type: FREEZE-FRAME | Frame: P | Size: 2709 bytes | PTS: 3936000
[mswitchdirect @ 0x13db04310] [MSwitch Direct OUTPUT] Source 0 → Encoder | Type: FREEZE-FRAME | Frame: P | Size: 2709 bytes | PTS: 3939000
[mswitchdirect @ 0x13db04310] [MSwitch Direct OUTPUT] Source 0 → Encoder | Type: FREEZE-FRAME | Frame: P | Size: 2709 bytes | PTS: 3942000
[mswitchdirect @ 0x13db04310] [MSwitch Direct OUTPUT] Source 0 → Encoder | Type: FREEZE-FRAME | Frame: P | Size: 2709 bytes | PTS: 3945000
[mswitchdirect @ 0x13db04310] [MSwitch Direct OUTPUT] Source 0 → Encoder | Type: FREEZE-FRAME | Frame: P | Size: 2709 bytes | PTS: 3948000
[mswitchdirect @ 0x13db04310] [MSwitch Direct OUTPUT] Source 0 → Encoder | Type: FREEZE-FRAME | Frame: P | Size: 2709 bytes | PTS: 3951000
[mswitchdirect @ 0x13db04310] [MSwitch Direct OUTPUT] Source 0 → Encoder | Type: FREEZE-FRAME | Frame: P | Size: 2709 bytes | PTS: 3954000
[mswitchdirect @ 0x13db04310] [MSwitch Direct OUTPUT] Source 0 → Encoder | Type: FREEZE-FRAME | Frame: P | Size: 2709 bytes | PTS: 3957000
[mswitchdirect @ 0x13db04310] [MSwitch Direct OUTPUT] Source 0 → Encoder | Type: FREEZE-FRAME | Frame: P | Size: 2709 bytes | PTS: 3960000
[mswitchdirect @ 0x13db04310] [MSwitch Direct OUTPUT] Source 0 → Encoder | Type: FREEZE-FRAME | Frame: P | Size: 2709 bytes | PTS: 3963000
[mswitchdirect @ 0x13db04310] [MSwitch Direct OUTPUT] Source 0 → Encoder | Type: FREEZE-FRAME | Frame: P | Size: 2709 bytes | PTS: 3966000
[mswitchdirect @ 0x13db04310] [MSwitch Direct OUTPUT] Source 0 → Encoder | Type: FREEZE-FRAME | Frame: P | Size: 2709 bytes | PTS: 3969000
[mswitchdirect @ 0x13db04310] [MSwitch Direct OUTPUT] Source 0 → Encoder | Type: FREEZE-FRAME | Frame: P | Size: 2709 bytes | PTS: 3972000
[mswitchdirect @ 0x13db04310] [MSwitch Direct OUTPUT] Source 0 → Encoder | Type: FREEZE-FRAME | Frame: P | Size: 2709 bytes | PTS: 3975000
[mswitchdirect @ 0x13db04310] [MSwitch Direct OUTPUT] Source 0 → Encoder | Type: FREEZE-FRAME | Frame: P | Size: 2709 bytes | PTS: 3978000
[mswitchdirect @ 0x13db04310] [MSwitch Direct OUTPUT] Source 0 → Encoder | Type: FREEZE-FRAME | Frame: P | Size: 2709 bytes | PTS: 3981000
[mswitchdirect @ 0x13db04310] [MSwitch Direct OUTPUT] Source 0 → Encoder | Type: FREEZE-FRAME | Frame: P | Size: 2709 bytes | PTS: 3984000
[mswitchdirect @ 0x13db04310] [MSwitch Direct OUTPUT] Source 0 → Encoder | Type: FREEZE-FRAME | Frame: P | Size: 2709 bytes | PTS: 3987000
[mswitchdirect @ 0x13db04310] [MSwitch Direct OUTPUT] Source 0 → Encoder | Type: FREEZE-FRAME | Frame: P | Size: 2709 bytes | PTS: 3990000
[mswitchdirect @ 0x13db04310] [MSwitch Direct OUTPUT] Source 0 → Encoder | Type: FREEZE-FRAME | Frame: P | Size: 2709 bytes | PTS: 3993000
[mswitchdirect @ 0x13db04310] [MSwitch Direct OUTPUT] Source 0 → Encoder | Type: FREEZE-FRAME | Frame: P | Size: 2709 bytes | PTS: 3996000
[mswitchdirect @ 0x13db04310] [MSwitch Direct OUTPUT] Source 0 → Encoder | Type: FREEZE-FRAME | Frame: P | Size: 2709 bytes | PTS: 3999000
[mswitchdirect @ 0x13db04310] [MSwitch Direct OUTPUT] Source 0 → Encoder | Type: FREEZE-FRAME | Frame: P | Size: 2709 bytes | PTS: 4002000
[mswitchdirect @ 0x13db04310] [MSwitch Direct OUTPUT] Source 0 → Encoder | Type: FREEZE-FRAME | Frame: P | Size: 2709 bytes | PTS: 4005000
[mswitchdirect @ 0x13db04310] [MSwitch Direct OUTPUT] Source 0 → Encoder | Type: FREEZE-FRAME | Frame: P | Size: 2709 bytes | PTS: 4008000
[mswitchdirect @ 0x13db04310] [MSwitch Direct OUTPUT] Source 0 → Encoder | Type: FREEZE-FRAME | Frame: P | Size: 2709 bytes | PTS: 4011000
[mswitchdirect @ 0x13db04310] [MSwitch Direct OUTPUT] Source 0 → Encoder | Type: FREEZE-FRAME | Frame: P | Size: 2709 bytes | PTS: 4014000
[mswitchdirect @ 0x13db04310] [MSwitch Direct OUTPUT] Source 0 → Encoder | Type: FREEZE-FRAME | Frame: P | Size: 2709 bytes | PTS: 4017000
[mswitchdirect @ 0x13db04310] [MSwitch Direct OUTPUT] Source 0 → Encoder | Type: FREEZE-FRAME | Frame: P | Size: 2709 bytes | PTS: 4020000
[mswitchdirect @ 0x13db04310] [MSwitch Direct OUTPUT] Source 0 → Encoder | Type: FREEZE-FRAME | Frame: P | Size: 2709 bytes | PTS: 4023000
[mswitchdirect @ 0x13db04310] [MSwitch Direct OUTPUT] Source 0 → Encoder | Type: FREEZE-FRAME | Frame: P | Size: 2709 bytes | PTS: 4026000
[mswitchdirect @ 0x13db04310] [MSwitch Direct OUTPUT] Source 0 → Encoder | Type: FREEZE-FRAME | Frame: P | Size: 2709 bytes | PTS: 4029000
[mswitchdirect @ 0x13db04310] [MSwitch Direct OUTPUT] Source 0 → Encoder | Type: FREEZE-FRAME | Frame: P | Size: 2709 bytes | PTS: 4032000
[mswitchdirect @ 0x13db04310] [MSwitch Direct OUTPUT] Source 0 → Encoder | Type: FREEZE-FRAME | Frame: P | Size: 2709 bytes | PTS: 4035000
[mswitchdirect @ 0x13db04310] [MSwitch Direct OUTPUT] Source 0 → Encoder | Type: FREEZE-FRAME | Frame: P | Size: 2709 bytes | PTS: 4038000
[mswitchdirect @ 0x13db04310] [MSwitch Direct OUTPUT] Source 0 → Encoder | Type: FREEZE-FRAME | Frame: P | Size: 2709 bytes | PTS: 4041000
[mswitchdirect @ 0x13db04310] [MSwitch Direct OUTPUT] Source 0 → Encoder | Type: FREEZE-FRAME | Frame: P | Size: 2709 bytes | PTS: 4044000
[mswitchdirect @ 0x13db04310] [MSwitch Direct OUTPUT] Source 0 → Encoder | Type: FREEZE-FRAME | Frame: P | Size: 2709 bytes | PTS: 4047000
[mswitchdirect @ 0x13db04310] [MSwitch Direct OUTPUT] Source 0 → Encoder | Type: FREEZE-FRAME | Frame: P | Size: 2709 bytes | PTS: 4050000
[mswitchdirect @ 0x13db04310] [MSwitch Direct OUTPUT] Source 0 → Encoder | Type: FREEZE-FRAME | Frame: P | Size: 2709 bytes | PTS: 4053000
[mswitchdirect @ 0x13db04310] [MSwitch Direct OUTPUT] Source 0 → Encoder | Type: FREEZE-FRAME | Frame: P | Size: 2709 bytes | PTS: 4056000
[mswitchdirect @ 0x13db04310] [MSwitch Direct OUTPUT] Source 0 → Encoder | Type: FREEZE-FRAME | Frame: P | Size: 2709 bytes | PTS: 4059000
[mswitchdirect @ 0x13db04310] [MSwitch Direct OUTPUT] Source 0 → Encoder | Type: FREEZE-FRAME | Frame: P | Size: 2709 bytes | PTS: 4062000
[mswitchdirect @ 0x13db04310] [MSwitch Direct OUTPUT] Source 0 → Encoder | Type: FREEZE-FRAME | Frame: P | Size: 2709 bytes | PTS: 4065000
[mswitchdirect @ 0x13db04310] [MSwitch Direct OUTPUT] Source 0 → Encoder | Type: FREEZE-FRAME | Frame: P | Size: 2709 bytes | PTS: 4068000
[mswitchdirect @ 0x13db04310] [MSwitch Direct OUTPUT] Source 0 → Encoder | Type: FREEZE-FRAME | Frame: P | Size: 2709 bytes | PTS: 4071000
[mswitchdirect @ 0x13db04310] [MSwitch Direct OUTPUT] Source 0 → Encoder | Type: FREEZE-FRAME | Frame: P | Size: 2709 bytes | PTS: 4074000
[mswitchdirect @ 0x13db04310] [MSwitch Direct OUTPUT] Source 0 → Encoder | Type: FREEZE-FRAME | Frame: P | Size: 2709 bytes | PTS: 4077000
[mswitchdirect @ 0x13db04310] [MSwitch Direct OUTPUT] Source 0 → Encoder | Type: FREEZE-FRAME | Frame: P | Size: 2709 bytes | PTS: 4080000
[mswitchdirect @ 0x13db04310] [MSwitch Direct OUTPUT] Source 0 → Encoder | Type: FREEZE-FRAME | Frame: P | Size: 2709 bytes | PTS: 4083000
[mswitchdirect @ 0x13db04310] [MSwitch Direct OUTPUT] Source 0 → Encoder | Type: FREEZE-FRAME | Frame: P | Size: 2709 bytes | PTS: 4086000
[mswitchdirect @ 0x13db04310] [MSwitch Direct OUTPUT] Source 0 → Encoder | Type: FREEZE-FRAME | Frame: P | Size: 2709 bytes | PTS: 4089000
[mswitchdirect @ 0x13db04310] [MSwitch Direct OUTPUT] Source 0 → Encoder | Type: FREEZE-FRAME | Frame: P | Size: 2709 bytes | PTS: 4092000
[mswitchdirect @ 0x13db04310] [MSwitch Direct OUTPUT] Source 0 → Encoder | Type: FREEZE-FRAME | Frame: P | Size: 2709 bytes | PTS: 4095000
[mswitchdirect @ 0x13db04310] [MSwitch Direct OUTPUT] Source 0 → Encoder | Type: FREEZE-FRAME | Frame: P | Size: 2709 bytes | PTS: 4098000
[mswitchdirect @ 0x13db04310] [MSwitch Direct OUTPUT] Source 0 → Encoder | Type: FREEZE-FRAME | Frame: P | Size: 2709 bytes | PTS: 4101000
[mswitchdirect @ 0x13db04310] [MSwitch Direct OUTPUT] Source 0 → Encoder | Type: FREEZE-FRAME | Frame: P | Size: 2709 bytes | PTS: 4104000
[mswitchdirect @ 0x13db04310] [MSwitch Direct OUTPUT] Source 0 → Encoder | Type: FREEZE-FRAME | Frame: P | Size: 2709 bytes | PTS: 4107000
[mswitchdirect @ 0x13db04310] [MSwitch Direct OUTPUT] Source 0 → Encoder | Type: FREEZE-FRAME | Frame: P | Size: 2709 bytes | PTS: 4110000
[mswitchdirect @ 0x13db04310] [MSwitch Direct OUTPUT] Source 0 → Encoder | Type: FREEZE-FRAME | Frame: P | Size: 2709 bytes | PTS: 4113000
[mswitchdirect @ 0x13db04310] [MSwitch Direct OUTPUT] Source 0 → Encoder | Type: FREEZE-FRAME | Frame: P | Size: 2709 bytes | PTS: 4116000
[mswitchdirect @ 0x13db04310] [MSwitch Direct OUTPUT] Source 0 → Encoder | Type: FREEZE-FRAME | Frame: P | Size: 2709 bytes | PTS: 4119000
[mswitchdirect @ 0x13db04310] [MSwitch Direct OUTPUT] Source 0 → Encoder | Type: FREEZE-FRAME | Frame: P | Size: 2709 bytes | PTS: 4122000
[mswitchdirect @ 0x13db04310] [MSwitch Direct OUTPUT] Source 0 → Encoder | Type: FREEZE-FRAME | Frame: P | Size: 2709 bytes | PTS: 4125000
[mswitchdirect @ 0x13db04310] [MSwitch Direct OUTPUT] Source 0 → Encoder | Type: FREEZE-FRAME | Frame: P | Size: 2709 bytes | PTS: 4128000
[mswitchdirect @ 0x13db04310] [MSwitch Direct OUTPUT] Source 0 → Encoder | Type: FREEZE-FRAME | Frame: P | Size: 2709 bytes | PTS: 4131000
[mswitchdirect @ 0x13db04310] [MSwitch Direct OUTPUT] Source 0 → Encoder | Type: FREEZE-FRAME | Frame: P | Size: 2709 bytes | PTS: 4134000
[mswitchdirect @ 0x13db04310] [MSwitch Direct OUTPUT] Source 0 → Encoder | Type: FREEZE-FRAME | Frame: P | Size: 2709 bytes | PTS: 4137000
[mswitchdirect @ 0x13db04310] [MSwitch Direct OUTPUT] Source 0 → Encoder | Type: FREEZE-FRAME | Frame: P | Size: 2709 bytes | PTS: 4140000
[mswitchdirect @ 0x13db04310] [MSwitch Direct OUTPUT] Source 0 → Encoder | Type: FREEZE-FRAME | Frame: P | Size: 2709 bytes | PTS: 4143000
[mswitchdirect @ 0x13db04310] [MSwitch Direct OUTPUT] Source 0 → Encoder | Type: FREEZE-FRAME | Frame: P | Size: 2709 bytes | PTS: 4146000
[mswitchdirect @ 0x13db04310] [MSwitch Direct OUTPUT] Source 0 → Encoder | Type: FREEZE-FRAME | Frame: P | Size: 2709 bytes | PTS: 4149000
[mswitchdirect @ 0x13db04310] [MSwitch Direct OUTPUT] Source 0 → Encoder | Type: FREEZE-FRAME | Frame: P | Size: 2709 bytes | PTS: 4152000
[mswitchdirect @ 0x13db04310] [MSwitch Direct OUTPUT] Source 0 → Encoder | Type: FREEZE-FRAME | Frame: P | Size: 2709 bytes | PTS: 4155000
[mswitchdirect @ 0x13db04310] [MSwitch Direct OUTPUT] Source 0 → Encoder | Type: FREEZE-FRAME | Frame: P | Size: 2709 bytes | PTS: 4158000
[mswitchdirect @ 0x13db04310] [MSwitch Direct OUTPUT] Source 0 → Encoder | Type: FREEZE-FRAME | Frame: P | Size: 2709 bytes | PTS: 4161000
[mswitchdirect @ 0x13db04310] [MSwitch Direct OUTPUT] Source 0 → Encoder | Type: FREEZE-FRAME | Frame: P | Size: 2709 bytes | PTS: 4164000
[mswitchdirect @ 0x13db04310] [MSwitch Direct OUTPUT] Source 0 → Encoder | Type: FREEZE-FRAME | Frame: P | Size: 2709 bytes | PTS: 4167000
[mswitchdirect @ 0x13db04310] [MSwitch Direct OUTPUT] Source 0 → Encoder | Type: FREEZE-FRAME | Frame: P | Size: 2709 bytes | PTS: 4170000
[mswitchdirect @ 0x13db04310] [MSwitch Direct OUTPUT] Source 0 → Encoder | Type: FREEZE-FRAME | Frame: P | Size: 2709 bytes | PTS: 4173000
[mswitchdirect @ 0x13db04310] [MSwitch Direct OUTPUT] Source 0 → Encoder | Type: FREEZE-FRAME | Frame: P | Size: 2709 bytes | PTS: 4176000
[mswitchdirect @ 0x13db04310] [MSwitch Direct OUTPUT] Source 0 → Encoder | Type: FREEZE-FRAME | Frame: P | Size: 2709 bytes | PTS: 4179000
[mswitchdirect @ 0x13db04310] [MSwitch Direct OUTPUT] Source 0 → Encoder | Type: FREEZE-FRAME | Frame: P | Size: 2709 bytes | PTS: 4182000
[mswitchdirect @ 0x13db04310] [MSwitch Direct OUTPUT] Source 0 → Encoder | Type: FREEZE-FRAME | Frame: P | Size: 2709 bytes | PTS: 4185000
[mswitchdirect @ 0x13db04310] [MSwitch Direct OUTPUT] Source 0 → Encoder | Type: FREEZE-FRAME | Frame: P | Size: 2709 bytes | PTS: 4188000
[mswitchdirect @ 0x13db04310] [MSwitch Direct OUTPUT] Source 0 → Encoder | Type: FREEZE-FRAME | Frame: P | Size: 2709 bytes | PTS: 4191000
[mswitchdirect @ 0x13db04310] [MSwitch Direct OUTPUT] Source 0 → Encoder | Type: FREEZE-FRAME | Frame: P | Size: 2709 bytes | PTS: 4194000
[mswitchdirect @ 0x13db04310] [MSwitch Direct OUTPUT] Source 0 → Encoder | Type: FREEZE-FRAME | Frame: P | Size: 2709 bytes | PTS: 4197000
[mswitchdirect @ 0x13db04310] [MSwitch Direct OUTPUT] Source 0 → Encoder | Type: FREEZE-FRAME | Frame: P | Size: 2709 bytes | PTS: 4200000
[mswitchdirect @ 0x13db04310] [MSwitch Direct OUTPUT] Source 0 → Encoder | Type: FREEZE-FRAME | Frame: P | Size: 2709 bytes | PTS: 4203000
[mswitchdirect @ 0x13db04310] [MSwitch Direct OUTPUT] Source 0 → Encoder | Type: FREEZE-FRAME | Frame: P | Size: 2709 bytes | PTS: 4206000
[mswitchdirect @ 0x13db04310] [MSwitch Direct OUTPUT] Source 0 → Encoder | Type: FREEZE-FRAME | Frame: P | Size: 2709 bytes | PTS: 4209000
[mswitchdirect @ 0x13db04310] [MSwitch Direct OUTPUT] Source 0 → Encoder | Type: FREEZE-FRAME | Frame: P | Size: 2709 bytes | PTS: 4212000
[mswitchdirect @ 0x13db04310] [MSwitch Direct OUTPUT] Source 0 → Encoder | Type: FREEZE-FRAME | Frame: P | Size: 2709 bytes | PTS: 4215000
[mswitchdirect @ 0x13db04310] [MSwitch Direct OUTPUT] Source 0 → Encoder | Type: FREEZE-FRAME | Frame: P | Size: 2709 bytes | PTS: 4218000
[mswitchdirect @ 0x13db04310] [MSwitch Direct OUTPUT] Source 0 → Encoder | Type: FREEZE-FRAME | Frame: P | Size: 2709 bytes | PTS: 4221000
[mswitchdirect @ 0x13db04310] [MSwitch Direct OUTPUT] Source 0 → Encoder | Type: FREEZE-FRAME | Frame: P | Size: 2709 bytes | PTS: 4224000
[mswitchdirect @ 0x13db04310] [MSwitch Direct OUTPUT] Source 0 → Encoder | Type: FREEZE-FRAME | Frame: P | Size: 2709 bytes | PTS: 4227000
[mswitchdirect @ 0x13db04310] [MSwitch Direct OUTPUT] Source 0 → Encoder | Type: FREEZE-FRAME | Frame: P | Size: 2709 bytes | PTS: 4230000
[mswitchdirect @ 0x13db04310] [MSwitch Direct OUTPUT] Source 0 → Encoder | Type: FREEZE-FRAME | Frame: P | Size: 2709 bytes | PTS: 4233000
[mswitchdirect @ 0x13db04310] [MSwitch Direct OUTPUT] Source 0 → Encoder | Type: FREEZE-FRAME | Frame: P | Size: 2709 bytes | PTS: 4236000
[mswitchdirect @ 0x13db04310] [MSwitch Direct OUTPUT] Source 0 → Encoder | Type: FREEZE-FRAME | Frame: P | Size: 2709 bytes | PTS: 4239000
[mswitchdirect @ 0x13db04310] [MSwitch Direct OUTPUT] Source 0 → Encoder | Type: FREEZE-FRAME | Frame: P | Size: 2709 bytes | PTS: 4242000
[mswitchdirect @ 0x13db04310] [MSwitch Direct OUTPUT] Source 0 → Encoder | Type: FREEZE-FRAME | Frame: P | Size: 2709 bytes | PTS: 4245000
[mswitchdirect @ 0x13db04310] [MSwitch Direct OUTPUT] Source 0 → Encoder | Type: FREEZE-FRAME | Frame: P | Size: 2709 bytes | PTS: 4248000
[mswitchdirect @ 0x13db04310] [MSwitch Direct OUTPUT] Source 0 → Encoder | Type: FREEZE-FRAME | Frame: P | Size: 2709 bytes | PTS: 4251000
[mswitchdirect @ 0x13db04310] [MSwitch Direct OUTPUT] Source 0 → Encoder | Type: FREEZE-FRAME | Frame: P | Size: 2709 bytes | PTS: 4254000
[mswitchdirect @ 0x13db04310] [MSwitch Direct OUTPUT] Source 0 → Encoder | Type: FREEZE-FRAME | Frame: P | Size: 2709 bytes | PTS: 4257000
[mswitchdirect @ 0x13db04310] [MSwitch Direct OUTPUT] Source 0 → Encoder | Type: FREEZE-FRAME | Frame: P | Size: 2709 bytes | PTS: 4260000
[mswitchdirect @ 0x13db04310] [MSwitch Direct OUTPUT] Source 0 → Encoder | Type: FREEZE-FRAME | Frame: P | Size: 2709 bytes | PTS: 4263000
[mswitchdirect @ 0x13db04310] [MSwitch Direct OUTPUT] Source 0 → Encoder | Type: FREEZE-FRAME | Frame: P | Size: 2709 bytes | PTS: 4266000
[mswitchdirect @ 0x13db04310] [MSwitch Direct OUTPUT] Source 0 → Encoder | Type: FREEZE-FRAME | Frame: P | Size: 2709 bytes | PTS: 4269000
[mswitchdirect @ 0x13db04310] [MSwitch Direct OUTPUT] Source 0 → Encoder | Type: FREEZE-FRAME | Frame: P | Size: 2709 bytes | PTS: 4272000
[mswitchdirect @ 0x13db04310] [MSwitch Direct OUTPUT] Source 0 → Encoder | Type: FREEZE-FRAME | Frame: P | Size: 2709 bytes | PTS: 4275000
[mswitchdirect @ 0x13db04310] [MSwitch Direct OUTPUT] Source 0 → Encoder | Type: FREEZE-FRAME | Frame: P | Size: 2709 bytes | PTS: 4278000
[mswitchdirect @ 0x13db04310] [MSwitch Direct OUTPUT] Source 0 → Encoder | Type: FREEZE-FRAME | Frame: P | Size: 2709 bytes | PTS: 4281000
[mswitchdirect @ 0x13db04310] [MSwitch Direct OUTPUT] Source 0 → Encoder | Type: FREEZE-FRAME | Frame: P | Size: 2709 bytes | PTS: 4284000
[mswitchdirect @ 0x13db04310] [MSwitch Direct OUTPUT] Source 0 → Encoder | Type: FREEZE-FRAME | Frame: P | Size: 2709 bytes | PTS: 4287000
[mswitchdirect @ 0x13db04310] [MSwitch Direct OUTPUT] Source 0 → Encoder | Type: FREEZE-FRAME | Frame: P | Size: 2709 bytes | PTS: 4290000
[mswitchdirect @ 0x13db04310] [MSwitch Direct OUTPUT] Source 0 → Encoder | Type: FREEZE-FRAME | Frame: P | Size: 2709 bytes | PTS: 4293000
[mswitchdirect @ 0x13db04310] [MSwitch Direct OUTPUT] Source 0 → Encoder | Type: FREEZE-FRAME | Frame: P | Size: 2709 bytes | PTS: 4296000
[mswitchdirect @ 0x13db04310] [MSwitch Direct OUTPUT] Source 0 → Encoder | Type: FREEZE-FRAME | Frame: P | Size: 2709 bytes | PTS: 4299000
[mswitchdirect @ 0x13db04310] [MSwitch Direct OUTPUT] Source 0 → Encoder | Type: FREEZE-FRAME | Frame: P | Size: 2709 bytes | PTS: 4302000
[mswitchdirect @ 0x13db04310] [MSwitch Direct OUTPUT] Source 0 → Encoder | Type: FREEZE-FRAME | Frame: P | Size: 2709 bytes | PTS: 4305000
[mswitchdirect @ 0x13db04310] [MSwitch Direct OUTPUT] Source 0 → Encoder | Type: FREEZE-FRAME | Frame: P | Size: 2709 bytes | PTS: 4308000
[mswitchdirect @ 0x13db04310] [MSwitch Direct OUTPUT] Source 0 → Encoder | Type: FREEZE-FRAME | Frame: P | Size: 2709 bytes | PTS: 4311000
[mswitchdirect @ 0x13db04310] [MSwitch Direct OUTPUT] Source 0 → Encoder | Type: FREEZE-FRAME | Frame: P | Size: 2709 bytes | PTS: 4314000
[mswitchdirect @ 0x13db04310] [MSwitch Direct OUTPUT] Source 0 → Encoder | Type: FREEZE-FRAME | Frame: P | Size: 2709 bytes | PTS: 4317000
[mswitchdirect @ 0x13db04310] [MSwitch Direct OUTPUT] Source 0 → Encoder | Type: FREEZE-FRAME | Frame: P | Size: 2709 bytes | PTS: 4320000
[mswitchdirect @ 0x13db04310] [MSwitch Direct OUTPUT] Source 0 → Encoder | Type: FREEZE-FRAME | Frame: P | Size: 2709 bytes | PTS: 4323000
[mswitchdirect @ 0x13db04310] [MSwitch Direct OUTPUT] Source 0 → Encoder | Type: FREEZE-FRAME | Frame: P | Size: 2709 bytes | PTS: 4326000
[mswitchdirect @ 0x13db04310] [MSwitch Direct OUTPUT] Source 0 → Encoder | Type: FREEZE-FRAME | Frame: P | Size: 2709 bytes | PTS: 4329000
[mswitchdirect @ 0x13db04310] [MSwitch Direct OUTPUT] Source 0 → Encoder | Type: FREEZE-FRAME | Frame: P | Size: 2709 bytes | PTS: 4332000
[mswitchdirect @ 0x13db04310] [MSwitch Direct OUTPUT] Source 0 → Encoder | Type: FREEZE-FRAME | Frame: P | Size: 2709 bytes | PTS: 4335000
[mswitchdirect @ 0x13db04310] [MSwitch Direct OUTPUT] Source 0 → Encoder | Type: FREEZE-FRAME | Frame: P | Size: 2709 bytes | PTS: 4338000
[mswitchdirect @ 0x13db04310] [MSwitch Direct OUTPUT] Source 0 → Encoder | Type: FREEZE-FRAME | Frame: P | Size: 2709 bytes | PTS: 4341000
[mswitchdirect @ 0x13db04310] [MSwitch Direct OUTPUT] Source 0 → Encoder | Type: FREEZE-FRAME | Frame: P | Size: 2709 bytes | PTS: 4344000
[mswitchdirect @ 0x13db04310] [MSwitch Direct OUTPUT] Source 0 → Encoder | Type: FREEZE-FRAME | Frame: P | Size: 2709 bytes | PTS: 4347000
[mswitchdirect @ 0x13db04310] [MSwitch Direct OUTPUT] Source 0 → Encoder | Type: FREEZE-FRAME | Frame: P | Size: 2709 bytes | PTS: 4350000
[mswitchdirect @ 0x13db04310] [MSwitch Direct OUTPUT] Source 0 → Encoder | Type: FREEZE-FRAME | Frame: P | Size: 2709 bytes | PTS: 4353000
[mswitchdirect @ 0x13db04310] [MSwitch Direct OUTPUT] Source 0 → Encoder | Type: FREEZE-FRAME | Frame: P | Size: 2709 bytes | PTS: 4356000
[mswitchdirect @ 0x13db04310] [MSwitch Direct OUTPUT] Source 0 → Encoder | Type: FREEZE-FRAME | Frame: P | Size: 2709 bytes | PTS: 4359000
[mswitchdirect @ 0x13db04310] [MSwitch Direct OUTPUT] Source 0 → Encoder | Type: FREEZE-FRAME | Frame: P | Size: 2709 bytes | PTS: 4362000
[mswitchdirect @ 0x13db04310] [MSwitch Direct OUTPUT] Source 0 → Encoder | Type: FREEZE-FRAME | Frame: P | Size: 2709 bytes | PTS: 4365000
[mswitchdirect @ 0x13db04310] [MSwitch Direct OUTPUT] Source 0 → Encoder | Type: FREEZE-FRAME | Frame: P | Size: 2709 bytes | PTS: 4368000
[mswitchdirect @ 0x13db04310] [MSwitch Direct OUTPUT] Source 0 → Encoder | Type: FREEZE-FRAME | Frame: P | Size: 2709 bytes | PTS: 4371000
[mswitchdirect @ 0x13db04310] [MSwitch Direct OUTPUT] Source 0 → Encoder | Type: FREEZE-FRAME | Frame: P | Size: 2709 bytes | PTS: 4374000
[mswitchdirect @ 0x13db04310] [MSwitch Direct OUTPUT] Source 0 → Encoder | Type: FREEZE-FRAME | Frame: P | Size: 2709 bytes | PTS: 4377000
[mswitchdirect @ 0x13db04310] [MSwitch Direct OUTPUT] Source 0 → Encoder | Type: FREEZE-FRAME | Frame: P | Size: 2709 bytes | PTS: 4380000
[mswitchdirect @ 0x13db04310] [MSwitch Direct OUTPUT] Source 0 → Encoder | Type: FREEZE-FRAME | Frame: P | Size: 2709 bytes | PTS: 4383000
[mswitchdirect @ 0x13db04310] [MSwitch Direct OUTPUT] Source 0 → Encoder | Type: FREEZE-FRAME | Frame: P | Size: 2709 bytes | PTS: 4386000
[mswitchdirect @ 0x13db04310] [MSwitch Direct OUTPUT] Source 0 → Encoder | Type: FREEZE-FRAME | Frame: P | Size: 2709 bytes | PTS: 4389000
[mswitchdirect @ 0x13db04310] [MSwitch Direct OUTPUT] Source 0 → Encoder | Type: FREEZE-FRAME | Frame: P | Size: 2709 bytes | PTS: 4392000
[mswitchdirect @ 0x13db04310] [MSwitch Direct OUTPUT] Source 0 → Encoder | Type: FREEZE-FRAME | Frame: P | Size: 2709 bytes | PTS: 4395000
[mswitchdirect @ 0x13db04310] [MSwitch Direct OUTPUT] Source 0 → Encoder | Type: FREEZE-FRAME | Frame: P | Size: 2709 bytes | PTS: 4398000
[mswitchdirect @ 0x13db04310] [MSwitch Direct OUTPUT] Source 0 → Encoder | Type: FREEZE-FRAME | Frame: P | Size: 2709 bytes | PTS: 4401000
[mswitchdirect @ 0x13db04310] [MSwitch Direct OUTPUT] Source 0 → Encoder | Type: FREEZE-FRAME | Frame: P | Size: 2709 bytes | PTS: 4404000
[mswitchdirect @ 0x13db04310] [MSwitch Direct OUTPUT] Source 0 → Encoder | Type: FREEZE-FRAME | Frame: P | Size: 2709 bytes | PTS: 4407000
[mswitchdirect @ 0x13db04310] [MSwitch Direct OUTPUT] Source 0 → Encoder | Type: FREEZE-FRAME | Frame: P | Size: 2709 bytes | PTS: 4410000
[mswitchdirect @ 0x13db04310] [MSwitch Direct OUTPUT] Source 0 → Encoder | Type: FREEZE-FRAME | Frame: P | Size: 2709 bytes | PTS: 4413000
[mswitchdirect @ 0x13db04310] [MSwitch Direct OUTPUT] Source 0 → Encoder | Type: FREEZE-FRAME | Frame: P | Size: 2709 bytes | PTS: 4416000
[mswitchdirect @ 0x13db04310] [MSwitch Direct OUTPUT] Source 0 → Encoder | Type: FREEZE-FRAME | Frame: P | Size: 2709 bytes | PTS: 4419000
[mswitchdirect @ 0x13db04310] [MSwitch Direct OUTPUT] Source 0 → Encoder | Type: FREEZE-FRAME | Frame: P | Size: 2709 bytes | PTS: 4422000
[mswitchdirect @ 0x13db04310] [MSwitch Direct OUTPUT] Source 0 → Encoder | Type: FREEZE-FRAME | Frame: P | Size: 2709 bytes | PTS: 4425000
[mswitchdirect @ 0x13db04310] [MSwitch Direct OUTPUT] Source 0 → Encoder | Type: FREEZE-FRAME | Frame: P | Size: 2709 bytes | PTS: 4428000
[mswitchdirect @ 0x13db04310] [MSwitch Direct OUTPUT] Source 0 → Encoder | Type: FREEZE-FRAME | Frame: P | Size: 2709 bytes | PTS: 4431000
[mswitchdirect @ 0x13db04310] [MSwitch Direct OUTPUT] Source 0 → Encoder | Type: FREEZE-FRAME | Frame: P | Size: 2709 bytes | PTS: 4434000
[mswitchdirect @ 0x13db04310] [MSwitch Direct OUTPUT] Source 0 → Encoder | Type: FREEZE-FRAME | Frame: P | Size: 2709 bytes | PTS: 4437000
[mswitchdirect @ 0x13db04310] [MSwitch Direct OUTPUT] Source 0 → Encoder | Type: FREEZE-FRAME | Frame: P | Size: 2709 bytes | PTS: 4440000
[mswitchdirect @ 0x13db04310] [MSwitch Direct OUTPUT] Source 0 → Encoder | Type: FREEZE-FRAME | Frame: P | Size: 2709 bytes | PTS: 4443000
[mswitchdirect @ 0x13db04310] [MSwitch Direct OUTPUT] Source 0 → Encoder | Type: FREEZE-FRAME | Frame: P | Size: 2709 bytes | PTS: 4446000
[mswitchdirect @ 0x13db04310] [MSwitch Direct OUTPUT] Source 0 → Encoder | Type: FREEZE-FRAME | Frame: P | Size: 2709 bytes | PTS: 4449000
[mswitchdirect @ 0x13db04310] [MSwitch Direct OUTPUT] Source 0 → Encoder | Type: FREEZE-FRAME | Frame: P | Size: 2709 bytes | PTS: 4452000
[mswitchdirect @ 0x13db04310] [MSwitch Direct OUTPUT] Source 0 → Encoder | Type: FREEZE-FRAME | Frame: P | Size: 2709 bytes | PTS: 4455000
[mswitchdirect @ 0x13db04310] [MSwitch Direct OUTPUT] Source 0 → Encoder | Type: FREEZE-FRAME | Frame: P | Size: 2709 bytes | PTS: 4458000
[mswitchdirect @ 0x13db04310] [MSwitch Direct OUTPUT] Source 0 → Encoder | Type: FREEZE-FRAME | Frame: P | Size: 2709 bytes | PTS: 4461000
[mswitchdirect @ 0x13db04310] [MSwitch Direct OUTPUT] Source 0 → Encoder | Type: FREEZE-FRAME | Frame: P | Size: 2709 bytes | PTS: 4464000
[mswitchdirect @ 0x13db04310] [MSwitch Direct OUTPUT] Source 0 → Encoder | Type: FREEZE-FRAME | Frame: P | Size: 2709 bytes | PTS: 4467000
[mswitchdirect @ 0x13db04310] [MSwitch Direct OUTPUT] Source 0 → Encoder | Type: FREEZE-FRAME | Frame: P | Size: 2709 bytes | PTS: 4470000
[mswitchdirect @ 0x13db04310] [MSwitch Direct OUTPUT] Source 0 → Encoder | Type: FREEZE-FRAME | Frame: P | Size: 2709 bytes | PTS: 4473000
[mswitchdirect @ 0x13db04310] [MSwitch Direct OUTPUT] Source 0 → Encoder | Type: FREEZE-FRAME | Frame: P | Size: 2709 bytes | PTS: 4476000
[mswitchdirect @ 0x13db04310] [MSwitch Direct OUTPUT] Source 0 → Encoder | Type: FREEZE-FRAME | Frame: P | Size: 2709 bytes | PTS: 4479000
[mswitchdirect @ 0x13db04310] [MSwitch Direct OUTPUT] Source 0 → Encoder | Type: FREEZE-FRAME | Frame: P | Size: 2709 bytes | PTS: 4482000
[mswitchdirect @ 0x13db04310] [MSwitch Direct OUTPUT] Source 0 → Encoder | Type: FREEZE-FRAME | Frame: P | Size: 2709 bytes | PTS: 4485000
[mswitchdirect @ 0x13db04310] [MSwitch Direct OUTPUT] Source 0 → Encoder | Type: FREEZE-FRAME | Frame: P | Size: 2709 bytes | PTS: 4488000
[mswitchdirect @ 0x13db04310] [MSwitch Direct OUTPUT] Source 0 → Encoder | Type: FREEZE-FRAME | Frame: P | Size: 2709 bytes | PTS: 4491000
[mswitchdirect @ 0x13db04310] [MSwitch Direct OUTPUT] Source 0 → Encoder | Type: FREEZE-FRAME | Frame: P | Size: 2709 bytes | PTS: 4494000
[mswitchdirect @ 0x13db04310] [MSwitch Direct OUTPUT] Source 0 → Encoder | Type: FREEZE-FRAME | Frame: P | Size: 2709 bytes | PTS: 4497000
[mswitchdirect @ 0x13db04310] [MSwitch Direct OUTPUT] Source 0 → Encoder | Type: FREEZE-FRAME | Frame: P | Size: 2709 bytes | PTS: 4500000
[mswitchdirect @ 0x13db04310] [MSwitch Direct OUTPUT] Source 0 → Encoder | Type: FREEZE-FRAME | Frame: P | Size: 2709 bytes | PTS: 4503000
[mswitchdirect @ 0x13db04310] [MSwitch Direct OUTPUT] Source 0 → Encoder | Type: FREEZE-FRAME | Frame: P | Size: 2709 bytes | PTS: 4506000
[mswitchdirect @ 0x13db04310] [MSwitch Direct OUTPUT] Source 0 → Encoder | Type: FREEZE-FRAME | Frame: P | Size: 2709 bytes | PTS: 4509000
[mswitchdirect @ 0x13db04310] [MSwitch Direct OUTPUT] Source 0 → Encoder | Type: FREEZE-FRAME | Frame: P | Size: 2709 bytes | PTS: 4512000
[mswitchdirect @ 0x13db04310] [MSwitch Direct OUTPUT] Source 0 → Encoder | Type: FREEZE-FRAME | Frame: P | Size: 2709 bytes | PTS: 4515000
[mswitchdirect @ 0x13db04310] [MSwitch Direct OUTPUT] Source 0 → Encoder | Type: FREEZE-FRAME | Frame: P | Size: 2709 bytes | PTS: 4518000
[mswitchdirect @ 0x13db04310] [MSwitch Direct OUTPUT] Source 0 → Encoder | Type: FREEZE-FRAME | Frame: P | Size: 2709 bytes | PTS: 4521000
[mswitchdirect @ 0x13db04310] [MSwitch Direct OUTPUT] Source 0 → Encoder | Type: FREEZE-FRAME | Frame: P | Size: 2709 bytes | PTS: 4524000
[mswitchdirect @ 0x13db04310] [MSwitch Direct OUTPUT] Source 0 → Encoder | Type: FREEZE-FRAME | Frame: P | Size: 2709 bytes | PTS: 4527000
[mswitchdirect @ 0x13db04310] [MSwitch Direct OUTPUT] Source 0 → Encoder | Type: FREEZE-FRAME | Frame: P | Size: 2709 bytes | PTS: 4530000
[mswitchdirect @ 0x13db04310] [MSwitch Direct OUTPUT] Source 0 → Encoder | Type: FREEZE-FRAME | Frame: P | Size: 2709 bytes | PTS: 4533000
[mswitchdirect @ 0x13db04310] [MSwitch Direct OUTPUT] Source 0 → Encoder | Type: FREEZE-FRAME | Frame: P | Size: 2709 bytes | PTS: 4536000
[mswitchdirect @ 0x13db04310] [MSwitch Direct OUTPUT] Source 0 → Encoder | Type: FREEZE-FRAME | Frame: P | Size: 2709 bytes | PTS: 4539000
[mswitchdirect @ 0x13db04310] [MSwitch Direct OUTPUT] Source 0 → Encoder | Type: FREEZE-FRAME | Frame: P | Size: 2709 bytes | PTS: 4542000
[mswitchdirect @ 0x13db04310] [MSwitch Direct OUTPUT] Source 0 → Encoder | Type: FREEZE-FRAME | Frame: P | Size: 2709 bytes | PTS: 4545000
[mswitchdirect @ 0x13db04310] [MSwitch Direct OUTPUT] Source 0 → Encoder | Type: FREEZE-FRAME | Frame: P | Size: 2709 bytes | PTS: 4548000
[mswitchdirect @ 0x13db04310] [MSwitch Direct OUTPUT] Source 0 → Encoder | Type: FREEZE-FRAME | Frame: P | Size: 2709 bytes | PTS: 4551000
[mswitchdirect @ 0x13db04310] [MSwitch Direct OUTPUT] Source 0 → Encoder | Type: FREEZE-FRAME | Frame: P | Size: 2709 bytes | PTS: 4554000
[mswitchdirect @ 0x13db04310] [MSwitch Direct OUTPUT] Source 0 → Encoder | Type: FREEZE-FRAME | Frame: P | Size: 2709 bytes | PTS: 4557000
[mswitchdirect @ 0x13db04310] [MSwitch Direct OUTPUT] Source 0 → Encoder | Type: FREEZE-FRAME | Frame: P | Size: 2709 bytes | PTS: 4560000
[mswitchdirect @ 0x13db04310] [MSwitch Direct OUTPUT] Source 0 → Encoder | Type: FREEZE-FRAME | Frame: P | Size: 2709 bytes | PTS: 4563000
[mswitchdirect @ 0x13db04310] [MSwitch Direct OUTPUT] Source 0 → Encoder | Type: FREEZE-FRAME | Frame: P | Size: 2709 bytes | PTS: 4566000
[mswitchdirect @ 0x13db04310] [MSwitch Direct OUTPUT] Source 0 → Encoder | Type: FREEZE-FRAME | Frame: P | Size: 2709 bytes | PTS: 4569000
[mswitchdirect @ 0x13db04310] [MSwitch Direct OUTPUT] Source 0 → Encoder | Type: FREEZE-FRAME | Frame: P | Size: 2709 bytes | PTS: 4572000
[mswitchdirect @ 0x13db04310] [MSwitch Direct OUTPUT] Source 0 → Encoder | Type: FREEZE-FRAME | Frame: P | Size: 2709 bytes | PTS: 4575000
[mswitchdirect @ 0x13db04310] [MSwitch Direct OUTPUT] Source 0 → Encoder | Type: FREEZE-FRAME | Frame: P | Size: 2709 bytes | PTS: 4578000
[mswitchdirect @ 0x13db04310] [MSwitch Direct OUTPUT] Source 0 → Encoder | Type: FREEZE-FRAME | Frame: P | Size: 2709 bytes | PTS: 4581000
[mswitchdirect @ 0x13db04310] [MSwitch Direct OUTPUT] Source 0 → Encoder | Type: FREEZE-FRAME | Frame: P | Size: 2709 bytes | PTS: 4584000
[mswitchdirect @ 0x13db04310] [MSwitch Direct OUTPUT] Source 0 → Encoder | Type: FREEZE-FRAME | Frame: P | Size: 2709 bytes | PTS: 4587000
[mswitchdirect @ 0x13db04310] [MSwitch Direct OUTPUT] Source 0 → Encoder | Type: FREEZE-FRAME | Frame: P | Size: 2709 bytes | PTS: 4590000
[mswitchdirect @ 0x13db04310] [MSwitch Direct OUTPUT] Source 0 → Encoder | Type: FREEZE-FRAME | Frame: P | Size: 2709 bytes | PTS: 4593000
[mswitchdirect @ 0x13db04310] [MSwitch Direct OUTPUT] Source 0 → Encoder | Type: FREEZE-FRAME | Frame: P | Size: 2709 bytes | PTS: 4596000
[mswitchdirect @ 0x13db04310] [MSwitch Direct OUTPUT] Source 0 → Encoder | Type: FREEZE-FRAME | Frame: P | Size: 2709 bytes | PTS: 4599000
[mswitchdirect @ 0x13db04310] [MSwitch Direct OUTPUT] Source 0 → Encoder | Type: FREEZE-FRAME | Frame: P | Size: 2709 bytes | PTS: 4602000
[mswitchdirect @ 0x13db04310] [MSwitch Direct OUTPUT] Source 0 → Encoder | Type: FREEZE-FRAME | Frame: P | Size: 2709 bytes | PTS: 4605000
[mswitchdirect @ 0x13db04310] [MSwitch Direct OUTPUT] Source 0 → Encoder | Type: FREEZE-FRAME | Frame: P | Size: 2709 bytes | PTS: 4608000
[mswitchdirect @ 0x13db04310] [MSwitch Direct OUTPUT] Source 0 → Encoder | Type: FREEZE-FRAME | Frame: P | Size: 2709 bytes | PTS: 4611000
[mswitchdirect @ 0x13db04310] [MSwitch Direct OUTPUT] Source 0 → Encoder | Type: FREEZE-FRAME | Frame: P | Size: 2709 bytes | PTS: 4614000
[mswitchdirect @ 0x13db04310] [MSwitch Direct OUTPUT] Source 0 → Encoder | Type: FREEZE-FRAME | Frame: P | Size: 2709 bytes | PTS: 4617000
[mswitchdirect @ 0x13db04310] [MSwitch Direct OUTPUT] Source 0 → Encoder | Type: FREEZE-FRAME | Frame: P | Size: 2709 bytes | PTS: 4620000
[mswitchdirect @ 0x13db04310] [MSwitch Direct OUTPUT] Source 0 → Encoder | Type: FREEZE-FRAME | Frame: P | Size: 2709 bytes | PTS: 4623000
[mswitchdirect @ 0x13db04310] [MSwitch Direct OUTPUT] Source 0 → Encoder | Type: FREEZE-FRAME | Frame: P | Size: 2709 bytes | PTS: 4626000
[mswitchdirect @ 0x13db04310] [MSwitch Direct OUTPUT] Source 0 → Encoder | Type: FREEZE-FRAME | Frame: P | Size: 2709 bytes | PTS: 4629000
[mswitchdirect @ 0x13db04310] [MSwitch Direct OUTPUT] Source 0 → Encoder | Type: FREEZE-FRAME | Frame: P | Size: 2709 bytes | PTS: 4632000
[mswitchdirect @ 0x13db04310] [MSwitch Direct OUTPUT] Source 0 → Encoder | Type: FREEZE-FRAME | Frame: P | Size: 2709 bytes | PTS: 4635000
[mswitchdirect @ 0x13db04310] [MSwitch Direct OUTPUT] Source 0 → Encoder | Type: FREEZE-FRAME | Frame: P | Size: 2709 bytes | PTS: 4638000
[mswitchdirect @ 0x13db04310] [MSwitch Direct OUTPUT] Source 0 → Encoder | Type: FREEZE-FRAME | Frame: P | Size: 2709 bytes | PTS: 4641000
[mswitchdirect @ 0x13db04310] [MSwitch Direct OUTPUT] Source 0 → Encoder | Type: FREEZE-FRAME | Frame: P | Size: 2709 bytes | PTS: 4644000
[mswitchdirect @ 0x13db04310] [MSwitch Direct OUTPUT] Source 0 → Encoder | Type: FREEZE-FRAME | Frame: P | Size: 2709 bytes | PTS: 4647000
[mswitchdirect @ 0x13db04310] [MSwitch Direct OUTPUT] Source 0 → Encoder | Type: FREEZE-FRAME | Frame: P | Size: 2709 bytes | PTS: 4650000
[mswitchdirect @ 0x13db04310] [MSwitch Direct OUTPUT] Source 0 → Encoder | Type: FREEZE-FRAME | Frame: P | Size: 2709 bytes | PTS: 4653000
[mswitchdirect @ 0x13db04310] [MSwitch Direct OUTPUT] Source 0 → Encoder | Type: FREEZE-FRAME | Frame: P | Size: 2709 bytes | PTS: 4656000
[mswitchdirect @ 0x13db04310] [MSwitch Direct OUTPUT] Source 0 → Encoder | Type: FREEZE-FRAME | Frame: P | Size: 2709 bytes | PTS: 4659000
[mswitchdirect @ 0x13db04310] [MSwitch Direct OUTPUT] Source 0 → Encoder | Type: FREEZE-FRAME | Frame: P | Size: 2709 bytes | PTS: 4662000
[mswitchdirect @ 0x13db04310] [MSwitch Direct OUTPUT] Source 0 → Encoder | Type: FREEZE-FRAME | Frame: P | Size: 2709 bytes | PTS: 4665000
[mswitchdirect @ 0x13db04310] [MSwitch Direct OUTPUT] Source 0 → Encoder | Type: FREEZE-FRAME | Frame: P | Size: 2709 bytes | PTS: 4668000
[mswitchdirect @ 0x13db04310] [MSwitch Direct OUTPUT] Source 0 → Encoder | Type: FREEZE-FRAME | Frame: P | Size: 2709 bytes | PTS: 4671000
[mswitchdirect @ 0x13db04310] [MSwitch Direct OUTPUT] Source 0 → Encoder | Type: FREEZE-FRAME | Frame: P | Size: 2709 bytes | PTS: 4674000
[mswitchdirect @ 0x13db04310] [MSwitch Direct OUTPUT] Source 0 → Encoder | Type: FREEZE-FRAME | Frame: P | Size: 2709 bytes | PTS: 4677000
[mswitchdirect @ 0x13db04310] [MSwitch Direct OUTPUT] Source 0 → Encoder | Type: FREEZE-FRAME | Frame: P | Size: 2709 bytes | PTS: 4680000
[mswitchdirect @ 0x13db04310] [MSwitch Direct OUTPUT] Source 0 → Encoder | Type: FREEZE-FRAME | Frame: P | Size: 2709 bytes | PTS: 4683000
[mswitchdirect @ 0x13db04310] [MSwitch Direct OUTPUT] Source 0 → Encoder | Type: FREEZE-FRAME | Frame: P | Size: 2709 bytes | PTS: 4686000
[mswitchdirect @ 0x13db04310] [MSwitch Direct OUTPUT] Source 0 → Encoder | Type: FREEZE-FRAME | Frame: P | Size: 2709 bytes | PTS: 4689000
[mswitchdirect @ 0x13db04310] [MSwitch Direct OUTPUT] Source 0 → Encoder | Type: FREEZE-FRAME | Frame: P | Size: 2709 bytes | PTS: 4692000
[mswitchdirect @ 0x13db04310] [MSwitch Direct OUTPUT] Source 0 → Encoder | Type: FREEZE-FRAME | Frame: P | Size: 2709 bytes | PTS: 4695000
[mswitchdirect @ 0x13db04310] [MSwitch Direct OUTPUT] Source 0 → Encoder | Type: FREEZE-FRAME | Frame: P | Size: 2709 bytes | PTS: 4698000
[mswitchdirect @ 0x13db04310] [MSwitch Direct OUTPUT] Source 0 → Encoder | Type: FREEZE-FRAME | Frame: P | Size: 2709 bytes | PTS: 4701000
[mswitchdirect @ 0x13db04310] [MSwitch Direct OUTPUT] Source 0 → Encoder | Type: FREEZE-FRAME | Frame: P | Size: 2709 bytes | PTS: 4704000
[mswitchdirect @ 0x13db04310] [MSwitch Direct OUTPUT] Source 0 → Encoder | Type: FREEZE-FRAME | Frame: P | Size: 2709 bytes | PTS: 4707000
[mswitchdirect @ 0x13db04310] [MSwitch Direct OUTPUT] Source 0 → Encoder | Type: FREEZE-FRAME | Frame: P | Size: 2709 bytes | PTS: 4710000
[mswitchdirect @ 0x13db04310] [MSwitch Direct OUTPUT] Source 0 → Encoder | Type: FREEZE-FRAME | Frame: P | Size: 2709 bytes | PTS: 4713000
[mswitchdirect @ 0x13db04310] [MSwitch Direct OUTPUT] Source 0 → Encoder | Type: FREEZE-FRAME | Frame: P | Size: 2709 bytes | PTS: 4716000
[mswitchdirect @ 0x13db04310] [MSwitch Direct OUTPUT] Source 0 → Encoder | Type: FREEZE-FRAME | Frame: P | Size: 2709 bytes | PTS: 4719000
[mswitchdirect @ 0x13db04310] [MSwitch Direct OUTPUT] Source 0 → Encoder | Type: FREEZE-FRAME | Frame: P | Size: 2709 bytes | PTS: 4722000
[mswitchdirect @ 0x13db04310] [MSwitch Direct OUTPUT] Source 0 → Encoder | Type: FREEZE-FRAME | Frame: P | Size: 2709 bytes | PTS: 4725000
[mswitchdirect @ 0x13db04310] [MSwitch Direct OUTPUT] Source 0 → Encoder | Type: FREEZE-FRAME | Frame: P | Size: 2709 bytes | PTS: 4728000
[mswitchdirect @ 0x13db04310] [MSwitch Direct OUTPUT] Source 0 → Encoder | Type: FREEZE-FRAME | Frame: P | Size: 2709 bytes | PTS: 4731000
[mswitchdirect @ 0x13db04310] [MSwitch Direct OUTPUT] Source 0 → Encoder | Type: FREEZE-FRAME | Frame: P | Size: 2709 bytes | PTS: 4734000
[mswitchdirect @ 0x13db04310] [MSwitch Direct OUTPUT] Source 0 → Encoder | Type: FREEZE-FRAME | Frame: P | Size: 2709 bytes | PTS: 4737000
[mswitchdirect @ 0x13db04310] [MSwitch Direct OUTPUT] Source 0 → Encoder | Type: FREEZE-FRAME | Frame: P | Size: 2709 bytes | PTS: 4740000
[mswitchdirect @ 0x13db04310] [MSwitch Direct OUTPUT] Source 0 → Encoder | Type: FREEZE-FRAME | Frame: P | Size: 2709 bytes | PTS: 4743000
[mswitchdirect @ 0x13db04310] [MSwitch Direct OUTPUT] Source 0 → Encoder | Type: FREEZE-FRAME | Frame: P | Size: 2709 bytes | PTS: 4746000
[mswitchdirect @ 0x13db04310] [MSwitch Direct OUTPUT] Source 0 → Encoder | Type: FREEZE-FRAME | Frame: P | Size: 2709 bytes | PTS: 4749000
[mswitchdirect @ 0x13db04310] [MSwitch Direct OUTPUT] Source 0 → Encoder | Type: FREEZE-FRAME | Frame: P | Size: 2709 bytes | PTS: 4752000
[mswitchdirect @ 0x13db04310] [MSwitch Direct OUTPUT] Source 0 → Encoder | Type: FREEZE-FRAME | Frame: P | Size: 2709 bytes | PTS: 4755000
[mswitchdirect @ 0x13db04310] [MSwitch Direct OUTPUT] Source 0 → Encoder | Type: FREEZE-FRAME | Frame: P | Size: 2709 bytes | PTS: 4758000
[mswitchdirect @ 0x13db04310] [MSwitch Direct OUTPUT] Source 0 → Encoder | Type: FREEZE-FRAME | Frame: P | Size: 2709 bytes | PTS: 4761000
[mswitchdirect @ 0x13db04310] [MSwitch Direct OUTPUT] Source 0 → Encoder | Type: FREEZE-FRAME | Frame: P | Size: 2709 bytes | PTS: 4764000
[mswitchdirect @ 0x13db04310] [MSwitch Direct OUTPUT] Source 0 → Encoder | Type: FREEZE-FRAME | Frame: P | Size: 2709 bytes | PTS: 4767000
[mswitchdirect @ 0x13db04310] [MSwitch Direct OUTPUT] Source 0 → Encoder | Type: FREEZE-FRAME | Frame: P | Size: 2709 bytes | PTS: 4770000
[mswitchdirect @ 0x13db04310] [MSwitch Direct OUTPUT] Source 0 → Encoder | Type: FREEZE-FRAME | Frame: P | Size: 2709 bytes | PTS: 4773000
[mswitchdirect @ 0x13db04310] [MSwitch Direct OUTPUT] Source 0 → Encoder | Type: FREEZE-FRAME | Frame: P | Size: 2709 bytes | PTS: 4776000
[mswitchdirect @ 0x13db04310] [MSwitch Direct OUTPUT] Source 0 → Encoder | Type: FREEZE-FRAME | Frame: P | Size: 2709 bytes | PTS: 4779000
[mswitchdirect @ 0x13db04310] [MSwitch Direct OUTPUT] Source 0 → Encoder | Type: FREEZE-FRAME | Frame: P | Size: 2709 bytes | PTS: 4782000
[mswitchdirect @ 0x13db04310] [MSwitch Direct OUTPUT] Source 0 → Encoder | Type: FREEZE-FRAME | Frame: P | Size: 2709 bytes | PTS: 4785000
[mswitchdirect @ 0x13db04310] [MSwitch Direct OUTPUT] Source 0 → Encoder | Type: FREEZE-FRAME | Frame: P | Size: 2709 bytes | PTS: 4788000
[mswitchdirect @ 0x13db04310] [MSwitch Direct OUTPUT] Source 0 → Encoder | Type: FREEZE-FRAME | Frame: P | Size: 2709 bytes | PTS: 4791000
[mswitchdirect @ 0x13db04310] [MSwitch Direct OUTPUT] Source 0 → Encoder | Type: FREEZE-FRAME | Frame: P | Size: 2709 bytes | PTS: 4794000
[mswitchdirect @ 0x13db04310] [MSwitch Direct OUTPUT] Source 0 → Encoder | Type: FREEZE-FRAME | Frame: P | Size: 2709 bytes | PTS: 4797000
[mswitchdirect @ 0x13db04310] [MSwitch Direct OUTPUT] Source 0 → Encoder | Type: FREEZE-FRAME | Frame: P | Size: 2709 bytes | PTS: 4800000
[mswitchdirect @ 0x13db04310] [MSwitch Direct OUTPUT] Source 0 → Encoder | Type: FREEZE-FRAME | Frame: P | Size: 2709 bytes | PTS: 4803000
[mswitchdirect @ 0x13db04310] [MSwitch Direct OUTPUT] Source 0 → Encoder | Type: FREEZE-FRAME | Frame: P | Size: 2709 bytes | PTS: 4806000
[mswitchdirect @ 0x13db04310] [MSwitch Direct OUTPUT] Source 0 → Encoder | Type: FREEZE-FRAME | Frame: P | Size: 2709 bytes | PTS: 4809000
[mswitchdirect @ 0x13db04310] [MSwitch Direct OUTPUT] Source 0 → Encoder | Type: FREEZE-FRAME | Frame: P | Size: 2709 bytes | PTS: 4812000
[mswitchdirect @ 0x13db04310] [MSwitch Direct OUTPUT] Source 0 → Encoder | Type: FREEZE-FRAME | Frame: P | Size: 2709 bytes | PTS: 4815000
[mswitchdirect @ 0x13db04310] [MSwitch Direct OUTPUT] Source 0 → Encoder | Type: FREEZE-FRAME | Frame: P | Size: 2709 bytes | PTS: 4818000
[mswitchdirect @ 0x13db04310] [MSwitch Direct OUTPUT] Source 0 → Encoder | Type: FREEZE-FRAME | Frame: P | Size: 2709 bytes | PTS: 4821000
[mswitchdirect @ 0x13db04310] [MSwitch Direct OUTPUT] Source 0 → Encoder | Type: FREEZE-FRAME | Frame: P | Size: 2709 bytes | PTS: 4824000
[mswitchdirect @ 0x13db04310] [MSwitch Direct OUTPUT] Source 0 → Encoder | Type: FREEZE-FRAME | Frame: P | Size: 2709 bytes | PTS: 4827000
[mswitchdirect @ 0x13db04310] [MSwitch Direct OUTPUT] Source 0 → Encoder | Type: FREEZE-FRAME | Frame: P | Size: 2709 bytes | PTS: 4830000
[mswitchdirect @ 0x13db04310] [MSwitch Direct OUTPUT] Source 0 → Encoder | Type: FREEZE-FRAME | Frame: P | Size: 2709 bytes | PTS: 4833000
[mswitchdirect @ 0x13db04310] [MSwitch Direct OUTPUT] Source 0 → Encoder | Type: FREEZE-FRAME | Frame: P | Size: 2709 bytes | PTS: 4836000
[mswitchdirect @ 0x13db04310] [MSwitch Direct OUTPUT] Source 0 → Encoder | Type: FREEZE-FRAME | Frame: P | Size: 2709 bytes | PTS: 4839000
[mswitchdirect @ 0x13db04310] [MSwitch Direct OUTPUT] Source 0 → Encoder | Type: FREEZE-FRAME | Frame: P | Size: 2709 bytes | PTS: 4842000
[mswitchdirect @ 0x13db04310] [MSwitch Direct OUTPUT] Source 0 → Encoder | Type: FREEZE-FRAME | Frame: P | Size: 2709 bytes | PTS: 4845000
[mswitchdirect @ 0x13db04310] [MSwitch Direct OUTPUT] Source 0 → Encoder | Type: FREEZE-FRAME | Frame: P | Size: 2709 bytes | PTS: 4848000
[mswitchdirect @ 0x13db04310] [MSwitch Direct OUTPUT] Source 0 → Encoder | Type: FREEZE-FRAME | Frame: P | Size: 2709 bytes | PTS: 4851000
[mswitchdirect @ 0x13db04310] [MSwitch Direct OUTPUT] Source 0 → Encoder | Type: FREEZE-FRAME | Frame: P | Size: 2709 bytes | PTS: 4854000
[mswitchdirect @ 0x13db04310] [MSwitch Direct OUTPUT] Source 0 → Encoder | Type: FREEZE-FRAME | Frame: P | Size: 2709 bytes | PTS: 4857000
[mswitchdirect @ 0x13db04310] [MSwitch Direct OUTPUT] Source 0 → Encoder | Type: FREEZE-FRAME | Frame: P | Size: 2709 bytes | PTS: 4860000
[mswitchdirect @ 0x13db04310] [MSwitch Direct OUTPUT] Source 0 → Encoder | Type: FREEZE-FRAME | Frame: P | Size: 2709 bytes | PTS: 4863000
[mswitchdirect @ 0x13db04310] [MSwitch Direct OUTPUT] Source 0 → Encoder | Type: FREEZE-FRAME | Frame: P | Size: 2709 bytes | PTS: 4866000
[mswitchdirect @ 0x13db04310] [MSwitch Direct OUTPUT] Source 0 → Encoder | Type: FREEZE-FRAME | Frame: P | Size: 2709 bytes | PTS: 4869000
[mswitchdirect @ 0x13db04310] [MSwitch Direct OUTPUT] Source 0 → Encoder | Type: FREEZE-FRAME | Frame: P | Size: 2709 bytes | PTS: 4872000
[mswitchdirect @ 0x13db04310] [MSwitch Direct OUTPUT] Source 0 → Encoder | Type: FREEZE-FRAME | Frame: P | Size: 2709 bytes | PTS: 4875000
[mswitchdirect @ 0x13db04310] [MSwitch Direct OUTPUT] Source 0 → Encoder | Type: FREEZE-FRAME | Frame: P | Size: 2709 bytes | PTS: 4878000
[mswitchdirect @ 0x13db04310] [MSwitch Direct OUTPUT] Source 0 → Encoder | Type: FREEZE-FRAME | Frame: P | Size: 2709 bytes | PTS: 4881000
[mswitchdirect @ 0x13db04310] [MSwitch Direct OUTPUT] Source 0 → Encoder | Type: FREEZE-FRAME | Frame: P | Size: 2709 bytes | PTS: 4884000
[mswitchdirect @ 0x13db04310] [MSwitch Direct OUTPUT] Source 0 → Encoder | Type: FREEZE-FRAME | Frame: P | Size: 2709 bytes | PTS: 4887000
[mswitchdirect @ 0x13db04310] [MSwitch Direct OUTPUT] Source 0 → Encoder | Type: FREEZE-FRAME | Frame: P | Size: 2709 bytes | PTS: 4890000
[mswitchdirect @ 0x13db04310] [MSwitch Direct OUTPUT] Source 0 → Encoder | Type: FREEZE-FRAME | Frame: P | Size: 2709 bytes | PTS: 4893000
[mswitchdirect @ 0x13db04310] [MSwitch Direct OUTPUT] Source 0 → Encoder | Type: FREEZE-FRAME | Frame: P | Size: 2709 bytes | PTS: 4896000
[mswitchdirect @ 0x13db04310] [MSwitch Direct OUTPUT] Source 0 → Encoder | Type: FREEZE-FRAME | Frame: P | Size: 2709 bytes | PTS: 4899000
[mswitchdirect @ 0x13db04310] [MSwitch Direct OUTPUT] Source 0 → Encoder | Type: FREEZE-FRAME | Frame: P | Size: 2709 bytes | PTS: 4902000
[mswitchdirect @ 0x13db04310] [MSwitch Direct OUTPUT] Source 0 → Encoder | Type: FREEZE-FRAME | Frame: P | Size: 2709 bytes | PTS: 4905000
[mswitchdirect @ 0x13db04310] [MSwitch Direct OUTPUT] Source 0 → Encoder | Type: FREEZE-FRAME | Frame: P | Size: 2709 bytes | PTS: 4908000
[mswitchdirect @ 0x13db04310] [MSwitch Direct OUTPUT] Source 0 → Encoder | Type: FREEZE-FRAME | Frame: P | Size: 2709 bytes | PTS: 4911000
[mswitchdirect @ 0x13db04310] [MSwitch Direct OUTPUT] Source 0 → Encoder | Type: FREEZE-FRAME | Frame: P | Size: 2709 bytes | PTS: 4914000
[mswitchdirect @ 0x13db04310] [MSwitch Direct OUTPUT] Source 0 → Encoder | Type: FREEZE-FRAME | Frame: P | Size: 2709 bytes | PTS: 4917000
[mswitchdirect @ 0x13db04310] [MSwitch Direct OUTPUT] Source 0 → Encoder | Type: FREEZE-FRAME | Frame: P | Size: 2709 bytes | PTS: 4920000
[mswitchdirect @ 0x13db04310] [MSwitch Direct OUTPUT] Source 0 → Encoder | Type: FREEZE-FRAME | Frame: P | Size: 2709 bytes | PTS: 4923000
[mswitchdirect @ 0x13db04310] [MSwitch Direct OUTPUT] Source 0 → Encoder | Type: FREEZE-FRAME | Frame: P | Size: 2709 bytes | PTS: 4926000
[mswitchdirect @ 0x13db04310] [MSwitch Direct OUTPUT] Source 0 → Encoder | Type: FREEZE-FRAME | Frame: P | Size: 2709 bytes | PTS: 4929000
[mswitchdirect @ 0x13db04310] [MSwitch Direct OUTPUT] Source 0 → Encoder | Type: FREEZE-FRAME | Frame: P | Size: 2709 bytes | PTS: 4932000
[mswitchdirect @ 0x13db04310] [MSwitch Direct OUTPUT] Source 0 → Encoder | Type: FREEZE-FRAME | Frame: P | Size: 2709 bytes | PTS: 4935000
[mswitchdirect @ 0x13db04310] [MSwitch Direct OUTPUT] Source 0 → Encoder | Type: FREEZE-FRAME | Frame: P | Size: 2709 bytes | PTS: 4938000
[mswitchdirect @ 0x13db04310] [MSwitch Direct OUTPUT] Source 0 → Encoder | Type: FREEZE-FRAME | Frame: P | Size: 2709 bytes | PTS: 4941000
[mswitchdirect @ 0x13db04310] [MSwitch Direct OUTPUT] Source 0 → Encoder | Type: FREEZE-FRAME | Frame: P | Size: 2709 bytes | PTS: 4944000
[mswitchdirect @ 0x13db04310] [MSwitch Direct OUTPUT] Source 0 → Encoder | Type: FREEZE-FRAME | Frame: P | Size: 2709 bytes | PTS: 4947000
[mswitchdirect @ 0x13db04310] [MSwitch Direct OUTPUT] Source 0 → Encoder | Type: FREEZE-FRAME | Frame: P | Size: 2709 bytes | PTS: 4950000
[mswitchdirect @ 0x13db04310] [MSwitch Direct OUTPUT] Source 0 → Encoder | Type: FREEZE-FRAME | Frame: P | Size: 2709 bytes | PTS: 4953000
[mswitchdirect @ 0x13db04310] [MSwitch Direct OUTPUT] Source 0 → Encoder | Type: FREEZE-FRAME | Frame: P | Size: 2709 bytes | PTS: 4956000
[mswitchdirect @ 0x13db04310] [MSwitch Direct OUTPUT] Source 0 → Encoder | Type: FREEZE-FRAME | Frame: P | Size: 2709 bytes | PTS: 4959000
[mswitchdirect @ 0x13db04310] [MSwitch Direct OUTPUT] Source 0 → Encoder | Type: FREEZE-FRAME | Frame: P | Size: 2709 bytes | PTS: 4962000
[mswitchdirect @ 0x13db04310] [MSwitch Direct OUTPUT] Source 0 → Encoder | Type: FREEZE-FRAME | Frame: P | Size: 2709 bytes | PTS: 4965000
[mswitchdirect @ 0x13db04310] [MSwitch Direct OUTPUT] Source 0 → Encoder | Type: FREEZE-FRAME | Frame: P | Size: 2709 bytes | PTS: 4968000
[mswitchdirect @ 0x13db04310] [MSwitch Direct OUTPUT] Source 0 → Encoder | Type: FREEZE-FRAME | Frame: P | Size: 2709 bytes | PTS: 4971000
[mswitchdirect @ 0x13db04310] [MSwitch Direct OUTPUT] Source 0 → Encoder | Type: FREEZE-FRAME | Frame: P | Size: 2709 bytes | PTS: 4974000
[mswitchdirect @ 0x13db04310] [MSwitch Direct OUTPUT] Source 0 → Encoder | Type: FREEZE-FRAME | Frame: P | Size: 2709 bytes | PTS: 4977000
[mswitchdirect @ 0x13db04310] [MSwitch Direct OUTPUT] Source 0 → Encoder | Type: FREEZE-FRAME | Frame: P | Size: 2709 bytes | PTS: 4980000
[mswitchdirect @ 0x13db04310] [MSwitch Direct OUTPUT] Source 0 → Encoder | Type: FREEZE-FRAME | Frame: P | Size: 2709 bytes | PTS: 4983000
[mswitchdirect @ 0x13db04310] [MSwitch Direct OUTPUT] Source 0 → Encoder | Type: FREEZE-FRAME | Frame: P | Size: 2709 bytes | PTS: 4986000
[mswitchdirect @ 0x13db04310] [MSwitch Direct OUTPUT] Source 0 → Encoder | Type: FREEZE-FRAME | Frame: P | Size: 2709 bytes | PTS: 4989000
[mswitchdirect @ 0x13db04310] [MSwitch Direct OUTPUT] Source 0 → Encoder | Type: FREEZE-FRAME | Frame: P | Size: 2709 bytes | PTS: 4992000
[mswitchdirect @ 0x13db04310] [MSwitch Direct OUTPUT] Source 0 → Encoder | Type: FREEZE-FRAME | Frame: P | Size: 2709 bytes | PTS: 4995000
[mswitchdirect @ 0x13db04310] [MSwitch Direct OUTPUT] Source 0 → Encoder | Type: FREEZE-FRAME | Frame: P | Size: 2709 bytes | PTS: 4998000
[mswitchdirect @ 0x13db04310] [MSwitch Direct OUTPUT] Source 0 → Encoder | Type: FREEZE-FRAME | Frame: P | Size: 2709 bytes | PTS: 5001000
[mswitchdirect @ 0x13db04310] [MSwitch Direct OUTPUT] Source 0 → Encoder | Type: FREEZE-FRAME | Frame: P | Size: 2709 bytes | PTS: 5004000
[mswitchdirect @ 0x13db04310] [MSwitch Direct OUTPUT] Source 0 → Encoder | Type: FREEZE-FRAME | Frame: P | Size: 2709 bytes | PTS: 5007000
[mswitchdirect @ 0x13db04310] [MSwitch Direct OUTPUT] Source 0 → Encoder | Type: FREEZE-FRAME | Frame: P | Size: 2709 bytes | PTS: 5010000
[mswitchdirect @ 0x13db04310] [MSwitch Direct OUTPUT] Source 0 → Encoder | Type: FREEZE-FRAME | Frame: P | Size: 2709 bytes | PTS: 5013000
[mswitchdirect @ 0x13db04310] [MSwitch Direct OUTPUT] Source 0 → Encoder | Type: FREEZE-FRAME | Frame: P | Size: 2709 bytes | PTS: 5016000
[mswitchdirect @ 0x13db04310] [MSwitch Direct OUTPUT] Source 0 → Encoder | Type: FREEZE-FRAME | Frame: P | Size: 2709 bytes | PTS: 5019000
[mswitchdirect @ 0x13db04310] [MSwitch Direct OUTPUT] Source 0 → Encoder | Type: FREEZE-FRAME | Frame: P | Size: 2709 bytes | PTS: 5022000
[mswitchdirect @ 0x13db04310] [MSwitch Direct OUTPUT] Source 0 → Encoder | Type: FREEZE-FRAME | Frame: P | Size: 2709 bytes | PTS: 5025000
[mswitchdirect @ 0x13db04310] [MSwitch Direct OUTPUT] Source 0 → Encoder | Type: FREEZE-FRAME | Frame: P | Size: 2709 bytes | PTS: 5028000
[mswitchdirect @ 0x13db04310] [MSwitch Direct OUTPUT] Source 0 → Encoder | Type: FREEZE-FRAME | Frame: P | Size: 2709 bytes | PTS: 5031000
[mswitchdirect @ 0x13db04310] [MSwitch Direct OUTPUT] Source 0 → Encoder | Type: FREEZE-FRAME | Frame: P | Size: 2709 bytes | PTS: 5034000
[mswitchdirect @ 0x13db04310] [MSwitch Direct OUTPUT] Source 0 → Encoder | Type: FREEZE-FRAME | Frame: P | Size: 2709 bytes | PTS: 5037000
[mswitchdirect @ 0x13db04310] [MSwitch Direct OUTPUT] Source 0 → Encoder | Type: FREEZE-FRAME | Frame: P | Size: 2709 bytes | PTS: 5040000
[mswitchdirect @ 0x13db04310] [MSwitch Direct OUTPUT] Source 0 → Encoder | Type: FREEZE-FRAME | Frame: P | Size: 2709 bytes | PTS: 5043000
[mswitchdirect @ 0x13db04310] [MSwitch Direct OUTPUT] Source 0 → Encoder | Type: FREEZE-FRAME | Frame: P | Size: 2709 bytes | PTS: 5046000
[mswitchdirect @ 0x13db04310] [MSwitch Direct OUTPUT] Source 0 → Encoder | Type: FREEZE-FRAME | Frame: P | Size: 2709 bytes | PTS: 5049000
[mswitchdirect @ 0x13db04310] [MSwitch Direct OUTPUT] Source 0 → Encoder | Type: FREEZE-FRAME | Frame: P | Size: 2709 bytes | PTS: 5052000
[mswitchdirect @ 0x13db04310] [MSwitch Direct OUTPUT] Source 0 → Encoder | Type: FREEZE-FRAME | Frame: P | Size: 2709 bytes | PTS: 5055000
[mswitchdirect @ 0x13db04310] [MSwitch Direct OUTPUT] Source 0 → Encoder | Type: FREEZE-FRAME | Frame: P | Size: 2709 bytes | PTS: 5058000
[mswitchdirect @ 0x13db04310] [MSwitch Direct OUTPUT] Source 0 → Encoder | Type: FREEZE-FRAME | Frame: P | Size: 2709 bytes | PTS: 5061000
[mswitchdirect @ 0x13db04310] [MSwitch Direct OUTPUT] Source 0 → Encoder | Type: FREEZE-FRAME | Frame: P | Size: 2709 bytes | PTS: 5064000
[mswitchdirect @ 0x13db04310] [MSwitch Direct OUTPUT] Source 0 → Encoder | Type: FREEZE-FRAME | Frame: P | Size: 2709 bytes | PTS: 5067000
[mswitchdirect @ 0x13db04310] [MSwitch Direct OUTPUT] Source 0 → Encoder | Type: FREEZE-FRAME | Frame: P | Size: 2709 bytes | PTS: 5070000
[mswitchdirect @ 0x13db04310] [MSwitch Direct OUTPUT] Source 0 → Encoder | Type: FREEZE-FRAME | Frame: P | Size: 2709 bytes | PTS: 5073000
[mswitchdirect @ 0x13db04310] [MSwitch Direct OUTPUT] Source 0 → Encoder | Type: FREEZE-FRAME | Frame: P | Size: 2709 bytes | PTS: 5076000
[mswitchdirect @ 0x13db04310] [MSwitch Direct OUTPUT] Source 0 → Encoder | Type: FREEZE-FRAME | Frame: P | Size: 2709 bytes | PTS: 5079000
[mswitchdirect @ 0x13db04310] [MSwitch Direct OUTPUT] Source 0 → Encoder | Type: FREEZE-FRAME | Frame: P | Size: 2709 bytes | PTS: 5082000
[mswitchdirect @ 0x13db04310] [MSwitch Direct OUTPUT] Source 0 → Encoder | Type: FREEZE-FRAME | Frame: P | Size: 2709 bytes | PTS: 5085000
[mswitchdirect @ 0x13db04310] [MSwitch Direct OUTPUT] Source 0 → Encoder | Type: FREEZE-FRAME | Frame: P | Size: 2709 bytes | PTS: 5088000
[mswitchdirect @ 0x13db04310] [MSwitch Direct OUTPUT] Source 0 → Encoder | Type: FREEZE-FRAME | Frame: P | Size: 2709 bytes | PTS: 5091000
[mswitchdirect @ 0x13db04310] [MSwitch Direct OUTPUT] Source 0 → Encoder | Type: FREEZE-FRAME | Frame: P | Size: 2709 bytes | PTS: 5094000
[mswitchdirect @ 0x13db04310] [MSwitch Direct OUTPUT] Source 0 → Encoder | Type: FREEZE-FRAME | Frame: P | Size: 2709 bytes | PTS: 5097000
[mswitchdirect @ 0x13db04310] [MSwitch Direct OUTPUT] Source 0 → Encoder | Type: FREEZE-FRAME | Frame: P | Size: 2709 bytes | PTS: 5100000
[mswitchdirect @ 0x13db04310] [MSwitch Direct OUTPUT] Source 0 → Encoder | Type: FREEZE-FRAME | Frame: P | Size: 2709 bytes | PTS: 5103000
[mswitchdirect @ 0x13db04310] [MSwitch Direct OUTPUT] Source 0 → Encoder | Type: FREEZE-FRAME | Frame: P | Size: 2709 bytes | PTS: 5106000
[mswitchdirect @ 0x13db04310] [MSwitch Direct OUTPUT] Source 0 → Encoder | Type: FREEZE-FRAME | Frame: P | Size: 2709 bytes | PTS: 5109000
[mswitchdirect @ 0x13db04310] [MSwitch Direct OUTPUT] Source 0 → Encoder | Type: FREEZE-FRAME | Frame: P | Size: 2709 bytes | PTS: 5112000
[mswitchdirect @ 0x13db04310] [MSwitch Direct OUTPUT] Source 0 → Encoder | Type: FREEZE-FRAME | Frame: P | Size: 2709 bytes | PTS: 5115000
[mswitchdirect @ 0x13db04310] [MSwitch Direct OUTPUT] Source 0 → Encoder | Type: FREEZE-FRAME | Frame: P | Size: 2709 bytes | PTS: 5118000
[mswitchdirect @ 0x13db04310] [MSwitch Direct OUTPUT] Source 0 → Encoder | Type: FREEZE-FRAME | Frame: P | Size: 2709 bytes | PTS: 5121000
[mswitchdirect @ 0x13db04310] [MSwitch Direct OUTPUT] Source 0 → Encoder | Type: FREEZE-FRAME | Frame: P | Size: 2709 bytes | PTS: 5124000
[mswitchdirect @ 0x13db04310] [MSwitch Direct OUTPUT] Source 0 → Encoder | Type: FREEZE-FRAME | Frame: P | Size: 2709 bytes | PTS: 5127000
[mswitchdirect @ 0x13db04310] [MSwitch Direct OUTPUT] Source 0 → Encoder | Type: FREEZE-FRAME | Frame: P | Size: 2709 bytes | PTS: 5130000
[mswitchdirect @ 0x13db04310] [MSwitch Direct OUTPUT] Source 0 → Encoder | Type: FREEZE-FRAME | Frame: P | Size: 2709 bytes | PTS: 5133000
[mswitchdirect @ 0x13db04310] [MSwitch Direct OUTPUT] Source 0 → Encoder | Type: FREEZE-FRAME | Frame: P | Size: 2709 bytes | PTS: 5136000
[mswitchdirect @ 0x13db04310] [MSwitch Direct OUTPUT] Source 0 → Encoder | Type: FREEZE-FRAME | Frame: P | Size: 2709 bytes | PTS: 5139000
[mswitchdirect @ 0x13db04310] [MSwitch Direct OUTPUT] Source 0 → Encoder | Type: FREEZE-FRAME | Frame: P | Size: 2709 bytes | PTS: 5142000
[mswitchdirect @ 0x13db04310] [MSwitch Direct OUTPUT] Source 0 → Encoder | Type: FREEZE-FRAME | Frame: P | Size: 2709 bytes | PTS: 5145000
[mswitchdirect @ 0x13db04310] [MSwitch Direct OUTPUT] Source 0 → Encoder | Type: FREEZE-FRAME | Frame: P | Size: 2709 bytes | PTS: 5148000
[mswitchdirect @ 0x13db04310] [MSwitch Direct OUTPUT] Source 0 → Encoder | Type: FREEZE-FRAME | Frame: P | Size: 2709 bytes | PTS: 5151000
[mswitchdirect @ 0x13db04310] [MSwitch Direct OUTPUT] Source 0 → Encoder | Type: FREEZE-FRAME | Frame: P | Size: 2709 bytes | PTS: 5154000
[mswitchdirect @ 0x13db04310] [MSwitch Direct OUTPUT] Source 0 → Encoder | Type: FREEZE-FRAME | Frame: P | Size: 2709 bytes | PTS: 5157000
[mswitchdirect @ 0x13db04310] [MSwitch Direct OUTPUT] Source 0 → Encoder | Type: FREEZE-FRAME | Frame: P | Size: 2709 bytes | PTS: 5160000
[mswitchdirect @ 0x13db04310] [MSwitch Direct OUTPUT] Source 0 → Encoder | Type: FREEZE-FRAME | Frame: P | Size: 2709 bytes | PTS: 5163000
[mswitchdirect @ 0x13db04310] [MSwitch Direct OUTPUT] Source 0 → Encoder | Type: FREEZE-FRAME | Frame: P | Size: 2709 bytes | PTS: 5166000
[mswitchdirect @ 0x13db04310] [MSwitch Direct OUTPUT] Source 0 → Encoder | Type: FREEZE-FRAME | Frame: P | Size: 2709 bytes | PTS: 5169000
[mswitchdirect @ 0x13db04310] [MSwitch Direct OUTPUT] Source 0 → Encoder | Type: FREEZE-FRAME | Frame: P | Size: 2709 bytes | PTS: 5172000
[mswitchdirect @ 0x13db04310] [MSwitch Direct OUTPUT] Source 0 → Encoder | Type: FREEZE-FRAME | Frame: P | Size: 2709 bytes | PTS: 5175000
[mswitchdirect @ 0x13db04310] [MSwitch Direct OUTPUT] Source 0 → Encoder | Type: FREEZE-FRAME | Frame: P | Size: 2709 bytes | PTS: 5178000
[mswitchdirect @ 0x13db04310] [MSwitch Direct OUTPUT] Source 0 → Encoder | Type: FREEZE-FRAME | Frame: P | Size: 2709 bytes | PTS: 5181000
[mswitchdirect @ 0x13db04310] [MSwitch Direct OUTPUT] Source 0 → Encoder | Type: FREEZE-FRAME | Frame: P | Size: 2709 bytes | PTS: 5184000
[mswitchdirect @ 0x13db04310] [MSwitch Direct OUTPUT] Source 0 → Encoder | Type: FREEZE-FRAME | Frame: P | Size: 2709 bytes | PTS: 5187000
[mswitchdirect @ 0x13db04310] [MSwitch Direct OUTPUT] Source 0 → Encoder | Type: FREEZE-FRAME | Frame: P | Size: 2709 bytes | PTS: 5190000
[mswitchdirect @ 0x13db04310] [MSwitch Direct OUTPUT] Source 0 → Encoder | Type: FREEZE-FRAME | Frame: P | Size: 2709 bytes | PTS: 5193000
[mswitchdirect @ 0x13db04310] [MSwitch Direct OUTPUT] Source 0 → Encoder | Type: FREEZE-FRAME | Frame: P | Size: 2709 bytes | PTS: 5196000
[mswitchdirect @ 0x13db04310] [MSwitch Direct OUTPUT] Source 0 → Encoder | Type: FREEZE-FRAME | Frame: P | Size: 2709 bytes | PTS: 5199000
[mswitchdirect @ 0x13db04310] [MSwitch Direct OUTPUT] Source 0 → Encoder | Type: FREEZE-FRAME | Frame: P | Size: 2709 bytes | PTS: 5202000
[mswitchdirect @ 0x13db04310] [MSwitch Direct OUTPUT] Source 0 → Encoder | Type: FREEZE-FRAME | Frame: P | Size: 2709 bytes | PTS: 5205000
[mswitchdirect @ 0x13db04310] [MSwitch Direct OUTPUT] Source 0 → Encoder | Type: FREEZE-FRAME | Frame: P | Size: 2709 bytes | PTS: 5208000
[mswitchdirect @ 0x13db04310] [MSwitch Direct OUTPUT] Source 0 → Encoder | Type: FREEZE-FRAME | Frame: P | Size: 2709 bytes | PTS: 5211000
[mswitchdirect @ 0x13db04310] [MSwitch Direct OUTPUT] Source 0 → Encoder | Type: FREEZE-FRAME | Frame: P | Size: 2709 bytes | PTS: 5214000
[mswitchdirect @ 0x13db04310] [MSwitch Direct OUTPUT] Source 0 → Encoder | Type: FREEZE-FRAME | Frame: P | Size: 2709 bytes | PTS: 5217000
[mswitchdirect @ 0x13db04310] [MSwitch Direct OUTPUT] Source 0 → Encoder | Type: FREEZE-FRAME | Frame: P | Size: 2709 bytes | PTS: 5220000
[mswitchdirect @ 0x13db04310] [MSwitch Direct OUTPUT] Source 0 → Encoder | Type: FREEZE-FRAME | Frame: P | Size: 2709 bytes | PTS: 5223000
[mswitchdirect @ 0x13db04310] [MSwitch Direct OUTPUT] Source 0 → Encoder | Type: FREEZE-FRAME | Frame: P | Size: 2709 bytes | PTS: 5226000
[mswitchdirect @ 0x13db04310] [MSwitch Direct OUTPUT] Source 0 → Encoder | Type: FREEZE-FRAME | Frame: P | Size: 2709 bytes | PTS: 5229000
[mswitchdirect @ 0x13db04310] [MSwitch Direct OUTPUT] Source 0 → Encoder | Type: FREEZE-FRAME | Frame: P | Size: 2709 bytes | PTS: 5232000
[mswitchdirect @ 0x13db04310] [MSwitch Direct OUTPUT] Source 0 → Encoder | Type: FREEZE-FRAME | Frame: P | Size: 2709 bytes | PTS: 5235000
[mswitchdirect @ 0x13db04310] [MSwitch Direct OUTPUT] Source 0 → Encoder | Type: FREEZE-FRAME | Frame: P | Size: 2709 bytes | PTS: 5238000
[mswitchdirect @ 0x13db04310] [MSwitch Direct OUTPUT] Source 0 → Encoder | Type: FREEZE-FRAME | Frame: P | Size: 2709 bytes | PTS: 5241000
[mswitchdirect @ 0x13db04310] [MSwitch Direct OUTPUT] Source 0 → Encoder | Type: FREEZE-FRAME | Frame: P | Size: 2709 bytes | PTS: 5244000
[mswitchdirect @ 0x13db04310] [MSwitch Direct OUTPUT] Source 0 → Encoder | Type: FREEZE-FRAME | Frame: P | Size: 2709 bytes | PTS: 5247000
[mswitchdirect @ 0x13db04310] [MSwitch Direct OUTPUT] Source 0 → Encoder | Type: FREEZE-FRAME | Frame: P | Size: 2709 bytes | PTS: 5250000
[mswitchdirect @ 0x13db04310] [MSwitch Direct OUTPUT] Source 0 → Encoder | Type: FREEZE-FRAME | Frame: P | Size: 2709 bytes | PTS: 5253000
[mswitchdirect @ 0x13db04310] [MSwitch Direct OUTPUT] Source 0 → Encoder | Type: FREEZE-FRAME | Frame: P | Size: 2709 bytes | PTS: 5256000
[mswitchdirect @ 0x13db04310] [MSwitch Direct OUTPUT] Source 0 → Encoder | Type: FREEZE-FRAME | Frame: P | Size: 2709 bytes | PTS: 5259000
[mswitchdirect @ 0x13db04310] [MSwitch Direct OUTPUT] Source 0 → Encoder | Type: FREEZE-FRAME | Frame: P | Size: 2709 bytes | PTS: 5262000
[mswitchdirect @ 0x13db04310] [MSwitch Direct OUTPUT] Source 0 → Encoder | Type: FREEZE-FRAME | Frame: P | Size: 2709 bytes | PTS: 5265000
[mswitchdirect @ 0x13db04310] [MSwitch Direct OUTPUT] Source 0 → Encoder | Type: FREEZE-FRAME | Frame: P | Size: 2709 bytes | PTS: 5268000
[mswitchdirect @ 0x13db04310] [MSwitch Direct OUTPUT] Source 0 → Encoder | Type: FREEZE-FRAME | Frame: P | Size: 2709 bytes | PTS: 5271000
[mswitchdirect @ 0x13db04310] [MSwitch Direct OUTPUT] Source 0 → Encoder | Type: FREEZE-FRAME | Frame: P | Size: 2709 bytes | PTS: 5274000
[mswitchdirect @ 0x13db04310] [MSwitch Direct OUTPUT] Source 0 → Encoder | Type: FREEZE-FRAME | Frame: P | Size: 2709 bytes | PTS: 5277000
[mswitchdirect @ 0x13db04310] [MSwitch Direct OUTPUT] Source 0 → Encoder | Type: FREEZE-FRAME | Frame: P | Size: 2709 bytes | PTS: 5280000
[mswitchdirect @ 0x13db04310] [MSwitch Direct OUTPUT] Source 0 → Encoder | Type: FREEZE-FRAME | Frame: P | Size: 2709 bytes | PTS: 5283000
[mswitchdirect @ 0x13db04310] [MSwitch Direct OUTPUT] Source 0 → Encoder | Type: FREEZE-FRAME | Frame: P | Size: 2709 bytes | PTS: 5286000
frame= 1445 fps=261 q=13.0 size=    1727KiB time=00:00:48.33 bitrate= 292.6kbits/s speed=8.72x elapsed=0:00:05.54    [mswitchdirect @ 0x13db04310] [MSwitch Direct OUTPUT] Source 0 → Encoder | Type: FREEZE-FRAME | Frame: P | Size: 2709 bytes | PTS: 5289000
[mswitchdirect @ 0x13db04310] [MSwitch Direct OUTPUT] Source 0 → Encoder | Type: FREEZE-FRAME | Frame: P | Size: 2709 bytes | PTS: 5292000
[mswitchdirect @ 0x13db04310] [MSwitch Direct OUTPUT] Source 0 → Encoder | Type: FREEZE-FRAME | Frame: P | Size: 2709 bytes | PTS: 5295000
[mswitchdirect @ 0x13db04310] [MSwitch Direct OUTPUT] Source 0 → Encoder | Type: FREEZE-FRAME | Frame: P | Size: 2709 bytes | PTS: 5298000
[mswitchdirect @ 0x13db04310] [MSwitch Direct OUTPUT] Source 0 → Encoder | Type: FREEZE-FRAME | Frame: P | Size: 2709 bytes | PTS: 5301000
[mswitchdirect @ 0x13db04310] [MSwitch Direct OUTPUT] Source 0 → Encoder | Type: FREEZE-FRAME | Frame: P | Size: 2709 bytes | PTS: 5304000
[mswitchdirect @ 0x13db04310] [MSwitch Direct OUTPUT] Source 0 → Encoder | Type: FREEZE-FRAME | Frame: P | Size: 2709 bytes | PTS: 5307000
[mswitchdirect @ 0x13db04310] [MSwitch Direct OUTPUT] Source 0 → Encoder | Type: FREEZE-FRAME | Frame: P | Size: 2709 bytes | PTS: 5310000
[mswitchdirect @ 0x13db04310] [MSwitch Direct OUTPUT] Source 0 → Encoder | Type: FREEZE-FRAME | Frame: P | Size: 2709 bytes | PTS: 5313000
[mswitchdirect @ 0x13db04310] [MSwitch Direct OUTPUT] Source 0 → Encoder | Type: FREEZE-FRAME | Frame: P | Size: 2709 bytes | PTS: 5316000
[mswitchdirect @ 0x13db04310] [MSwitch Direct OUTPUT] Source 0 → Encoder | Type: FREEZE-FRAME | Frame: P | Size: 2709 bytes | PTS: 5319000
[mswitchdirect @ 0x13db04310] [MSwitch Direct OUTPUT] Source 0 → Encoder | Type: FREEZE-FRAME | Frame: P | Size: 2709 bytes | PTS: 5322000
[mswitchdirect @ 0x13db04310] [MSwitch Direct OUTPUT] Source 0 → Encoder | Type: FREEZE-FRAME | Frame: P | Size: 2709 bytes | PTS: 5325000
[mswitchdirect @ 0x13db04310] [MSwitch Direct OUTPUT] Source 0 → Encoder | Type: FREEZE-FRAME | Frame: P | Size: 2709 bytes | PTS: 5328000
[mswitchdirect @ 0x13db04310] [MSwitch Direct OUTPUT] Source 0 → Encoder | Type: FREEZE-FRAME | Frame: P | Size: 2709 bytes | PTS: 5331000
[mswitchdirect @ 0x13db04310] [MSwitch Direct OUTPUT] Source 0 → Encoder | Type: FREEZE-FRAME | Frame: P | Size: 2709 bytes | PTS: 5334000
[mswitchdirect @ 0x13db04310] [MSwitch Direct OUTPUT] Source 0 → Encoder | Type: FREEZE-FRAME | Frame: P | Size: 2709 bytes | PTS: 5337000
[mswitchdirect @ 0x13db04310] [MSwitch Direct OUTPUT] Source 0 → Encoder | Type: FREEZE-FRAME | Frame: P | Size: 2709 bytes | PTS: 5340000
[mswitchdirect @ 0x13db04310] [MSwitch Direct OUTPUT] Source 0 → Encoder | Type: FREEZE-FRAME | Frame: P | Size: 2709 bytes | PTS: 5343000
[mswitchdirect @ 0x13db04310] [MSwitch Direct OUTPUT] Source 0 → Encoder | Type: FREEZE-FRAME | Frame: P | Size: 2709 bytes | PTS: 5346000
[mswitchdirect @ 0x13db04310] [MSwitch Direct OUTPUT] Source 0 → Encoder | Type: FREEZE-FRAME | Frame: P | Size: 2709 bytes | PTS: 5349000
[mswitchdirect @ 0x13db04310] [MSwitch Direct OUTPUT] Source 0 → Encoder | Type: FREEZE-FRAME | Frame: P | Size: 2709 bytes | PTS: 5352000
[mswitchdirect @ 0x13db04310] [MSwitch Direct OUTPUT] Source 0 → Encoder | Type: FREEZE-FRAME | Frame: P | Size: 2709 bytes | PTS: 5355000
[mswitchdirect @ 0x13db04310] [MSwitch Direct OUTPUT] Source 0 → Encoder | Type: FREEZE-FRAME | Frame: P | Size: 2709 bytes | PTS: 5358000
[mswitchdirect @ 0x13db04310] [MSwitch Direct OUTPUT] Source 0 → Encoder | Type: FREEZE-FRAME | Frame: P | Size: 2709 bytes | PTS: 5361000
[mswitchdirect @ 0x13db04310] [MSwitch Direct OUTPUT] Source 0 → Encoder | Type: FREEZE-FRAME | Frame: P | Size: 2709 bytes | PTS: 5364000
[mswitchdirect @ 0x13db04310] [MSwitch Direct OUTPUT] Source 0 → Encoder | Type: FREEZE-FRAME | Frame: P | Size: 2709 bytes | PTS: 5367000
[mswitchdirect @ 0x13db04310] [MSwitch Direct OUTPUT] Source 0 → Encoder | Type: FREEZE-FRAME | Frame: P | Size: 2709 bytes | PTS: 5370000
[mswitchdirect @ 0x13db04310] [MSwitch Direct OUTPUT] Source 0 → Encoder | Type: FREEZE-FRAME | Frame: P | Size: 2709 bytes | PTS: 5373000
[mswitchdirect @ 0x13db04310] [MSwitch Direct OUTPUT] Source 0 → Encoder | Type: FREEZE-FRAME | Frame: P | Size: 2709 bytes | PTS: 5376000
[mswitchdirect @ 0x13db04310] [MSwitch Direct OUTPUT] Source 0 → Encoder | Type: FREEZE-FRAME | Frame: P | Size: 2709 bytes | PTS: 5379000
[mswitchdirect @ 0x13db04310] [MSwitch Direct OUTPUT] Source 0 → Encoder | Type: FREEZE-FRAME | Frame: P | Size: 2709 bytes | PTS: 5382000
[mswitchdirect @ 0x13db04310] [MSwitch Direct OUTPUT] Source 0 → Encoder | Type: FREEZE-FRAME | Frame: P | Size: 2709 bytes | PTS: 5385000
[mswitchdirect @ 0x13db04310] [MSwitch Direct OUTPUT] Source 0 → Encoder | Type: FREEZE-FRAME | Frame: P | Size: 2709 bytes | PTS: 5388000
[mswitchdirect @ 0x13db04310] [MSwitch Direct OUTPUT] Source 0 → Encoder | Type: FREEZE-FRAME | Frame: P | Size: 2709 bytes | PTS: 5391000
[mswitchdirect @ 0x13db04310] [MSwitch Direct OUTPUT] Source 0 → Encoder | Type: FREEZE-FRAME | Frame: P | Size: 2709 bytes | PTS: 5394000
[mswitchdirect @ 0x13db04310] [MSwitch Direct OUTPUT] Source 0 → Encoder | Type: FREEZE-FRAME | Frame: P | Size: 2709 bytes | PTS: 5397000
[mswitchdirect @ 0x13db04310] [MSwitch Direct OUTPUT] Source 0 → Encoder | Type: FREEZE-FRAME | Frame: P | Size: 2709 bytes | PTS: 5400000
[mswitchdirect @ 0x13db04310] [MSwitch Direct OUTPUT] Source 0 → Encoder | Type: FREEZE-FRAME | Frame: P | Size: 2709 bytes | PTS: 5403000
[mswitchdirect @ 0x13db04310] [MSwitch Direct OUTPUT] Source 0 → Encoder | Type: FREEZE-FRAME | Frame: P | Size: 2709 bytes | PTS: 5406000
[mswitchdirect @ 0x13db04310] [MSwitch Direct OUTPUT] Source 0 → Encoder | Type: FREEZE-FRAME | Frame: P | Size: 2709 bytes | PTS: 5409000
[mswitchdirect @ 0x13db04310] [MSwitch Direct OUTPUT] Source 0 → Encoder | Type: FREEZE-FRAME | Frame: P | Size: 2709 bytes | PTS: 5412000
[mswitchdirect @ 0x13db04310] [MSwitch Direct OUTPUT] Source 0 → Encoder | Type: FREEZE-FRAME | Frame: P | Size: 2709 bytes | PTS: 5415000
[mswitchdirect @ 0x13db04310] [MSwitch Direct OUTPUT] Source 0 → Encoder | Type: FREEZE-FRAME | Frame: P | Size: 2709 bytes | PTS: 5418000
[mswitchdirect @ 0x13db04310] [MSwitch Direct OUTPUT] Source 0 → Encoder | Type: FREEZE-FRAME | Frame: P | Size: 2709 bytes | PTS: 5421000
[mswitchdirect @ 0x13db04310] [MSwitch Direct OUTPUT] Source 0 → Encoder | Type: FREEZE-FRAME | Frame: P | Size: 2709 bytes | PTS: 5424000
[mswitchdirect @ 0x13db04310] [MSwitch Direct OUTPUT] Source 0 → Encoder | Type: FREEZE-FRAME | Frame: P | Size: 2709 bytes | PTS: 5427000
[mswitchdirect @ 0x13db04310] [MSwitch Direct OUTPUT] Source 0 → Encoder | Type: FREEZE-FRAME | Frame: P | Size: 2709 bytes | PTS: 5430000
[mswitchdirect @ 0x13db04310] [MSwitch Direct OUTPUT] Source 0 → Encoder | Type: FREEZE-FRAME | Frame: P | Size: 2709 bytes | PTS: 5433000
[mswitchdirect @ 0x13db04310] [MSwitch Direct OUTPUT] Source 0 → Encoder | Type: FREEZE-FRAME | Frame: P | Size: 2709 bytes | PTS: 5436000
[mswitchdirect @ 0x13db04310] [MSwitch Direct OUTPUT] Source 0 → Encoder | Type: FREEZE-FRAME | Frame: P | Size: 2709 bytes | PTS: 5439000
[mswitchdirect @ 0x13db04310] [MSwitch Direct OUTPUT] Source 0 → Encoder | Type: FREEZE-FRAME | Frame: P | Size: 2709 bytes | PTS: 5442000
[mswitchdirect @ 0x13db04310] [MSwitch Direct OUTPUT] Source 0 → Encoder | Type: FREEZE-FRAME | Frame: P | Size: 2709 bytes | PTS: 5445000
[mswitchdirect @ 0x13db04310] [MSwitch Direct OUTPUT] Source 0 → Encoder | Type: FREEZE-FRAME | Frame: P | Size: 2709 bytes | PTS: 5448000
[mswitchdirect @ 0x13db04310] [MSwitch Direct OUTPUT] Source 0 → Encoder | Type: FREEZE-FRAME | Frame: P | Size: 2709 bytes | PTS: 5451000
[mswitchdirect @ 0x13db04310] [MSwitch Direct OUTPUT] Source 0 → Encoder | Type: FREEZE-FRAME | Frame: P | Size: 2709 bytes | PTS: 5454000
[mswitchdirect @ 0x13db04310] [MSwitch Direct OUTPUT] Source 0 → Encoder | Type: FREEZE-FRAME | Frame: P | Size: 2709 bytes | PTS: 5457000
[mswitchdirect @ 0x13db04310] [MSwitch Direct OUTPUT] Source 0 → Encoder | Type: FREEZE-FRAME | Frame: P | Size: 2709 bytes | PTS: 5460000
[mswitchdirect @ 0x13db04310] [MSwitch Direct OUTPUT] Source 0 → Encoder | Type: FREEZE-FRAME | Frame: P | Size: 2709 bytes | PTS: 5463000
[mswitchdirect @ 0x13db04310] [MSwitch Direct OUTPUT] Source 0 → Encoder | Type: FREEZE-FRAME | Frame: P | Size: 2709 bytes | PTS: 5466000
[mswitchdirect @ 0x13db04310] [MSwitch Direct OUTPUT] Source 0 → Encoder | Type: FREEZE-FRAME | Frame: P | Size: 2709 bytes | PTS: 5469000
[mswitchdirect @ 0x13db04310] [MSwitch Direct OUTPUT] Source 0 → Encoder | Type: FREEZE-FRAME | Frame: P | Size: 2709 bytes | PTS: 5472000
[mswitchdirect @ 0x13db04310] [MSwitch Direct OUTPUT] Source 0 → Encoder | Type: FREEZE-FRAME | Frame: P | Size: 2709 bytes | PTS: 5475000
[mswitchdirect @ 0x13db04310] [MSwitch Direct OUTPUT] Source 0 → Encoder | Type: FREEZE-FRAME | Frame: P | Size: 2709 bytes | PTS: 5478000
[mswitchdirect @ 0x13db04310] [MSwitch Direct OUTPUT] Source 0 → Encoder | Type: FREEZE-FRAME | Frame: P | Size: 2709 bytes | PTS: 5481000
[mswitchdirect @ 0x13db04310] [MSwitch Direct OUTPUT] Source 0 → Encoder | Type: FREEZE-FRAME | Frame: P | Size: 2709 bytes | PTS: 5484000
[mswitchdirect @ 0x13db04310] [MSwitch Direct OUTPUT] Source 0 → Encoder | Type: FREEZE-FRAME | Frame: P | Size: 2709 bytes | PTS: 5487000
[mswitchdirect @ 0x13db04310] [MSwitch Direct OUTPUT] Source 0 → Encoder | Type: FREEZE-FRAME | Frame: P | Size: 2709 bytes | PTS: 5490000
[mswitchdirect @ 0x13db04310] [MSwitch Direct OUTPUT] Source 0 → Encoder | Type: FREEZE-FRAME | Frame: P | Size: 2709 bytes | PTS: 5493000
[mswitchdirect @ 0x13db04310] [MSwitch Direct OUTPUT] Source 0 → Encoder | Type: FREEZE-FRAME | Frame: P | Size: 2709 bytes | PTS: 5496000
[mswitchdirect @ 0x13db04310] [MSwitch Direct OUTPUT] Source 0 → Encoder | Type: FREEZE-FRAME | Frame: P | Size: 2709 bytes | PTS: 5499000
[mswitchdirect @ 0x13db04310] [MSwitch Direct OUTPUT] Source 0 → Encoder | Type: FREEZE-FRAME | Frame: P | Size: 2709 bytes | PTS: 5502000
[mswitchdirect @ 0x13db04310] [MSwitch Direct OUTPUT] Source 0 → Encoder | Type: FREEZE-FRAME | Frame: P | Size: 2709 bytes | PTS: 5505000
[mswitchdirect @ 0x13db04310] [MSwitch Direct OUTPUT] Source 0 → Encoder | Type: FREEZE-FRAME | Frame: P | Size: 2709 bytes | PTS: 5508000
[mswitchdirect @ 0x13db04310] [MSwitch Direct OUTPUT] Source 0 → Encoder | Type: FREEZE-FRAME | Frame: P | Size: 2709 bytes | PTS: 5511000
[mswitchdirect @ 0x13db04310] [MSwitch Direct OUTPUT] Source 0 → Encoder | Type: FREEZE-FRAME | Frame: P | Size: 2709 bytes | PTS: 5514000
[mswitchdirect @ 0x13db04310] [MSwitch Direct OUTPUT] Source 0 → Encoder | Type: FREEZE-FRAME | Frame: P | Size: 2709 bytes | PTS: 5517000
[mswitchdirect @ 0x13db04310] [MSwitch Direct OUTPUT] Source 0 → Encoder | Type: FREEZE-FRAME | Frame: P | Size: 2709 bytes | PTS: 5520000
[mswitchdirect @ 0x13db04310] [MSwitch Direct OUTPUT] Source 0 → Encoder | Type: FREEZE-FRAME | Frame: P | Size: 2709 bytes | PTS: 5523000
[mswitchdirect @ 0x13db04310] [MSwitch Direct OUTPUT] Source 0 → Encoder | Type: FREEZE-FRAME | Frame: P | Size: 2709 bytes | PTS: 5526000
[mswitchdirect @ 0x13db04310] [MSwitch Direct OUTPUT] Source 0 → Encoder | Type: FREEZE-FRAME | Frame: P | Size: 2709 bytes | PTS: 5529000
[mswitchdirect @ 0x13db04310] [MSwitch Direct OUTPUT] Source 0 → Encoder | Type: FREEZE-FRAME | Frame: P | Size: 2709 bytes | PTS: 5532000
[mswitchdirect @ 0x13db04310] [MSwitch Direct OUTPUT] Source 0 → Encoder | Type: FREEZE-FRAME | Frame: P | Size: 2709 bytes | PTS: 5535000
[mswitchdirect @ 0x13db04310] [MSwitch Direct OUTPUT] Source 0 → Encoder | Type: FREEZE-FRAME | Frame: P | Size: 2709 bytes | PTS: 5538000
[mswitchdirect @ 0x13db04310] [MSwitch Direct OUTPUT] Source 0 → Encoder | Type: FREEZE-FRAME | Frame: P | Size: 2709 bytes | PTS: 5541000
[mswitchdirect @ 0x13db04310] [MSwitch Direct OUTPUT] Source 0 → Encoder | Type: FREEZE-FRAME | Frame: P | Size: 2709 bytes | PTS: 5544000
[mswitchdirect @ 0x13db04310] [MSwitch Direct OUTPUT] Source 0 → Encoder | Type: FREEZE-FRAME | Frame: P | Size: 2709 bytes | PTS: 5547000
[mswitchdirect @ 0x13db04310] [MSwitch Direct OUTPUT] Source 0 → Encoder | Type: FREEZE-FRAME | Frame: P | Size: 2709 bytes | PTS: 5550000
[mswitchdirect @ 0x13db04310] [MSwitch Direct OUTPUT] Source 0 → Encoder | Type: FREEZE-FRAME | Frame: P | Size: 2709 bytes | PTS: 5553000
[mswitchdirect @ 0x13db04310] [MSwitch Direct OUTPUT] Source 0 → Encoder | Type: FREEZE-FRAME | Frame: P | Size: 2709 bytes | PTS: 5556000
[mswitchdirect @ 0x13db04310] [MSwitch Direct OUTPUT] Source 0 → Encoder | Type: FREEZE-FRAME | Frame: P | Size: 2709 bytes | PTS: 5559000
[mswitchdirect @ 0x13db04310] [MSwitch Direct OUTPUT] Source 0 → Encoder | Type: FREEZE-FRAME | Frame: P | Size: 2709 bytes | PTS: 5562000
[mswitchdirect @ 0x13db04310] [MSwitch Direct OUTPUT] Source 0 → Encoder | Type: FREEZE-FRAME | Frame: P | Size: 2709 bytes | PTS: 5565000
[mswitchdirect @ 0x13db04310] [MSwitch Direct OUTPUT] Source 0 → Encoder | Type: FREEZE-FRAME | Frame: P | Size: 2709 bytes | PTS: 5568000
[mswitchdirect @ 0x13db04310] [MSwitch Direct OUTPUT] Source 0 → Encoder | Type: FREEZE-FRAME | Frame: P | Size: 2709 bytes | PTS: 5571000
[mswitchdirect @ 0x13db04310] [MSwitch Direct OUTPUT] Source 0 → Encoder | Type: FREEZE-FRAME | Frame: P | Size: 2709 bytes | PTS: 5574000
[mswitchdirect @ 0x13db04310] [MSwitch Direct OUTPUT] Source 0 → Encoder | Type: FREEZE-FRAME | Frame: P | Size: 2709 bytes | PTS: 5577000
[mswitchdirect @ 0x13db04310] [MSwitch Direct OUTPUT] Source 0 → Encoder | Type: FREEZE-FRAME | Frame: P | Size: 2709 bytes | PTS: 5580000
[mswitchdirect @ 0x13db04310] [MSwitch Direct OUTPUT] Source 0 → Encoder | Type: FREEZE-FRAME | Frame: P | Size: 2709 bytes | PTS: 5583000
[mswitchdirect @ 0x13db04310] [MSwitch Direct OUTPUT] Source 0 → Encoder | Type: FREEZE-FRAME | Frame: P | Size: 2709 bytes | PTS: 5586000
[mswitchdirect @ 0x13db04310] [MSwitch Direct OUTPUT] Source 0 → Encoder | Type: FREEZE-FRAME | Frame: P | Size: 2709 bytes | PTS: 5589000
[mswitchdirect @ 0x13db04310] [MSwitch Direct OUTPUT] Source 0 → Encoder | Type: FREEZE-FRAME | Frame: P | Size: 2709 bytes | PTS: 5592000
[mswitchdirect @ 0x13db04310] [MSwitch Direct OUTPUT] Source 0 → Encoder | Type: FREEZE-FRAME | Frame: P | Size: 2709 bytes | PTS: 5595000
[mswitchdirect @ 0x13db04310] [MSwitch Direct OUTPUT] Source 0 → Encoder | Type: FREEZE-FRAME | Frame: P | Size: 2709 bytes | PTS: 5598000
[mswitchdirect @ 0x13db04310] [MSwitch Direct OUTPUT] Source 0 → Encoder | Type: FREEZE-FRAME | Frame: P | Size: 2709 bytes | PTS: 5601000
[mswitchdirect @ 0x13db04310] [MSwitch Direct OUTPUT] Source 0 → Encoder | Type: FREEZE-FRAME | Frame: P | Size: 2709 bytes | PTS: 5604000
[mswitchdirect @ 0x13db04310] [MSwitch Direct OUTPUT] Source 0 → Encoder | Type: FREEZE-FRAME | Frame: P | Size: 2709 bytes | PTS: 5607000
[mswitchdirect @ 0x13db04310] [MSwitch Direct OUTPUT] Source 0 → Encoder | Type: FREEZE-FRAME | Frame: P | Size: 2709 bytes | PTS: 5610000
[mswitchdirect @ 0x13db04310] [MSwitch Direct OUTPUT] Source 0 → Encoder | Type: FREEZE-FRAME | Frame: P | Size: 2709 bytes | PTS: 5613000
[mswitchdirect @ 0x13db04310] [MSwitch Direct OUTPUT] Source 0 → Encoder | Type: FREEZE-FRAME | Frame: P | Size: 2709 bytes | PTS: 5616000
[mswitchdirect @ 0x13db04310] [MSwitch Direct OUTPUT] Source 0 → Encoder | Type: FREEZE-FRAME | Frame: P | Size: 2709 bytes | PTS: 5619000
[mswitchdirect @ 0x13db04310] [MSwitch Direct OUTPUT] Source 0 → Encoder | Type: FREEZE-FRAME | Frame: P | Size: 2709 bytes | PTS: 5622000
[mswitchdirect @ 0x13db04310] [MSwitch Direct OUTPUT] Source 0 → Encoder | Type: FREEZE-FRAME | Frame: P | Size: 2709 bytes | PTS: 5625000
[mswitchdirect @ 0x13db04310] [MSwitch Direct OUTPUT] Source 0 → Encoder | Type: FREEZE-FRAME | Frame: P | Size: 2709 bytes | PTS: 5628000
[mswitchdirect @ 0x13db04310] [MSwitch Direct OUTPUT] Source 0 → Encoder | Type: FREEZE-FRAME | Frame: P | Size: 2709 bytes | PTS: 5631000
[mswitchdirect @ 0x13db04310] [MSwitch Direct OUTPUT] Source 0 → Encoder | Type: FREEZE-FRAME | Frame: P | Size: 2709 bytes | PTS: 5634000
[mswitchdirect @ 0x13db04310] [MSwitch Direct OUTPUT] Source 0 → Encoder | Type: FREEZE-FRAME | Frame: P | Size: 2709 bytes | PTS: 5637000
[mswitchdirect @ 0x13db04310] [MSwitch Direct OUTPUT] Source 0 → Encoder | Type: FREEZE-FRAME | Frame: P | Size: 2709 bytes | PTS: 5640000
[mswitchdirect @ 0x13db04310] [MSwitch Direct OUTPUT] Source 0 → Encoder | Type: FREEZE-FRAME | Frame: P | Size: 2709 bytes | PTS: 5643000
[mswitchdirect @ 0x13db04310] [MSwitch Direct OUTPUT] Source 0 → Encoder | Type: FREEZE-FRAME | Frame: P | Size: 2709 bytes | PTS: 5646000
[mswitchdirect @ 0x13db04310] [MSwitch Direct OUTPUT] Source 0 → Encoder | Type: FREEZE-FRAME | Frame: P | Size: 2709 bytes | PTS: 5649000
[mswitchdirect @ 0x13db04310] [MSwitch Direct OUTPUT] Source 0 → Encoder | Type: FREEZE-FRAME | Frame: P | Size: 2709 bytes | PTS: 5652000
[mswitchdirect @ 0x13db04310] [MSwitch Direct OUTPUT] Source 0 → Encoder | Type: FREEZE-FRAME | Frame: P | Size: 2709 bytes | PTS: 5655000
[mswitchdirect @ 0x13db04310] [MSwitch Direct OUTPUT] Source 0 → Encoder | Type: FREEZE-FRAME | Frame: P | Size: 2709 bytes | PTS: 5658000
[mswitchdirect @ 0x13db04310] [MSwitch Direct OUTPUT] Source 0 → Encoder | Type: FREEZE-FRAME | Frame: P | Size: 2709 bytes | PTS: 5661000
[mswitchdirect @ 0x13db04310] [MSwitch Direct OUTPUT] Source 0 → Encoder | Type: FREEZE-FRAME | Frame: P | Size: 2709 bytes | PTS: 5664000
[mswitchdirect @ 0x13db04310] [MSwitch Direct OUTPUT] Source 0 → Encoder | Type: FREEZE-FRAME | Frame: P | Size: 2709 bytes | PTS: 5667000
[mswitchdirect @ 0x13db04310] [MSwitch Direct OUTPUT] Source 0 → Encoder | Type: FREEZE-FRAME | Frame: P | Size: 2709 bytes | PTS: 5670000
[mswitchdirect @ 0x13db04310] [MSwitch Direct OUTPUT] Source 0 → Encoder | Type: FREEZE-FRAME | Frame: P | Size: 2709 bytes | PTS: 5673000
[mswitchdirect @ 0x13db04310] [MSwitch Direct OUTPUT] Source 0 → Encoder | Type: FREEZE-FRAME | Frame: P | Size: 2709 bytes | PTS: 5676000
[mswitchdirect @ 0x13db04310] [MSwitch Direct OUTPUT] Source 0 → Encoder | Type: FREEZE-FRAME | Frame: P | Size: 2709 bytes | PTS: 5679000
[mswitchdirect @ 0x13db04310] [MSwitch Direct OUTPUT] Source 0 → Encoder | Type: FREEZE-FRAME | Frame: P | Size: 2709 bytes | PTS: 5682000
[mswitchdirect @ 0x13db04310] [MSwitch Direct OUTPUT] Source 0 → Encoder | Type: FREEZE-FRAME | Frame: P | Size: 2709 bytes | PTS: 5685000
[mswitchdirect @ 0x13db04310] [MSwitch Direct OUTPUT] Source 0 → Encoder | Type: FREEZE-FRAME | Frame: P | Size: 2709 bytes | PTS: 5688000
[mswitchdirect @ 0x13db04310] [MSwitch Direct OUTPUT] Source 0 → Encoder | Type: FREEZE-FRAME | Frame: P | Size: 2709 bytes | PTS: 5691000
[mswitchdirect @ 0x13db04310] [MSwitch Direct OUTPUT] Source 0 → Encoder | Type: FREEZE-FRAME | Frame: P | Size: 2709 bytes | PTS: 5694000
[mswitchdirect @ 0x13db04310] [MSwitch Direct OUTPUT] Source 0 → Encoder | Type: FREEZE-FRAME | Frame: P | Size: 2709 bytes | PTS: 5697000
[mswitchdirect @ 0x13db04310] [MSwitch Direct OUTPUT] Source 0 → Encoder | Type: FREEZE-FRAME | Frame: P | Size: 2709 bytes | PTS: 5700000
[mswitchdirect @ 0x13db04310] [MSwitch Direct OUTPUT] Source 0 → Encoder | Type: FREEZE-FRAME | Frame: P | Size: 2709 bytes | PTS: 5703000
[mswitchdirect @ 0x13db04310] [MSwitch Direct OUTPUT] Source 0 → Encoder | Type: FREEZE-FRAME | Frame: P | Size: 2709 bytes | PTS: 5706000
[mswitchdirect @ 0x13db04310] [MSwitch Direct OUTPUT] Source 0 → Encoder | Type: FREEZE-FRAME | Frame: P | Size: 2709 bytes | PTS: 5709000
[mswitchdirect @ 0x13db04310] [MSwitch Direct OUTPUT] Source 0 → Encoder | Type: FREEZE-FRAME | Frame: P | Size: 2709 bytes | PTS: 5712000
[mswitchdirect @ 0x13db04310] [MSwitch Direct OUTPUT] Source 0 → Encoder | Type: FREEZE-FRAME | Frame: P | Size: 2709 bytes | PTS: 5715000
[mswitchdirect @ 0x13db04310] [MSwitch Direct OUTPUT] Source 0 → Encoder | Type: FREEZE-FRAME | Frame: P | Size: 2709 bytes | PTS: 5718000
[mswitchdirect @ 0x13db04310] [MSwitch Direct OUTPUT] Source 0 → Encoder | Type: FREEZE-FRAME | Frame: P | Size: 2709 bytes | PTS: 5721000
[mswitchdirect @ 0x13db04310] [MSwitch Direct OUTPUT] Source 0 → Encoder | Type: FREEZE-FRAME | Frame: P | Size: 2709 bytes | PTS: 5724000
[mswitchdirect @ 0x13db04310] [MSwitch Direct OUTPUT] Source 0 → Encoder | Type: FREEZE-FRAME | Frame: P | Size: 2709 bytes | PTS: 5727000
[mswitchdirect @ 0x13db04310] [MSwitch Direct OUTPUT] Source 0 → Encoder | Type: FREEZE-FRAME | Frame: P | Size: 2709 bytes | PTS: 5730000
[mswitchdirect @ 0x13db04310] [MSwitch Direct OUTPUT] Source 0 → Encoder | Type: FREEZE-FRAME | Frame: P | Size: 2709 bytes | PTS: 5733000
[mswitchdirect @ 0x13db04310] [MSwitch Direct OUTPUT] Source 0 → Encoder | Type: FREEZE-FRAME | Frame: P | Size: 2709 bytes | PTS: 5736000
[mswitchdirect @ 0x13db04310] [MSwitch Direct OUTPUT] Source 0 → Encoder | Type: FREEZE-FRAME | Frame: P | Size: 2709 bytes | PTS: 5739000
[mswitchdirect @ 0x13db04310] [MSwitch Direct OUTPUT] Source 0 → Encoder | Type: FREEZE-FRAME | Frame: P | Size: 2709 bytes | PTS: 5742000
[mswitchdirect @ 0x13db04310] [MSwitch Direct OUTPUT] Source 0 → Encoder | Type: FREEZE-FRAME | Frame: P | Size: 2709 bytes | PTS: 5745000
[mswitchdirect @ 0x13db04310] [MSwitch Direct OUTPUT] Source 0 → Encoder | Type: FREEZE-FRAME | Frame: P | Size: 2709 bytes | PTS: 5748000
[mswitchdirect @ 0x13db04310] [MSwitch Direct OUTPUT] Source 0 → Encoder | Type: FREEZE-FRAME | Frame: P | Size: 2709 bytes | PTS: 5751000
[mswitchdirect @ 0x13db04310] [MSwitch Direct OUTPUT] Source 0 → Encoder | Type: FREEZE-FRAME | Frame: P | Size: 2709 bytes | PTS: 5754000
[mswitchdirect @ 0x13db04310] [MSwitch Direct OUTPUT] Source 0 → Encoder | Type: FREEZE-FRAME | Frame: P | Size: 2709 bytes | PTS: 5757000
[mswitchdirect @ 0x13db04310] [MSwitch Direct OUTPUT] Source 0 → Encoder | Type: FREEZE-FRAME | Frame: P | Size: 2709 bytes | PTS: 5760000
[mswitchdirect @ 0x13db04310] [MSwitch Direct OUTPUT] Source 0 → Encoder | Type: FREEZE-FRAME | Frame: P | Size: 2709 bytes | PTS: 5763000
[mswitchdirect @ 0x13db04310] [MSwitch Direct OUTPUT] Source 0 → Encoder | Type: FREEZE-FRAME | Frame: P | Size: 2709 bytes | PTS: 5766000
[mswitchdirect @ 0x13db04310] [MSwitch Direct OUTPUT] Source 0 → Encoder | Type: FREEZE-FRAME | Frame: P | Size: 2709 bytes | PTS: 5769000
[mswitchdirect @ 0x13db04310] [MSwitch Direct OUTPUT] Source 0 → Encoder | Type: FREEZE-FRAME | Frame: P | Size: 2709 bytes | PTS: 5772000
[mswitchdirect @ 0x13db04310] [MSwitch Direct OUTPUT] Source 0 → Encoder | Type: FREEZE-FRAME | Frame: P | Size: 2709 bytes | PTS: 5775000
[mswitchdirect @ 0x13db04310] [MSwitch Direct OUTPUT] Source 0 → Encoder | Type: FREEZE-FRAME | Frame: P | Size: 2709 bytes | PTS: 5778000
[mswitchdirect @ 0x13db04310] [MSwitch Direct OUTPUT] Source 0 → Encoder | Type: FREEZE-FRAME | Frame: P | Size: 2709 bytes | PTS: 5781000
[mswitchdirect @ 0x13db04310] [MSwitch Direct OUTPUT] Source 0 → Encoder | Type: FREEZE-FRAME | Frame: P | Size: 2709 bytes | PTS: 5784000
[mswitchdirect @ 0x13db04310] [MSwitch Direct OUTPUT] Source 0 → Encoder | Type: FREEZE-FRAME | Frame: P | Size: 2709 bytes | PTS: 5787000
[mswitchdirect @ 0x13db04310] [MSwitch Direct OUTPUT] Source 0 → Encoder | Type: FREEZE-FRAME | Frame: P | Size: 2709 bytes | PTS: 5790000
[mswitchdirect @ 0x13db04310] [MSwitch Direct OUTPUT] Source 0 → Encoder | Type: FREEZE-FRAME | Frame: P | Size: 2709 bytes | PTS: 5793000
[mswitchdirect @ 0x13db04310] [MSwitch Direct OUTPUT] Source 0 → Encoder | Type: FREEZE-FRAME | Frame: P | Size: 2709 bytes | PTS: 5796000
[mswitchdirect @ 0x13db04310] [MSwitch Direct OUTPUT] Source 0 → Encoder | Type: FREEZE-FRAME | Frame: P | Size: 2709 bytes | PTS: 5799000
[mswitchdirect @ 0x13db04310] [MSwitch Direct OUTPUT] Source 0 → Encoder | Type: FREEZE-FRAME | Frame: P | Size: 2709 bytes | PTS: 5802000
[mswitchdirect @ 0x13db04310] [MSwitch Direct OUTPUT] Source 0 → Encoder | Type: FREEZE-FRAME | Frame: P | Size: 2709 bytes | PTS: 5805000
[mswitchdirect @ 0x13db04310] [MSwitch Direct OUTPUT] Source 0 → Encoder | Type: FREEZE-FRAME | Frame: P | Size: 2709 bytes | PTS: 5808000
[mswitchdirect @ 0x13db04310] [MSwitch Direct OUTPUT] Source 0 → Encoder | Type: FREEZE-FRAME | Frame: P | Size: 2709 bytes | PTS: 5811000
[mswitchdirect @ 0x13db04310] [MSwitch Direct OUTPUT] Source 0 → Encoder | Type: FREEZE-FRAME | Frame: P | Size: 2709 bytes | PTS: 5814000
[mswitchdirect @ 0x13db04310] [MSwitch Direct OUTPUT] Source 0 → Encoder | Type: FREEZE-FRAME | Frame: P | Size: 2709 bytes | PTS: 5817000
[mswitchdirect @ 0x13db04310] [MSwitch Direct OUTPUT] Source 0 → Encoder | Type: FREEZE-FRAME | Frame: P | Size: 2709 bytes | PTS: 5820000
[mswitchdirect @ 0x13db04310] [MSwitch Direct OUTPUT] Source 0 → Encoder | Type: FREEZE-FRAME | Frame: P | Size: 2709 bytes | PTS: 5823000
[mswitchdirect @ 0x13db04310] [MSwitch Direct OUTPUT] Source 0 → Encoder | Type: FREEZE-FRAME | Frame: P | Size: 2709 bytes | PTS: 5826000
[mswitchdirect @ 0x13db04310] [MSwitch Direct OUTPUT] Source 0 → Encoder | Type: FREEZE-FRAME | Frame: P | Size: 2709 bytes | PTS: 5829000
[mswitchdirect @ 0x13db04310] [MSwitch Direct OUTPUT] Source 0 → Encoder | Type: FREEZE-FRAME | Frame: P | Size: 2709 bytes | PTS: 5832000
[mswitchdirect @ 0x13db04310] [MSwitch Direct OUTPUT] Source 0 → Encoder | Type: FREEZE-FRAME | Frame: P | Size: 2709 bytes | PTS: 5835000
[mswitchdirect @ 0x13db04310] [MSwitch Direct OUTPUT] Source 0 → Encoder | Type: FREEZE-FRAME | Frame: P | Size: 2709 bytes | PTS: 5838000
[mswitchdirect @ 0x13db04310] [MSwitch Direct OUTPUT] Source 0 → Encoder | Type: FREEZE-FRAME | Frame: P | Size: 2709 bytes | PTS: 5841000
[mswitchdirect @ 0x13db04310] [MSwitch Direct OUTPUT] Source 0 → Encoder | Type: FREEZE-FRAME | Frame: P | Size: 2709 bytes | PTS: 5844000
[mswitchdirect @ 0x13db04310] [MSwitch Direct OUTPUT] Source 0 → Encoder | Type: FREEZE-FRAME | Frame: P | Size: 2709 bytes | PTS: 5847000
[mswitchdirect @ 0x13db04310] [MSwitch Direct OUTPUT] Source 0 → Encoder | Type: FREEZE-FRAME | Frame: P | Size: 2709 bytes | PTS: 5850000
[mswitchdirect @ 0x13db04310] [MSwitch Direct OUTPUT] Source 0 → Encoder | Type: FREEZE-FRAME | Frame: P | Size: 2709 bytes | PTS: 5853000
[mswitchdirect @ 0x13db04310] [MSwitch Direct OUTPUT] Source 0 → Encoder | Type: FREEZE-FRAME | Frame: P | Size: 2709 bytes | PTS: 5856000
[mswitchdirect @ 0x13db04310] [MSwitch Direct OUTPUT] Source 0 → Encoder | Type: FREEZE-FRAME | Frame: P | Size: 2709 bytes | PTS: 5859000
[mswitchdirect @ 0x13db04310] [MSwitch Direct OUTPUT] Source 0 → Encoder | Type: FREEZE-FRAME | Frame: P | Size: 2709 bytes | PTS: 5862000
[mswitchdirect @ 0x13db04310] [MSwitch Direct OUTPUT] Source 0 → Encoder | Type: FREEZE-FRAME | Frame: P | Size: 2709 bytes | PTS: 5865000
[mswitchdirect @ 0x13db04310] [MSwitch Direct OUTPUT] Source 0 → Encoder | Type: FREEZE-FRAME | Frame: P | Size: 2709 bytes | PTS: 5868000
[mswitchdirect @ 0x13db04310] [MSwitch Direct OUTPUT] Source 0 → Encoder | Type: FREEZE-FRAME | Frame: P | Size: 2709 bytes | PTS: 5871000
[mswitchdirect @ 0x13db04310] [MSwitch Direct OUTPUT] Source 0 → Encoder | Type: FREEZE-FRAME | Frame: P | Size: 2709 bytes | PTS: 5874000
[mswitchdirect @ 0x13db04310] [MSwitch Direct OUTPUT] Source 0 → Encoder | Type: FREEZE-FRAME | Frame: P | Size: 2709 bytes | PTS: 5877000
[mswitchdirect @ 0x13db04310] [MSwitch Direct OUTPUT] Source 0 → Encoder | Type: FREEZE-FRAME | Frame: P | Size: 2709 bytes | PTS: 5880000
[mswitchdirect @ 0x13db04310] [MSwitch Direct OUTPUT] Source 0 → Encoder | Type: FREEZE-FRAME | Frame: P | Size: 2709 bytes | PTS: 5883000
[mswitchdirect @ 0x13db04310] [MSwitch Direct OUTPUT] Source 0 → Encoder | Type: FREEZE-FRAME | Frame: P | Size: 2709 bytes | PTS: 5886000
[mswitchdirect @ 0x13db04310] [MSwitch Direct OUTPUT] Source 0 → Encoder | Type: FREEZE-FRAME | Frame: P | Size: 2709 bytes | PTS: 5889000
[mswitchdirect @ 0x13db04310] [MSwitch Direct OUTPUT] Source 0 → Encoder | Type: FREEZE-FRAME | Frame: P | Size: 2709 bytes | PTS: 5892000
[mswitchdirect @ 0x13db04310] [MSwitch Direct OUTPUT] Source 0 → Encoder | Type: FREEZE-FRAME | Frame: P | Size: 2709 bytes | PTS: 5895000
[mswitchdirect @ 0x13db04310] [MSwitch Direct OUTPUT] Source 0 → Encoder | Type: FREEZE-FRAME | Frame: P | Size: 2709 bytes | PTS: 5898000
[mswitchdirect @ 0x13db04310] [MSwitch Direct OUTPUT] Source 0 → Encoder | Type: FREEZE-FRAME | Frame: P | Size: 2709 bytes | PTS: 5901000
[mswitchdirect @ 0x13db04310] [MSwitch Direct OUTPUT] Source 0 → Encoder | Type: FREEZE-FRAME | Frame: P | Size: 2709 bytes | PTS: 5904000
[mswitchdirect @ 0x13db04310] [MSwitch Direct OUTPUT] Source 0 → Encoder | Type: FREEZE-FRAME | Frame: P | Size: 2709 bytes | PTS: 5907000
[mswitchdirect @ 0x13db04310] [MSwitch Direct OUTPUT] Source 0 → Encoder | Type: FREEZE-FRAME | Frame: P | Size: 2709 bytes | PTS: 5910000
[mswitchdirect @ 0x13db04310] [MSwitch Direct OUTPUT] Source 0 → Encoder | Type: FREEZE-FRAME | Frame: P | Size: 2709 bytes | PTS: 5913000
[mswitchdirect @ 0x13db04310] [MSwitch Direct OUTPUT] Source 0 → Encoder | Type: FREEZE-FRAME | Frame: P | Size: 2709 bytes | PTS: 5916000
[mswitchdirect @ 0x13db04310] [MSwitch Direct OUTPUT] Source 0 → Encoder | Type: FREEZE-FRAME | Frame: P | Size: 2709 bytes | PTS: 5919000
[mswitchdirect @ 0x13db04310] [MSwitch Direct OUTPUT] Source 0 → Encoder | Type: FREEZE-FRAME | Frame: P | Size: 2709 bytes | PTS: 5922000
[mswitchdirect @ 0x13db04310] [MSwitch Direct OUTPUT] Source 0 → Encoder | Type: FREEZE-FRAME | Frame: P | Size: 2709 bytes | PTS: 5925000
[mswitchdirect @ 0x13db04310] [MSwitch Direct OUTPUT] Source 0 → Encoder | Type: FREEZE-FRAME | Frame: P | Size: 2709 bytes | PTS: 5928000
[mswitchdirect @ 0x13db04310] [MSwitch Direct OUTPUT] Source 0 → Encoder | Type: FREEZE-FRAME | Frame: P | Size: 2709 bytes | PTS: 5931000
[mswitchdirect @ 0x13db04310] [MSwitch Direct OUTPUT] Source 0 → Encoder | Type: FREEZE-FRAME | Frame: P | Size: 2709 bytes | PTS: 5934000
[mswitchdirect @ 0x13db04310] [MSwitch Direct OUTPUT] Source 0 → Encoder | Type: FREEZE-FRAME | Frame: P | Size: 2709 bytes | PTS: 5937000
[mswitchdirect @ 0x13db04310] [MSwitch Direct OUTPUT] Source 0 → Encoder | Type: FREEZE-FRAME | Frame: P | Size: 2709 bytes | PTS: 5940000
[mswitchdirect @ 0x13db04310] [MSwitch Direct OUTPUT] Source 0 → Encoder | Type: FREEZE-FRAME | Frame: P | Size: 2709 bytes | PTS: 5943000
[mswitchdirect @ 0x13db04310] [MSwitch Direct OUTPUT] Source 0 → Encoder | Type: FREEZE-FRAME | Frame: P | Size: 2709 bytes | PTS: 5946000
[mswitchdirect @ 0x13db04310] [MSwitch Direct OUTPUT] Source 0 → Encoder | Type: FREEZE-FRAME | Frame: P | Size: 2709 bytes | PTS: 5949000
[mswitchdirect @ 0x13db04310] [MSwitch Direct OUTPUT] Source 0 → Encoder | Type: FREEZE-FRAME | Frame: P | Size: 2709 bytes | PTS: 5952000
[mswitchdirect @ 0x13db04310] [MSwitch Direct OUTPUT] Source 0 → Encoder | Type: FREEZE-FRAME | Frame: P | Size: 2709 bytes | PTS: 5955000
[mswitchdirect @ 0x13db04310] [MSwitch Direct OUTPUT] Source 0 → Encoder | Type: FREEZE-FRAME | Frame: P | Size: 2709 bytes | PTS: 5958000
[mswitchdirect @ 0x13db04310] [MSwitch Direct OUTPUT] Source 0 → Encoder | Type: FREEZE-FRAME | Frame: P | Size: 2709 bytes | PTS: 5961000
[mswitchdirect @ 0x13db04310] [MSwitch Direct OUTPUT] Source 0 → Encoder | Type: FREEZE-FRAME | Frame: P | Size: 2709 bytes | PTS: 5964000
[mswitchdirect @ 0x13db04310] [MSwitch Direct OUTPUT] Source 0 → Encoder | Type: FREEZE-FRAME | Frame: P | Size: 2709 bytes | PTS: 5967000
[mswitchdirect @ 0x13db04310] [MSwitch Direct OUTPUT] Source 0 → Encoder | Type: FREEZE-FRAME | Frame: P | Size: 2709 bytes | PTS: 5970000
[mswitchdirect @ 0x13db04310] [MSwitch Direct OUTPUT] Source 0 → Encoder | Type: FREEZE-FRAME | Frame: P | Size: 2709 bytes | PTS: 5973000
[mswitchdirect @ 0x13db04310] [MSwitch Direct OUTPUT] Source 0 → Encoder | Type: FREEZE-FRAME | Frame: P | Size: 2709 bytes | PTS: 5976000
[mswitchdirect @ 0x13db04310] [MSwitch Direct OUTPUT] Source 0 → Encoder | Type: FREEZE-FRAME | Frame: P | Size: 2709 bytes | PTS: 5979000
[mswitchdirect @ 0x13db04310] [MSwitch Direct OUTPUT] Source 0 → Encoder | Type: FREEZE-FRAME | Frame: P | Size: 2709 bytes | PTS: 5982000
[mswitchdirect @ 0x13db04310] [MSwitch Direct OUTPUT] Source 0 → Encoder | Type: FREEZE-FRAME | Frame: P | Size: 2709 bytes | PTS: 5985000
[mswitchdirect @ 0x13db04310] [MSwitch Direct OUTPUT] Source 0 → Encoder | Type: FREEZE-FRAME | Frame: P | Size: 2709 bytes | PTS: 5988000
[mswitchdirect @ 0x13db04310] [MSwitch Direct OUTPUT] Source 0 → Encoder | Type: FREEZE-FRAME | Frame: P | Size: 2709 bytes | PTS: 5991000
[mswitchdirect @ 0x13db04310] [MSwitch Direct OUTPUT] Source 0 → Encoder | Type: FREEZE-FRAME | Frame: P | Size: 2709 bytes | PTS: 5994000
[mswitchdirect @ 0x13db04310] [MSwitch Direct OUTPUT] Source 0 → Encoder | Type: FREEZE-FRAME | Frame: P | Size: 2709 bytes | PTS: 5997000
[mswitchdirect @ 0x13db04310] [MSwitch Direct OUTPUT] Source 0 → Encoder | Type: FREEZE-FRAME | Frame: P | Size: 2709 bytes | PTS: 6000000
[mswitchdirect @ 0x13db04310] [MSwitch Direct OUTPUT] Source 0 → Encoder | Type: FREEZE-FRAME | Frame: P | Size: 2709 bytes | PTS: 6003000
[mswitchdirect @ 0x13db04310] [MSwitch Direct OUTPUT] Source 0 → Encoder | Type: FREEZE-FRAME | Frame: P | Size: 2709 bytes | PTS: 6006000
[mswitchdirect @ 0x13db04310] [MSwitch Direct OUTPUT] Source 0 → Encoder | Type: FREEZE-FRAME | Frame: P | Size: 2709 bytes | PTS: 6009000
[mswitchdirect @ 0x13db04310] [MSwitch Direct OUTPUT] Source 0 → Encoder | Type: FREEZE-FRAME | Frame: P | Size: 2709 bytes | PTS: 6012000
[mswitchdirect @ 0x13db04310] [MSwitch Direct OUTPUT] Source 0 → Encoder | Type: FREEZE-FRAME | Frame: P | Size: 2709 bytes | PTS: 6015000
[mswitchdirect @ 0x13db04310] [MSwitch Direct OUTPUT] Source 0 → Encoder | Type: FREEZE-FRAME | Frame: P | Size: 2709 bytes | PTS: 6018000
[mswitchdirect @ 0x13db04310] [MSwitch Direct OUTPUT] Source 0 → Encoder | Type: FREEZE-FRAME | Frame: P | Size: 2709 bytes | PTS: 6021000
[mswitchdirect @ 0x13db04310] [MSwitch Direct OUTPUT] Source 0 → Encoder | Type: FREEZE-FRAME | Frame: P | Size: 2709 bytes | PTS: 6024000
[mswitchdirect @ 0x13db04310] [MSwitch Direct OUTPUT] Source 0 → Encoder | Type: FREEZE-FRAME | Frame: P | Size: 2709 bytes | PTS: 6027000
[mswitchdirect @ 0x13db04310] [MSwitch Direct OUTPUT] Source 0 → Encoder | Type: FREEZE-FRAME | Frame: P | Size: 2709 bytes | PTS: 6030000
[mswitchdirect @ 0x13db04310] [MSwitch Direct OUTPUT] Source 0 → Encoder | Type: FREEZE-FRAME | Frame: P | Size: 2709 bytes | PTS: 6033000
[mswitchdirect @ 0x13db04310] [MSwitch Direct OUTPUT] Source 0 → Encoder | Type: FREEZE-FRAME | Frame: P | Size: 2709 bytes | PTS: 6036000
[mswitchdirect @ 0x13db04310] [MSwitch Direct OUTPUT] Source 0 → Encoder | Type: FREEZE-FRAME | Frame: P | Size: 2709 bytes | PTS: 6039000
[mswitchdirect @ 0x13db04310] [MSwitch Direct OUTPUT] Source 0 → Encoder | Type: FREEZE-FRAME | Frame: P | Size: 2709 bytes | PTS: 6042000
[mswitchdirect @ 0x13db04310] [MSwitch Direct OUTPUT] Source 0 → Encoder | Type: FREEZE-FRAME | Frame: P | Size: 2709 bytes | PTS: 6045000
[mswitchdirect @ 0x13db04310] [MSwitch Direct OUTPUT] Source 0 → Encoder | Type: FREEZE-FRAME | Frame: P | Size: 2709 bytes | PTS: 6048000
[mswitchdirect @ 0x13db04310] [MSwitch Direct OUTPUT] Source 0 → Encoder | Type: FREEZE-FRAME | Frame: P | Size: 2709 bytes | PTS: 6051000
[mswitchdirect @ 0x13db04310] [MSwitch Direct OUTPUT] Source 0 → Encoder | Type: FREEZE-FRAME | Frame: P | Size: 2709 bytes | PTS: 6054000
[mswitchdirect @ 0x13db04310] [MSwitch Direct OUTPUT] Source 0 → Encoder | Type: FREEZE-FRAME | Frame: P | Size: 2709 bytes | PTS: 6057000
[mswitchdirect @ 0x13db04310] [MSwitch Direct OUTPUT] Source 0 → Encoder | Type: FREEZE-FRAME | Frame: P | Size: 2709 bytes | PTS: 6060000
[mswitchdirect @ 0x13db04310] [MSwitch Direct OUTPUT] Source 0 → Encoder | Type: FREEZE-FRAME | Frame: P | Size: 2709 bytes | PTS: 6063000
[mswitchdirect @ 0x13db04310] [MSwitch Direct OUTPUT] Source 0 → Encoder | Type: FREEZE-FRAME | Frame: P | Size: 2709 bytes | PTS: 6066000
[mswitchdirect @ 0x13db04310] [MSwitch Direct OUTPUT] Source 0 → Encoder | Type: FREEZE-FRAME | Frame: P | Size: 2709 bytes | PTS: 6069000
[mswitchdirect @ 0x13db04310] [MSwitch Direct OUTPUT] Source 0 → Encoder | Type: FREEZE-FRAME | Frame: P | Size: 2709 bytes | PTS: 6072000
[mswitchdirect @ 0x13db04310] [MSwitch Direct OUTPUT] Source 0 → Encoder | Type: FREEZE-FRAME | Frame: P | Size: 2709 bytes | PTS: 6075000
[mswitchdirect @ 0x13db04310] [MSwitch Direct OUTPUT] Source 0 → Encoder | Type: FREEZE-FRAME | Frame: P | Size: 2709 bytes | PTS: 6078000
[mswitchdirect @ 0x13db04310] [MSwitch Direct OUTPUT] Source 0 → Encoder | Type: FREEZE-FRAME | Frame: P | Size: 2709 bytes | PTS: 6081000
[mswitchdirect @ 0x13db04310] [MSwitch Direct OUTPUT] Source 0 → Encoder | Type: FREEZE-FRAME | Frame: P | Size: 2709 bytes | PTS: 6084000
[mswitchdirect @ 0x13db04310] [MSwitch Direct OUTPUT] Source 0 → Encoder | Type: FREEZE-FRAME | Frame: P | Size: 2709 bytes | PTS: 6087000
[mswitchdirect @ 0x13db04310] [MSwitch Direct OUTPUT] Source 0 → Encoder | Type: FREEZE-FRAME | Frame: P | Size: 2709 bytes | PTS: 6090000
[mswitchdirect @ 0x13db04310] [MSwitch Direct OUTPUT] Source 0 → Encoder | Type: FREEZE-FRAME | Frame: P | Size: 2709 bytes | PTS: 6093000
[mswitchdirect @ 0x13db04310] [MSwitch Direct OUTPUT] Source 0 → Encoder | Type: FREEZE-FRAME | Frame: P | Size: 2709 bytes | PTS: 6096000
[mswitchdirect @ 0x13db04310] [MSwitch Direct OUTPUT] Source 0 → Encoder | Type: FREEZE-FRAME | Frame: P | Size: 2709 bytes | PTS: 6099000
[mswitchdirect @ 0x13db04310] [MSwitch Direct OUTPUT] Source 0 → Encoder | Type: FREEZE-FRAME | Frame: P | Size: 2709 bytes | PTS: 6102000
[mswitchdirect @ 0x13db04310] [MSwitch Direct OUTPUT] Source 0 → Encoder | Type: FREEZE-FRAME | Frame: P | Size: 2709 bytes | PTS: 6105000
[mswitchdirect @ 0x13db04310] [MSwitch Direct OUTPUT] Source 0 → Encoder | Type: FREEZE-FRAME | Frame: P | Size: 2709 bytes | PTS: 6108000
[mswitchdirect @ 0x13db04310] [MSwitch Direct OUTPUT] Source 0 → Encoder | Type: FREEZE-FRAME | Frame: P | Size: 2709 bytes | PTS: 6111000
[mswitchdirect @ 0x13db04310] [MSwitch Direct OUTPUT] Source 0 → Encoder | Type: FREEZE-FRAME | Frame: P | Size: 2709 bytes | PTS: 6114000
[mswitchdirect @ 0x13db04310] [MSwitch Direct OUTPUT] Source 0 → Encoder | Type: FREEZE-FRAME | Frame: P | Size: 2709 bytes | PTS: 6117000
[mswitchdirect @ 0x13db04310] [MSwitch Direct OUTPUT] Source 0 → Encoder | Type: FREEZE-FRAME | Frame: P | Size: 2709 bytes | PTS: 6120000
[mswitchdirect @ 0x13db04310] [MSwitch Direct OUTPUT] Source 0 → Encoder | Type: FREEZE-FRAME | Frame: P | Size: 2709 bytes | PTS: 6123000
[mswitchdirect @ 0x13db04310] [MSwitch Direct OUTPUT] Source 0 → Encoder | Type: FREEZE-FRAME | Frame: P | Size: 2709 bytes | PTS: 6126000
[mswitchdirect @ 0x13db04310] [MSwitch Direct OUTPUT] Source 0 → Encoder | Type: FREEZE-FRAME | Frame: P | Size: 2709 bytes | PTS: 6129000
[mswitchdirect @ 0x13db04310] [MSwitch Direct OUTPUT] Source 0 → Encoder | Type: FREEZE-FRAME | Frame: P | Size: 2709 bytes | PTS: 6132000
[mswitchdirect @ 0x13db04310] [MSwitch Direct OUTPUT] Source 0 → Encoder | Type: FREEZE-FRAME | Frame: P | Size: 2709 bytes | PTS: 6135000
[mswitchdirect @ 0x13db04310] [MSwitch Direct OUTPUT] Source 0 → Encoder | Type: FREEZE-FRAME | Frame: P | Size: 2709 bytes | PTS: 6138000
[mswitchdirect @ 0x13db04310] [MSwitch Direct OUTPUT] Source 0 → Encoder | Type: FREEZE-FRAME | Frame: P | Size: 2709 bytes | PTS: 6141000
[mswitchdirect @ 0x13db04310] [MSwitch Direct OUTPUT] Source 0 → Encoder | Type: FREEZE-FRAME | Frame: P | Size: 2709 bytes | PTS: 6144000
[mswitchdirect @ 0x13db04310] [MSwitch Direct OUTPUT] Source 0 → Encoder | Type: FREEZE-FRAME | Frame: P | Size: 2709 bytes | PTS: 6147000
[mswitchdirect @ 0x13db04310] [MSwitch Direct OUTPUT] Source 0 → Encoder | Type: FREEZE-FRAME | Frame: P | Size: 2709 bytes | PTS: 6150000
[mswitchdirect @ 0x13db04310] [MSwitch Direct OUTPUT] Source 0 → Encoder | Type: FREEZE-FRAME | Frame: P | Size: 2709 bytes | PTS: 6153000
[mswitchdirect @ 0x13db04310] [MSwitch Direct OUTPUT] Source 0 → Encoder | Type: FREEZE-FRAME | Frame: P | Size: 2709 bytes | PTS: 6156000
[mswitchdirect @ 0x13db04310] [MSwitch Direct OUTPUT] Source 0 → Encoder | Type: FREEZE-FRAME | Frame: P | Size: 2709 bytes | PTS: 6159000
[mswitchdirect @ 0x13db04310] [MSwitch Direct OUTPUT] Source 0 → Encoder | Type: FREEZE-FRAME | Frame: P | Size: 2709 bytes | PTS: 6162000
[mswitchdirect @ 0x13db04310] [MSwitch Direct OUTPUT] Source 0 → Encoder | Type: FREEZE-FRAME | Frame: P | Size: 2709 bytes | PTS: 6165000
[mswitchdirect @ 0x13db04310] [MSwitch Direct OUTPUT] Source 0 → Encoder | Type: FREEZE-FRAME | Frame: P | Size: 2709 bytes | PTS: 6168000
[mswitchdirect @ 0x13db04310] [MSwitch Direct OUTPUT] Source 0 → Encoder | Type: FREEZE-FRAME | Frame: P | Size: 2709 bytes | PTS: 6171000
[mswitchdirect @ 0x13db04310] [MSwitch Direct OUTPUT] Source 0 → Encoder | Type: FREEZE-FRAME | Frame: P | Size: 2709 bytes | PTS: 6174000
[mswitchdirect @ 0x13db04310] [MSwitch Direct OUTPUT] Source 0 → Encoder | Type: FREEZE-FRAME | Frame: P | Size: 2709 bytes | PTS: 6177000
[mswitchdirect @ 0x13db04310] [MSwitch Direct OUTPUT] Source 0 → Encoder | Type: FREEZE-FRAME | Frame: P | Size: 2709 bytes | PTS: 6180000
[mswitchdirect @ 0x13db04310] [MSwitch Direct OUTPUT] Source 0 → Encoder | Type: FREEZE-FRAME | Frame: P | Size: 2709 bytes | PTS: 6183000
[mswitchdirect @ 0x13db04310] [MSwitch Direct OUTPUT] Source 0 → Encoder | Type: FREEZE-FRAME | Frame: P | Size: 2709 bytes | PTS: 6186000
[mswitchdirect @ 0x13db04310] [MSwitch Direct OUTPUT] Source 0 → Encoder | Type: FREEZE-FRAME | Frame: P | Size: 2709 bytes | PTS: 6189000
[mswitchdirect @ 0x13db04310] [MSwitch Direct OUTPUT] Source 0 → Encoder | Type: FREEZE-FRAME | Frame: P | Size: 2709 bytes | PTS: 6192000
[mswitchdirect @ 0x13db04310] [MSwitch Direct OUTPUT] Source 0 → Encoder | Type: FREEZE-FRAME | Frame: P | Size: 2709 bytes | PTS: 6195000
[mswitchdirect @ 0x13db04310] [MSwitch Direct OUTPUT] Source 0 → Encoder | Type: FREEZE-FRAME | Frame: P | Size: 2709 bytes | PTS: 6198000
[mswitchdirect @ 0x13db04310] [MSwitch Direct OUTPUT] Source 0 → Encoder | Type: FREEZE-FRAME | Frame: P | Size: 2709 bytes | PTS: 6201000
[mswitchdirect @ 0x13db04310] [MSwitch Direct OUTPUT] Source 0 → Encoder | Type: FREEZE-FRAME | Frame: P | Size: 2709 bytes | PTS: 6204000
[mswitchdirect @ 0x13db04310] [MSwitch Direct OUTPUT] Source 0 → Encoder | Type: FREEZE-FRAME | Frame: P | Size: 2709 bytes | PTS: 6207000
[mswitchdirect @ 0x13db04310] [MSwitch Direct OUTPUT] Source 0 → Encoder | Type: FREEZE-FRAME | Frame: P | Size: 2709 bytes | PTS: 6210000
[mswitchdirect @ 0x13db04310] [MSwitch Direct OUTPUT] Source 0 → Encoder | Type: FREEZE-FRAME | Frame: P | Size: 2709 bytes | PTS: 6213000
[mswitchdirect @ 0x13db04310] [MSwitch Direct OUTPUT] Source 0 → Encoder | Type: FREEZE-FRAME | Frame: P | Size: 2709 bytes | PTS: 6216000
[mswitchdirect @ 0x13db04310] [MSwitch Direct OUTPUT] Source 0 → Encoder | Type: FREEZE-FRAME | Frame: P | Size: 2709 bytes | PTS: 6219000
[mswitchdirect @ 0x13db04310] [MSwitch Direct OUTPUT] Source 0 → Encoder | Type: FREEZE-FRAME | Frame: P | Size: 2709 bytes | PTS: 6222000
[mswitchdirect @ 0x13db04310] [MSwitch Direct OUTPUT] Source 0 → Encoder | Type: FREEZE-FRAME | Frame: P | Size: 2709 bytes | PTS: 6225000
[mswitchdirect @ 0x13db04310] [MSwitch Direct OUTPUT] Source 0 → Encoder | Type: FREEZE-FRAME | Frame: P | Size: 2709 bytes | PTS: 6228000
[mswitchdirect @ 0x13db04310] [MSwitch Direct OUTPUT] Source 0 → Encoder | Type: FREEZE-FRAME | Frame: P | Size: 2709 bytes | PTS: 6231000
[mswitchdirect @ 0x13db04310] [MSwitch Direct OUTPUT] Source 0 → Encoder | Type: FREEZE-FRAME | Frame: P | Size: 2709 bytes | PTS: 6234000
[mswitchdirect @ 0x13db04310] [MSwitch Direct OUTPUT] Source 0 → Encoder | Type: FREEZE-FRAME | Frame: P | Size: 2709 bytes | PTS: 6237000
[mswitchdirect @ 0x13db04310] [MSwitch Direct OUTPUT] Source 0 → Encoder | Type: FREEZE-FRAME | Frame: P | Size: 2709 bytes | PTS: 6240000
[mswitchdirect @ 0x13db04310] [MSwitch Direct OUTPUT] Source 0 → Encoder | Type: FREEZE-FRAME | Frame: P | Size: 2709 bytes | PTS: 6243000
[mswitchdirect @ 0x13db04310] [MSwitch Direct OUTPUT] Source 0 → Encoder | Type: FREEZE-FRAME | Frame: P | Size: 2709 bytes | PTS: 6246000
[mswitchdirect @ 0x13db04310] [MSwitch Direct OUTPUT] Source 0 → Encoder | Type: FREEZE-FRAME | Frame: P | Size: 2709 bytes | PTS: 6249000
[mswitchdirect @ 0x13db04310] [MSwitch Direct OUTPUT] Source 0 → Encoder | Type: FREEZE-FRAME | Frame: P | Size: 2709 bytes | PTS: 6252000
[mswitchdirect @ 0x13db04310] [MSwitch Direct OUTPUT] Source 0 → Encoder | Type: FREEZE-FRAME | Frame: P | Size: 2709 bytes | PTS: 6255000
[mswitchdirect @ 0x13db04310] [MSwitch Direct OUTPUT] Source 0 → Encoder | Type: FREEZE-FRAME | Frame: P | Size: 2709 bytes | PTS: 6258000
[mswitchdirect @ 0x13db04310] [MSwitch Direct OUTPUT] Source 0 → Encoder | Type: FREEZE-FRAME | Frame: P | Size: 2709 bytes | PTS: 6261000
[mswitchdirect @ 0x13db04310] [MSwitch Direct OUTPUT] Source 0 → Encoder | Type: FREEZE-FRAME | Frame: P | Size: 2709 bytes | PTS: 6264000
[mswitchdirect @ 0x13db04310] [MSwitch Direct OUTPUT] Source 0 → Encoder | Type: FREEZE-FRAME | Frame: P | Size: 2709 bytes | PTS: 6267000
[mswitchdirect @ 0x13db04310] [MSwitch Direct OUTPUT] Source 0 → Encoder | Type: FREEZE-FRAME | Frame: P | Size: 2709 bytes | PTS: 6270000
[mswitchdirect @ 0x13db04310] [MSwitch Direct OUTPUT] Source 0 → Encoder | Type: FREEZE-FRAME | Frame: P | Size: 2709 bytes | PTS: 6273000
[mswitchdirect @ 0x13db04310] [MSwitch Direct OUTPUT] Source 0 → Encoder | Type: FREEZE-FRAME | Frame: P | Size: 2709 bytes | PTS: 6276000
[mswitchdirect @ 0x13db04310] [MSwitch Direct OUTPUT] Source 0 → Encoder | Type: FREEZE-FRAME | Frame: P | Size: 2709 bytes | PTS: 6279000
[mswitchdirect @ 0x13db04310] [MSwitch Direct OUTPUT] Source 0 → Encoder | Type: FREEZE-FRAME | Frame: P | Size: 2709 bytes | PTS: 6282000
[mswitchdirect @ 0x13db04310] [MSwitch Direct OUTPUT] Source 0 → Encoder | Type: FREEZE-FRAME | Frame: P | Size: 2709 bytes | PTS: 6285000
[mswitchdirect @ 0x13db04310] [MSwitch Direct OUTPUT] Source 0 → Encoder | Type: FREEZE-FRAME | Frame: P | Size: 2709 bytes | PTS: 6288000
[mswitchdirect @ 0x13db04310] [MSwitch Direct OUTPUT] Source 0 → Encoder | Type: FREEZE-FRAME | Frame: P | Size: 2709 bytes | PTS: 6291000
[mswitchdirect @ 0x13db04310] [MSwitch Direct OUTPUT] Source 0 → Encoder | Type: FREEZE-FRAME | Frame: P | Size: 2709 bytes | PTS: 6294000
[mswitchdirect @ 0x13db04310] [MSwitch Direct OUTPUT] Source 0 → Encoder | Type: FREEZE-FRAME | Frame: P | Size: 2709 bytes | PTS: 6297000
[mswitchdirect @ 0x13db04310] [MSwitch Direct OUTPUT] Source 0 → Encoder | Type: FREEZE-FRAME | Frame: P | Size: 2709 bytes | PTS: 6300000
[mswitchdirect @ 0x13db04310] [MSwitch Direct OUTPUT] Source 0 → Encoder | Type: FREEZE-FRAME | Frame: P | Size: 2709 bytes | PTS: 6303000
[mswitchdirect @ 0x13db04310] [MSwitch Direct OUTPUT] Source 0 → Encoder | Type: FREEZE-FRAME | Frame: P | Size: 2709 bytes | PTS: 6306000
[mswitchdirect @ 0x13db04310] [MSwitch Direct OUTPUT] Source 0 → Encoder | Type: FREEZE-FRAME | Frame: P | Size: 2709 bytes | PTS: 6309000
[mswitchdirect @ 0x13db04310] [MSwitch Direct OUTPUT] Source 0 → Encoder | Type: FREEZE-FRAME | Frame: P | Size: 2709 bytes | PTS: 6312000
[mswitchdirect @ 0x13db04310] [MSwitch Direct OUTPUT] Source 0 → Encoder | Type: FREEZE-FRAME | Frame: P | Size: 2709 bytes | PTS: 6315000
[mswitchdirect @ 0x13db04310] [MSwitch Direct OUTPUT] Source 0 → Encoder | Type: FREEZE-FRAME | Frame: P | Size: 2709 bytes | PTS: 6318000
[mswitchdirect @ 0x13db04310] [MSwitch Direct OUTPUT] Source 0 → Encoder | Type: FREEZE-FRAME | Frame: P | Size: 2709 bytes | PTS: 6321000
[mswitchdirect @ 0x13db04310] [MSwitch Direct OUTPUT] Source 0 → Encoder | Type: FREEZE-FRAME | Frame: P | Size: 2709 bytes | PTS: 6324000
[mswitchdirect @ 0x13db04310] [MSwitch Direct OUTPUT] Source 0 → Encoder | Type: FREEZE-FRAME | Frame: P | Size: 2709 bytes | PTS: 6327000
[mswitchdirect @ 0x13db04310] [MSwitch Direct OUTPUT] Source 0 → Encoder | Type: FREEZE-FRAME | Frame: P | Size: 2709 bytes | PTS: 6330000
[mswitchdirect @ 0x13db04310] [MSwitch Direct OUTPUT] Source 0 → Encoder | Type: FREEZE-FRAME | Frame: P | Size: 2709 bytes | PTS: 6333000
[mswitchdirect @ 0x13db04310] [MSwitch Direct OUTPUT] Source 0 → Encoder | Type: FREEZE-FRAME | Frame: P | Size: 2709 bytes | PTS: 6336000
[mswitchdirect @ 0x13db04310] [MSwitch Direct OUTPUT] Source 0 → Encoder | Type: FREEZE-FRAME | Frame: P | Size: 2709 bytes | PTS: 6339000
[mswitchdirect @ 0x13db04310] [MSwitch Direct OUTPUT] Source 0 → Encoder | Type: FREEZE-FRAME | Frame: P | Size: 2709 bytes | PTS: 6342000
[mswitchdirect @ 0x13db04310] [MSwitch Direct OUTPUT] Source 0 → Encoder | Type: FREEZE-FRAME | Frame: P | Size: 2709 bytes | PTS: 6345000
[mswitchdirect @ 0x13db04310] [MSwitch Direct OUTPUT] Source 0 → Encoder | Type: FREEZE-FRAME | Frame: P | Size: 2709 bytes | PTS: 6348000
[mswitchdirect @ 0x13db04310] [MSwitch Direct OUTPUT] Source 0 → Encoder | Type: FREEZE-FRAME | Frame: P | Size: 2709 bytes | PTS: 6351000
[mswitchdirect @ 0x13db04310] [MSwitch Direct OUTPUT] Source 0 → Encoder | Type: FREEZE-FRAME | Frame: P | Size: 2709 bytes | PTS: 6354000
[mswitchdirect @ 0x13db04310] [MSwitch Direct OUTPUT] Source 0 → Encoder | Type: FREEZE-FRAME | Frame: P | Size: 2709 bytes | PTS: 6357000
[mswitchdirect @ 0x13db04310] [MSwitch Direct OUTPUT] Source 0 → Encoder | Type: FREEZE-FRAME | Frame: P | Size: 2709 bytes | PTS: 6360000
[mswitchdirect @ 0x13db04310] [MSwitch Direct OUTPUT] Source 0 → Encoder | Type: FREEZE-FRAME | Frame: P | Size: 2709 bytes | PTS: 6363000
[mswitchdirect @ 0x13db04310] [MSwitch Direct OUTPUT] Source 0 → Encoder | Type: FREEZE-FRAME | Frame: P | Size: 2709 bytes | PTS: 6366000
[mswitchdirect @ 0x13db04310] [MSwitch Direct OUTPUT] Source 0 → Encoder | Type: FREEZE-FRAME | Frame: P | Size: 2709 bytes | PTS: 6369000
[mswitchdirect @ 0x13db04310] [MSwitch Direct OUTPUT] Source 0 → Encoder | Type: FREEZE-FRAME | Frame: P | Size: 2709 bytes | PTS: 6372000
[mswitchdirect @ 0x13db04310] [MSwitch Direct OUTPUT] Source 0 → Encoder | Type: FREEZE-FRAME | Frame: P | Size: 2709 bytes | PTS: 6375000
[mswitchdirect @ 0x13db04310] [MSwitch Direct OUTPUT] Source 0 → Encoder | Type: FREEZE-FRAME | Frame: P | Size: 2709 bytes | PTS: 6378000
[mswitchdirect @ 0x13db04310] [MSwitch Direct OUTPUT] Source 0 → Encoder | Type: FREEZE-FRAME | Frame: P | Size: 2709 bytes | PTS: 6381000
[mswitchdirect @ 0x13db04310] [MSwitch Direct OUTPUT] Source 0 → Encoder | Type: FREEZE-FRAME | Frame: P | Size: 2709 bytes | PTS: 6384000
[mswitchdirect @ 0x13db04310] [MSwitch Direct OUTPUT] Source 0 → Encoder | Type: FREEZE-FRAME | Frame: P | Size: 2709 bytes | PTS: 6387000
[mswitchdirect @ 0x13db04310] [MSwitch Direct OUTPUT] Source 0 → Encoder | Type: FREEZE-FRAME | Frame: P | Size: 2709 bytes | PTS: 6390000
[mswitchdirect @ 0x13db04310] [MSwitch Direct OUTPUT] Source 0 → Encoder | Type: FREEZE-FRAME | Frame: P | Size: 2709 bytes | PTS: 6393000
[mswitchdirect @ 0x13db04310] [MSwitch Direct OUTPUT] Source 0 → Encoder | Type: FREEZE-FRAME | Frame: P | Size: 2709 bytes | PTS: 6396000
[mswitchdirect @ 0x13db04310] [MSwitch Direct OUTPUT] Source 0 → Encoder | Type: FREEZE-FRAME | Frame: P | Size: 2709 bytes | PTS: 6399000
[mswitchdirect @ 0x13db04310] [MSwitch Direct OUTPUT] Source 0 → Encoder | Type: FREEZE-FRAME | Frame: P | Size: 2709 bytes | PTS: 6402000
[mswitchdirect @ 0x13db04310] [MSwitch Direct OUTPUT] Source 0 → Encoder | Type: FREEZE-FRAME | Frame: P | Size: 2709 bytes | PTS: 6405000
[mswitchdirect @ 0x13db04310] [MSwitch Direct OUTPUT] Source 0 → Encoder | Type: FREEZE-FRAME | Frame: P | Size: 2709 bytes | PTS: 6408000
[mswitchdirect @ 0x13db04310] [MSwitch Direct OUTPUT] Source 0 → Encoder | Type: FREEZE-FRAME | Frame: P | Size: 2709 bytes | PTS: 6411000
[mswitchdirect @ 0x13db04310] [MSwitch Direct OUTPUT] Source 0 → Encoder | Type: FREEZE-FRAME | Frame: P | Size: 2709 bytes | PTS: 6414000
[mswitchdirect @ 0x13db04310] [MSwitch Direct OUTPUT] Source 0 → Encoder | Type: FREEZE-FRAME | Frame: P | Size: 2709 bytes | PTS: 6417000
[mswitchdirect @ 0x13db04310] [MSwitch Direct OUTPUT] Source 0 → Encoder | Type: FREEZE-FRAME | Frame: P | Size: 2709 bytes | PTS: 6420000
[mswitchdirect @ 0x13db04310] [MSwitch Direct OUTPUT] Source 0 → Encoder | Type: FREEZE-FRAME | Frame: P | Size: 2709 bytes | PTS: 6423000
[mswitchdirect @ 0x13db04310] [MSwitch Direct OUTPUT] Source 0 → Encoder | Type: FREEZE-FRAME | Frame: P | Size: 2709 bytes | PTS: 6426000
[mswitchdirect @ 0x13db04310] [MSwitch Direct OUTPUT] Source 0 → Encoder | Type: FREEZE-FRAME | Frame: P | Size: 2709 bytes | PTS: 6429000
[mswitchdirect @ 0x13db04310] [MSwitch Direct OUTPUT] Source 0 → Encoder | Type: FREEZE-FRAME | Frame: P | Size: 2709 bytes | PTS: 6432000
[mswitchdirect @ 0x13db04310] [MSwitch Direct OUTPUT] Source 0 → Encoder | Type: FREEZE-FRAME | Frame: P | Size: 2709 bytes | PTS: 6435000
[mswitchdirect @ 0x13db04310] [MSwitch Direct OUTPUT] Source 0 → Encoder | Type: FREEZE-FRAME | Frame: P | Size: 2709 bytes | PTS: 6438000
[mswitchdirect @ 0x13db04310] [MSwitch Direct OUTPUT] Source 0 → Encoder | Type: FREEZE-FRAME | Frame: P | Size: 2709 bytes | PTS: 6441000
[mswitchdirect @ 0x13db04310] [MSwitch Direct OUTPUT] Source 0 → Encoder | Type: FREEZE-FRAME | Frame: P | Size: 2709 bytes | PTS: 6444000
[mswitchdirect @ 0x13db04310] [MSwitch Direct OUTPUT] Source 0 → Encoder | Type: FREEZE-FRAME | Frame: P | Size: 2709 bytes | PTS: 6447000
[mswitchdirect @ 0x13db04310] [MSwitch Direct OUTPUT] Source 0 → Encoder | Type: FREEZE-FRAME | Frame: P | Size: 2709 bytes | PTS: 6450000
[mswitchdirect @ 0x13db04310] [MSwitch Direct OUTPUT] Source 0 → Encoder | Type: FREEZE-FRAME | Frame: P | Size: 2709 bytes | PTS: 6453000
[mswitchdirect @ 0x13db04310] [MSwitch Direct OUTPUT] Source 0 → Encoder | Type: FREEZE-FRAME | Frame: P | Size: 2709 bytes | PTS: 6456000
[mswitchdirect @ 0x13db04310] [MSwitch Direct OUTPUT] Source 0 → Encoder | Type: FREEZE-FRAME | Frame: P | Size: 2709 bytes | PTS: 6459000
[mswitchdirect @ 0x13db04310] [MSwitch Direct OUTPUT] Source 0 → Encoder | Type: FREEZE-FRAME | Frame: P | Size: 2709 bytes | PTS: 6462000
[mswitchdirect @ 0x13db04310] [MSwitch Direct OUTPUT] Source 0 → Encoder | Type: FREEZE-FRAME | Frame: P | Size: 2709 bytes | PTS: 6465000
[mswitchdirect @ 0x13db04310] [MSwitch Direct OUTPUT] Source 0 → Encoder | Type: FREEZE-FRAME | Frame: P | Size: 2709 bytes | PTS: 6468000
[mswitchdirect @ 0x13db04310] [MSwitch Direct OUTPUT] Source 0 → Encoder | Type: FREEZE-FRAME | Frame: P | Size: 2709 bytes | PTS: 6471000
[mswitchdirect @ 0x13db04310] [MSwitch Direct OUTPUT] Source 0 → Encoder | Type: FREEZE-FRAME | Frame: P | Size: 2709 bytes | PTS: 6474000
[mswitchdirect @ 0x13db04310] [MSwitch Direct OUTPUT] Source 0 → Encoder | Type: FREEZE-FRAME | Frame: P | Size: 2709 bytes | PTS: 6477000
[mswitchdirect @ 0x13db04310] [MSwitch Direct OUTPUT] Source 0 → Encoder | Type: FREEZE-FRAME | Frame: P | Size: 2709 bytes | PTS: 6480000
[mswitchdirect @ 0x13db04310] [MSwitch Direct OUTPUT] Source 0 → Encoder | Type: FREEZE-FRAME | Frame: P | Size: 2709 bytes | PTS: 6483000
[mswitchdirect @ 0x13db04310] [MSwitch Direct OUTPUT] Source 0 → Encoder | Type: FREEZE-FRAME | Frame: P | Size: 2709 bytes | PTS: 6486000
[mswitchdirect @ 0x13db04310] [MSwitch Direct OUTPUT] Source 0 → Encoder | Type: FREEZE-FRAME | Frame: P | Size: 2709 bytes | PTS: 6489000
[mswitchdirect @ 0x13db04310] [MSwitch Direct OUTPUT] Source 0 → Encoder | Type: FREEZE-FRAME | Frame: P | Size: 2709 bytes | PTS: 6492000
[mswitchdirect @ 0x13db04310] [MSwitch Direct OUTPUT] Source 0 → Encoder | Type: FREEZE-FRAME | Frame: P | Size: 2709 bytes | PTS: 6495000
[mswitchdirect @ 0x13db04310] [MSwitch Direct OUTPUT] Source 0 → Encoder | Type: FREEZE-FRAME | Frame: P | Size: 2709 bytes | PTS: 6498000
[mswitchdirect @ 0x13db04310] [MSwitch Direct OUTPUT] Source 0 → Encoder | Type: FREEZE-FRAME | Frame: P | Size: 2709 bytes | PTS: 6501000
[mswitchdirect @ 0x13db04310] [MSwitch Direct OUTPUT] Source 0 → Encoder | Type: FREEZE-FRAME | Frame: P | Size: 2709 bytes | PTS: 6504000
[mswitchdirect @ 0x13db04310] [MSwitch Direct OUTPUT] Source 0 → Encoder | Type: FREEZE-FRAME | Frame: P | Size: 2709 bytes | PTS: 6507000
[mswitchdirect @ 0x13db04310] [MSwitch Direct OUTPUT] Source 0 → Encoder | Type: FREEZE-FRAME | Frame: P | Size: 2709 bytes | PTS: 6510000
[mswitchdirect @ 0x13db04310] [MSwitch Direct OUTPUT] Source 0 → Encoder | Type: FREEZE-FRAME | Frame: P | Size: 2709 bytes | PTS: 6513000
[mswitchdirect @ 0x13db04310] [MSwitch Direct OUTPUT] Source 0 → Encoder | Type: FREEZE-FRAME | Frame: P | Size: 2709 bytes | PTS: 6516000
[mswitchdirect @ 0x13db04310] [MSwitch Direct OUTPUT] Source 0 → Encoder | Type: FREEZE-FRAME | Frame: P | Size: 2709 bytes | PTS: 6519000
[mswitchdirect @ 0x13db04310] [MSwitch Direct OUTPUT] Source 0 → Encoder | Type: FREEZE-FRAME | Frame: P | Size: 2709 bytes | PTS: 6522000
[mswitchdirect @ 0x13db04310] [MSwitch Direct OUTPUT] Source 0 → Encoder | Type: FREEZE-FRAME | Frame: P | Size: 2709 bytes | PTS: 6525000
[mswitchdirect @ 0x13db04310] [MSwitch Direct OUTPUT] Source 0 → Encoder | Type: FREEZE-FRAME | Frame: P | Size: 2709 bytes | PTS: 6528000
[mswitchdirect @ 0x13db04310] [MSwitch Direct OUTPUT] Source 0 → Encoder | Type: FREEZE-FRAME | Frame: P | Size: 2709 bytes | PTS: 6531000
[mswitchdirect @ 0x13db04310] [MSwitch Direct OUTPUT] Source 0 → Encoder | Type: FREEZE-FRAME | Frame: P | Size: 2709 bytes | PTS: 6534000
[mswitchdirect @ 0x13db04310] [MSwitch Direct OUTPUT] Source 0 → Encoder | Type: FREEZE-FRAME | Frame: P | Size: 2709 bytes | PTS: 6537000
[mswitchdirect @ 0x13db04310] [MSwitch Direct OUTPUT] Source 0 → Encoder | Type: FREEZE-FRAME | Frame: P | Size: 2709 bytes | PTS: 6540000
[mswitchdirect @ 0x13db04310] [MSwitch Direct OUTPUT] Source 0 → Encoder | Type: FREEZE-FRAME | Frame: P | Size: 2709 bytes | PTS: 6543000
[mswitchdirect @ 0x13db04310] [MSwitch Direct OUTPUT] Source 0 → Encoder | Type: FREEZE-FRAME | Frame: P | Size: 2709 bytes | PTS: 6546000
[mswitchdirect @ 0x13db04310] [MSwitch Direct OUTPUT] Source 0 → Encoder | Type: FREEZE-FRAME | Frame: P | Size: 2709 bytes | PTS: 6549000
[mswitchdirect @ 0x13db04310] [MSwitch Direct OUTPUT] Source 0 → Encoder | Type: FREEZE-FRAME | Frame: P | Size: 2709 bytes | PTS: 6552000
[mswitchdirect @ 0x13db04310] [MSwitch Direct OUTPUT] Source 0 → Encoder | Type: FREEZE-FRAME | Frame: P | Size: 2709 bytes | PTS: 6555000
[mswitchdirect @ 0x13db04310] [MSwitch Direct OUTPUT] Source 0 → Encoder | Type: FREEZE-FRAME | Frame: P | Size: 2709 bytes | PTS: 6558000
[mswitchdirect @ 0x13db04310] [MSwitch Direct OUTPUT] Source 0 → Encoder | Type: FREEZE-FRAME | Frame: P | Size: 2709 bytes | PTS: 6561000
[mswitchdirect @ 0x13db04310] [MSwitch Direct OUTPUT] Source 0 → Encoder | Type: FREEZE-FRAME | Frame: P | Size: 2709 bytes | PTS: 6564000
[mswitchdirect @ 0x13db04310] [MSwitch Direct OUTPUT] Source 0 → Encoder | Type: FREEZE-FRAME | Frame: P | Size: 2709 bytes | PTS: 6567000
[mswitchdirect @ 0x13db04310] [MSwitch Direct OUTPUT] Source 0 → Encoder | Type: FREEZE-FRAME | Frame: P | Size: 2709 bytes | PTS: 6570000
[mswitchdirect @ 0x13db04310] [MSwitch Direct OUTPUT] Source 0 → Encoder | Type: FREEZE-FRAME | Frame: P | Size: 2709 bytes | PTS: 6573000
[mswitchdirect @ 0x13db04310] [MSwitch Direct OUTPUT] Source 0 → Encoder | Type: FREEZE-FRAME | Frame: P | Size: 2709 bytes | PTS: 6576000
[mswitchdirect @ 0x13db04310] [MSwitch Direct OUTPUT] Source 0 → Encoder | Type: FREEZE-FRAME | Frame: P | Size: 2709 bytes | PTS: 6579000
[mswitchdirect @ 0x13db04310] [MSwitch Direct OUTPUT] Source 0 → Encoder | Type: FREEZE-FRAME | Frame: P | Size: 2709 bytes | PTS: 6582000
[mswitchdirect @ 0x13db04310] [MSwitch Direct OUTPUT] Source 0 → Encoder | Type: FREEZE-FRAME | Frame: P | Size: 2709 bytes | PTS: 6585000
[mswitchdirect @ 0x13db04310] [MSwitch Direct OUTPUT] Source 0 → Encoder | Type: FREEZE-FRAME | Frame: P | Size: 2709 bytes | PTS: 6588000
[mswitchdirect @ 0x13db04310] [MSwitch Direct OUTPUT] Source 0 → Encoder | Type: FREEZE-FRAME | Frame: P | Size: 2709 bytes | PTS: 6591000
[mswitchdirect @ 0x13db04310] [MSwitch Direct OUTPUT] Source 0 → Encoder | Type: FREEZE-FRAME | Frame: P | Size: 2709 bytes | PTS: 6594000
[mswitchdirect @ 0x13db04310] [MSwitch Direct OUTPUT] Source 0 → Encoder | Type: FREEZE-FRAME | Frame: P | Size: 2709 bytes | PTS: 6597000
[mswitchdirect @ 0x13db04310] [MSwitch Direct OUTPUT] Source 0 → Encoder | Type: FREEZE-FRAME | Frame: P | Size: 2709 bytes | PTS: 6600000
[mswitchdirect @ 0x13db04310] [MSwitch Direct OUTPUT] Source 0 → Encoder | Type: FREEZE-FRAME | Frame: P | Size: 2709 bytes | PTS: 6603000
[mswitchdirect @ 0x13db04310] [MSwitch Direct OUTPUT] Source 0 → Encoder | Type: FREEZE-FRAME | Frame: P | Size: 2709 bytes | PTS: 6606000
[mswitchdirect @ 0x13db04310] [MSwitch Direct OUTPUT] Source 0 → Encoder | Type: FREEZE-FRAME | Frame: P | Size: 2709 bytes | PTS: 6609000
[mswitchdirect @ 0x13db04310] [MSwitch Direct OUTPUT] Source 0 → Encoder | Type: FREEZE-FRAME | Frame: P | Size: 2709 bytes | PTS: 6612000
[mswitchdirect @ 0x13db04310] [MSwitch Direct OUTPUT] Source 0 → Encoder | Type: FREEZE-FRAME | Frame: P | Size: 2709 bytes | PTS: 6615000
[mswitchdirect @ 0x13db04310] [MSwitch Direct OUTPUT] Source 0 → Encoder | Type: FREEZE-FRAME | Frame: P | Size: 2709 bytes | PTS: 6618000
[mswitchdirect @ 0x13db04310] [MSwitch Direct OUTPUT] Source 0 → Encoder | Type: FREEZE-FRAME | Frame: P | Size: 2709 bytes | PTS: 6621000
[mswitchdirect @ 0x13db04310] [MSwitch Direct OUTPUT] Source 0 → Encoder | Type: FREEZE-FRAME | Frame: P | Size: 2709 bytes | PTS: 6624000
[mswitchdirect @ 0x13db04310] [MSwitch Direct OUTPUT] Source 0 → Encoder | Type: FREEZE-FRAME | Frame: P | Size: 2709 bytes | PTS: 6627000
[mswitchdirect @ 0x13db04310] [MSwitch Direct OUTPUT] Source 0 → Encoder | Type: FREEZE-FRAME | Frame: P | Size: 2709 bytes | PTS: 6630000
[mswitchdirect @ 0x13db04310] [MSwitch Direct OUTPUT] Source 0 → Encoder | Type: FREEZE-FRAME | Frame: P | Size: 2709 bytes | PTS: 6633000
[mswitchdirect @ 0x13db04310] [MSwitch Direct OUTPUT] Source 0 → Encoder | Type: FREEZE-FRAME | Frame: P | Size: 2709 bytes | PTS: 6636000
[mswitchdirect @ 0x13db04310] [MSwitch Direct OUTPUT] Source 0 → Encoder | Type: FREEZE-FRAME | Frame: P | Size: 2709 bytes | PTS: 6639000
[mswitchdirect @ 0x13db04310] [MSwitch Direct OUTPUT] Source 0 → Encoder | Type: FREEZE-FRAME | Frame: P | Size: 2709 bytes | PTS: 6642000
[mswitchdirect @ 0x13db04310] [MSwitch Direct OUTPUT] Source 0 → Encoder | Type: FREEZE-FRAME | Frame: P | Size: 2709 bytes | PTS: 6645000
[mswitchdirect @ 0x13db04310] [MSwitch Direct OUTPUT] Source 0 → Encoder | Type: FREEZE-FRAME | Frame: P | Size: 2709 bytes | PTS: 6648000
[mswitchdirect @ 0x13db04310] [MSwitch Direct OUTPUT] Source 0 → Encoder | Type: FREEZE-FRAME | Frame: P | Size: 2709 bytes | PTS: 6651000
[mswitchdirect @ 0x13db04310] [MSwitch Direct OUTPUT] Source 0 → Encoder | Type: FREEZE-FRAME | Frame: P | Size: 2709 bytes | PTS: 6654000
[mswitchdirect @ 0x13db04310] [MSwitch Direct OUTPUT] Source 0 → Encoder | Type: FREEZE-FRAME | Frame: P | Size: 2709 bytes | PTS: 6657000
[mswitchdirect @ 0x13db04310] [MSwitch Direct OUTPUT] Source 0 → Encoder | Type: FREEZE-FRAME | Frame: P | Size: 2709 bytes | PTS: 6660000
[mswitchdirect @ 0x13db04310] [MSwitch Direct OUTPUT] Source 0 → Encoder | Type: FREEZE-FRAME | Frame: P | Size: 2709 bytes | PTS: 6663000
[mswitchdirect @ 0x13db04310] [MSwitch Direct OUTPUT] Source 0 → Encoder | Type: FREEZE-FRAME | Frame: P | Size: 2709 bytes | PTS: 6666000
[mswitchdirect @ 0x13db04310] [MSwitch Direct OUTPUT] Source 0 → Encoder | Type: FREEZE-FRAME | Frame: P | Size: 2709 bytes | PTS: 6669000
[mswitchdirect @ 0x13db04310] [MSwitch Direct OUTPUT] Source 0 → Encoder | Type: FREEZE-FRAME | Frame: P | Size: 2709 bytes | PTS: 6672000
[mswitchdirect @ 0x13db04310] [MSwitch Direct OUTPUT] Source 0 → Encoder | Type: FREEZE-FRAME | Frame: P | Size: 2709 bytes | PTS: 6675000
[mswitchdirect @ 0x13db04310] [MSwitch Direct OUTPUT] Source 0 → Encoder | Type: FREEZE-FRAME | Frame: P | Size: 2709 bytes | PTS: 6678000
[mswitchdirect @ 0x13db04310] [MSwitch Direct OUTPUT] Source 0 → Encoder | Type: FREEZE-FRAME | Frame: P | Size: 2709 bytes | PTS: 6681000
[mswitchdirect @ 0x13db04310] [MSwitch Direct OUTPUT] Source 0 → Encoder | Type: FREEZE-FRAME | Frame: P | Size: 2709 bytes | PTS: 6684000
[mswitchdirect @ 0x13db04310] [MSwitch Direct OUTPUT] Source 0 → Encoder | Type: FREEZE-FRAME | Frame: P | Size: 2709 bytes | PTS: 6687000
[mswitchdirect @ 0x13db04310] [MSwitch Direct OUTPUT] Source 0 → Encoder | Type: FREEZE-FRAME | Frame: P | Size: 2709 bytes | PTS: 6690000
[mswitchdirect @ 0x13db04310] [MSwitch Direct OUTPUT] Source 0 → Encoder | Type: FREEZE-FRAME | Frame: P | Size: 2709 bytes | PTS: 6693000
[mswitchdirect @ 0x13db04310] [MSwitch Direct OUTPUT] Source 0 → Encoder | Type: FREEZE-FRAME | Frame: P | Size: 2709 bytes | PTS: 6696000
[mswitchdirect @ 0x13db04310] [MSwitch Direct OUTPUT] Source 0 → Encoder | Type: FREEZE-FRAME | Frame: P | Size: 2709 bytes | PTS: 6699000
[mswitchdirect @ 0x13db04310] [MSwitch Direct OUTPUT] Source 0 → Encoder | Type: FREEZE-FRAME | Frame: P | Size: 2709 bytes | PTS: 6702000
[mswitchdirect @ 0x13db04310] [MSwitch Direct OUTPUT] Source 0 → Encoder | Type: FREEZE-FRAME | Frame: P | Size: 2709 bytes | PTS: 6705000
[mswitchdirect @ 0x13db04310] [MSwitch Direct OUTPUT] Source 0 → Encoder | Type: FREEZE-FRAME | Frame: P | Size: 2709 bytes | PTS: 6708000
[mswitchdirect @ 0x13db04310] [MSwitch Direct OUTPUT] Source 0 → Encoder | Type: FREEZE-FRAME | Frame: P | Size: 2709 bytes | PTS: 6711000
[mswitchdirect @ 0x13db04310] [MSwitch Direct OUTPUT] Source 0 → Encoder | Type: FREEZE-FRAME | Frame: P | Size: 2709 bytes | PTS: 6714000
[mswitchdirect @ 0x13db04310] [MSwitch Direct OUTPUT] Source 0 → Encoder | Type: FREEZE-FRAME | Frame: P | Size: 2709 bytes | PTS: 6717000
[mswitchdirect @ 0x13db04310] [MSwitch Direct OUTPUT] Source 0 → Encoder | Type: FREEZE-FRAME | Frame: P | Size: 2709 bytes | PTS: 6720000
[mswitchdirect @ 0x13db04310] [MSwitch Direct OUTPUT] Source 0 → Encoder | Type: FREEZE-FRAME | Frame: P | Size: 2709 bytes | PTS: 6723000
[mswitchdirect @ 0x13db04310] [MSwitch Direct OUTPUT] Source 0 → Encoder | Type: FREEZE-FRAME | Frame: P | Size: 2709 bytes | PTS: 6726000
[mswitchdirect @ 0x13db04310] [MSwitch Direct OUTPUT] Source 0 → Encoder | Type: FREEZE-FRAME | Frame: P | Size: 2709 bytes | PTS: 6729000
[mswitchdirect @ 0x13db04310] [MSwitch Direct OUTPUT] Source 0 → Encoder | Type: FREEZE-FRAME | Frame: P | Size: 2709 bytes | PTS: 6732000
[mswitchdirect @ 0x13db04310] [MSwitch Direct OUTPUT] Source 0 → Encoder | Type: FREEZE-FRAME | Frame: P | Size: 2709 bytes | PTS: 6735000
[mswitchdirect @ 0x13db04310] [MSwitch Direct OUTPUT] Source 0 → Encoder | Type: FREEZE-FRAME | Frame: P | Size: 2709 bytes | PTS: 6738000
[mswitchdirect @ 0x13db04310] [MSwitch Direct OUTPUT] Source 0 → Encoder | Type: FREEZE-FRAME | Frame: P | Size: 2709 bytes | PTS: 6741000
[mswitchdirect @ 0x13db04310] [MSwitch Direct OUTPUT] Source 0 → Encoder | Type: FREEZE-FRAME | Frame: P | Size: 2709 bytes | PTS: 6744000
[mswitchdirect @ 0x13db04310] [MSwitch Direct OUTPUT] Source 0 → Encoder | Type: FREEZE-FRAME | Frame: P | Size: 2709 bytes | PTS: 6747000
[mswitchdirect @ 0x13db04310] [MSwitch Direct OUTPUT] Source 0 → Encoder | Type: FREEZE-FRAME | Frame: P | Size: 2709 bytes | PTS: 6750000
[mswitchdirect @ 0x13db04310] [MSwitch Direct OUTPUT] Source 0 → Encoder | Type: FREEZE-FRAME | Frame: P | Size: 2709 bytes | PTS: 6753000
[mswitchdirect @ 0x13db04310] [MSwitch Direct OUTPUT] Source 0 → Encoder | Type: FREEZE-FRAME | Frame: P | Size: 2709 bytes | PTS: 6756000
[mswitchdirect @ 0x13db04310] [MSwitch Direct OUTPUT] Source 0 → Encoder | Type: FREEZE-FRAME | Frame: P | Size: 2709 bytes | PTS: 6759000
[mswitchdirect @ 0x13db04310] [MSwitch Direct OUTPUT] Source 0 → Encoder | Type: FREEZE-FRAME | Frame: P | Size: 2709 bytes | PTS: 6762000
[mswitchdirect @ 0x13db04310] [MSwitch Direct OUTPUT] Source 0 → Encoder | Type: FREEZE-FRAME | Frame: P | Size: 2709 bytes | PTS: 6765000
[mswitchdirect @ 0x13db04310] [MSwitch Direct OUTPUT] Source 0 → Encoder | Type: FREEZE-FRAME | Frame: P | Size: 2709 bytes | PTS: 6768000
[mswitchdirect @ 0x13db04310] [MSwitch Direct OUTPUT] Source 0 → Encoder | Type: FREEZE-FRAME | Frame: P | Size: 2709 bytes | PTS: 6771000
[mswitchdirect @ 0x13db04310] [MSwitch Direct OUTPUT] Source 0 → Encoder | Type: FREEZE-FRAME | Frame: P | Size: 2709 bytes | PTS: 6774000
[mswitchdirect @ 0x13db04310] [MSwitch Direct OUTPUT] Source 0 → Encoder | Type: FREEZE-FRAME | Frame: P | Size: 2709 bytes | PTS: 6777000
[mswitchdirect @ 0x13db04310] [MSwitch Direct OUTPUT] Source 0 → Encoder | Type: FREEZE-FRAME | Frame: P | Size: 2709 bytes | PTS: 6780000
[mswitchdirect @ 0x13db04310] [MSwitch Direct OUTPUT] Source 0 → Encoder | Type: FREEZE-FRAME | Frame: P | Size: 2709 bytes | PTS: 6783000
[mswitchdirect @ 0x13db04310] [MSwitch Direct OUTPUT] Source 0 → Encoder | Type: FREEZE-FRAME | Frame: P | Size: 2709 bytes | PTS: 6786000
[mswitchdirect @ 0x13db04310] [MSwitch Direct OUTPUT] Source 0 → Encoder | Type: FREEZE-FRAME | Frame: P | Size: 2709 bytes | PTS: 6789000
[mswitchdirect @ 0x13db04310] [MSwitch Direct OUTPUT] Source 0 → Encoder | Type: FREEZE-FRAME | Frame: P | Size: 2709 bytes | PTS: 6792000
[mswitchdirect @ 0x13db04310] [MSwitch Direct OUTPUT] Source 0 → Encoder | Type: FREEZE-FRAME | Frame: P | Size: 2709 bytes | PTS: 6795000
[mswitchdirect @ 0x13db04310] [MSwitch Direct OUTPUT] Source 0 → Encoder | Type: FREEZE-FRAME | Frame: P | Size: 2709 bytes | PTS: 6798000
[mswitchdirect @ 0x13db04310] [MSwitch Direct OUTPUT] Source 0 → Encoder | Type: FREEZE-FRAME | Frame: P | Size: 2709 bytes | PTS: 6801000
[mswitchdirect @ 0x13db04310] [MSwitch Direct OUTPUT] Source 0 → Encoder | Type: FREEZE-FRAME | Frame: P | Size: 2709 bytes | PTS: 6804000
[mswitchdirect @ 0x13db04310] [MSwitch Direct OUTPUT] Source 0 → Encoder | Type: FREEZE-FRAME | Frame: P | Size: 2709 bytes | PTS: 6807000
[mswitchdirect @ 0x13db04310] [MSwitch Direct OUTPUT] Source 0 → Encoder | Type: FREEZE-FRAME | Frame: P | Size: 2709 bytes | PTS: 6810000
[mswitchdirect @ 0x13db04310] [MSwitch Direct OUTPUT] Source 0 → Encoder | Type: FREEZE-FRAME | Frame: P | Size: 2709 bytes | PTS: 6813000
[mswitchdirect @ 0x13db04310] [MSwitch Direct OUTPUT] Source 0 → Encoder | Type: FREEZE-FRAME | Frame: P | Size: 2709 bytes | PTS: 6816000
[mswitchdirect @ 0x13db04310] [MSwitch Direct OUTPUT] Source 0 → Encoder | Type: FREEZE-FRAME | Frame: P | Size: 2709 bytes | PTS: 6819000
[mswitchdirect @ 0x13db04310] [MSwitch Direct OUTPUT] Source 0 → Encoder | Type: FREEZE-FRAME | Frame: P | Size: 2709 bytes | PTS: 6822000
[mswitchdirect @ 0x13db04310] [MSwitch Direct OUTPUT] Source 0 → Encoder | Type: FREEZE-FRAME | Frame: P | Size: 2709 bytes | PTS: 6825000
[mswitchdirect @ 0x13db04310] [MSwitch Direct OUTPUT] Source 0 → Encoder | Type: FREEZE-FRAME | Frame: P | Size: 2709 bytes | PTS: 6828000
[mswitchdirect @ 0x13db04310] [MSwitch Direct OUTPUT] Source 0 → Encoder | Type: FREEZE-FRAME | Frame: P | Size: 2709 bytes | PTS: 6831000
[mswitchdirect @ 0x13db04310] [MSwitch Direct OUTPUT] Source 0 → Encoder | Type: FREEZE-FRAME | Frame: P | Size: 2709 bytes | PTS: 6834000
[mswitchdirect @ 0x13db04310] [MSwitch Direct OUTPUT] Source 0 → Encoder | Type: FREEZE-FRAME | Frame: P | Size: 2709 bytes | PTS: 6837000
[mswitchdirect @ 0x13db04310] [MSwitch Direct OUTPUT] Source 0 → Encoder | Type: FREEZE-FRAME | Frame: P | Size: 2709 bytes | PTS: 6840000
[mswitchdirect @ 0x13db04310] [MSwitch Direct OUTPUT] Source 0 → Encoder | Type: FREEZE-FRAME | Frame: P | Size: 2709 bytes | PTS: 6843000
[mswitchdirect @ 0x13db04310] [MSwitch Direct OUTPUT] Source 0 → Encoder | Type: FREEZE-FRAME | Frame: P | Size: 2709 bytes | PTS: 6846000
[mswitchdirect @ 0x13db04310] [MSwitch Direct OUTPUT] Source 0 → Encoder | Type: FREEZE-FRAME | Frame: P | Size: 2709 bytes | PTS: 6849000
[mswitchdirect @ 0x13db04310] [MSwitch Direct OUTPUT] Source 0 → Encoder | Type: FREEZE-FRAME | Frame: P | Size: 2709 bytes | PTS: 6852000
[mswitchdirect @ 0x13db04310] [MSwitch Direct OUTPUT] Source 0 → Encoder | Type: FREEZE-FRAME | Frame: P | Size: 2709 bytes | PTS: 6855000
[mswitchdirect @ 0x13db04310] [MSwitch Direct OUTPUT] Source 0 → Encoder | Type: FREEZE-FRAME | Frame: P | Size: 2709 bytes | PTS: 6858000
[mswitchdirect @ 0x13db04310] [MSwitch Direct OUTPUT] Source 0 → Encoder | Type: FREEZE-FRAME | Frame: P | Size: 2709 bytes | PTS: 6861000
[mswitchdirect @ 0x13db04310] [MSwitch Direct OUTPUT] Source 0 → Encoder | Type: FREEZE-FRAME | Frame: P | Size: 2709 bytes | PTS: 6864000
[mswitchdirect @ 0x13db04310] [MSwitch Direct OUTPUT] Source 0 → Encoder | Type: FREEZE-FRAME | Frame: P | Size: 2709 bytes | PTS: 6867000
[mswitchdirect @ 0x13db04310] [MSwitch Direct OUTPUT] Source 0 → Encoder | Type: FREEZE-FRAME | Frame: P | Size: 2709 bytes | PTS: 6870000
[mswitchdirect @ 0x13db04310] [MSwitch Direct OUTPUT] Source 0 → Encoder | Type: FREEZE-FRAME | Frame: P | Size: 2709 bytes | PTS: 6873000
[mswitchdirect @ 0x13db04310] [MSwitch Direct OUTPUT] Source 0 → Encoder | Type: FREEZE-FRAME | Frame: P | Size: 2709 bytes | PTS: 6876000
[mswitchdirect @ 0x13db04310] [MSwitch Direct OUTPUT] Source 0 → Encoder | Type: FREEZE-FRAME | Frame: P | Size: 2709 bytes | PTS: 6879000
[mswitchdirect @ 0x13db04310] [MSwitch Direct OUTPUT] Source 0 → Encoder | Type: FREEZE-FRAME | Frame: P | Size: 2709 bytes | PTS: 6882000
[mswitchdirect @ 0x13db04310] [MSwitch Direct OUTPUT] Source 0 → Encoder | Type: FREEZE-FRAME | Frame: P | Size: 2709 bytes | PTS: 6885000
[mswitchdirect @ 0x13db04310] [MSwitch Direct OUTPUT] Source 0 → Encoder | Type: FREEZE-FRAME | Frame: P | Size: 2709 bytes | PTS: 6888000
[mswitchdirect @ 0x13db04310] [MSwitch Direct OUTPUT] Source 0 → Encoder | Type: FREEZE-FRAME | Frame: P | Size: 2709 bytes | PTS: 6891000
[mswitchdirect @ 0x13db04310] [MSwitch Direct OUTPUT] Source 0 → Encoder | Type: FREEZE-FRAME | Frame: P | Size: 2709 bytes | PTS: 6894000
[mswitchdirect @ 0x13db04310] [MSwitch Direct OUTPUT] Source 0 → Encoder | Type: FREEZE-FRAME | Frame: P | Size: 2709 bytes | PTS: 6897000
[mswitchdirect @ 0x13db04310] [MSwitch Direct OUTPUT] Source 0 → Encoder | Type: FREEZE-FRAME | Frame: P | Size: 2709 bytes | PTS: 6900000
[mswitchdirect @ 0x13db04310] [MSwitch Direct OUTPUT] Source 0 → Encoder | Type: FREEZE-FRAME | Frame: P | Size: 2709 bytes | PTS: 6903000
[mswitchdirect @ 0x13db04310] [MSwitch Direct OUTPUT] Source 0 → Encoder | Type: FREEZE-FRAME | Frame: P | Size: 2709 bytes | PTS: 6906000
[mswitchdirect @ 0x13db04310] [MSwitch Direct OUTPUT] Source 0 → Encoder | Type: FREEZE-FRAME | Frame: P | Size: 2709 bytes | PTS: 6909000
[mswitchdirect @ 0x13db04310] [MSwitch Direct OUTPUT] Source 0 → Encoder | Type: FREEZE-FRAME | Frame: P | Size: 2709 bytes | PTS: 6912000
[mswitchdirect @ 0x13db04310] [MSwitch Direct OUTPUT] Source 0 → Encoder | Type: FREEZE-FRAME | Frame: P | Size: 2709 bytes | PTS: 6915000
[mswitchdirect @ 0x13db04310] [MSwitch Direct OUTPUT] Source 0 → Encoder | Type: FREEZE-FRAME | Frame: P | Size: 2709 bytes | PTS: 6918000
[mswitchdirect @ 0x13db04310] [MSwitch Direct OUTPUT] Source 0 → Encoder | Type: FREEZE-FRAME | Frame: P | Size: 2709 bytes | PTS: 6921000
[mswitchdirect @ 0x13db04310] [MSwitch Direct OUTPUT] Source 0 → Encoder | Type: FREEZE-FRAME | Frame: P | Size: 2709 bytes | PTS: 6924000
[mswitchdirect @ 0x13db04310] [MSwitch Direct OUTPUT] Source 0 → Encoder | Type: FREEZE-FRAME | Frame: P | Size: 2709 bytes | PTS: 6927000
[mswitchdirect @ 0x13db04310] [MSwitch Direct OUTPUT] Source 0 → Encoder | Type: FREEZE-FRAME | Frame: P | Size: 2709 bytes | PTS: 6930000
[mswitchdirect @ 0x13db04310] [MSwitch Direct OUTPUT] Source 0 → Encoder | Type: FREEZE-FRAME | Frame: P | Size: 2709 bytes | PTS: 6933000
[mswitchdirect @ 0x13db04310] [MSwitch Direct OUTPUT] Source 0 → Encoder | Type: FREEZE-FRAME | Frame: P | Size: 2709 bytes | PTS: 6936000
[mswitchdirect @ 0x13db04310] [MSwitch Direct OUTPUT] Source 0 → Encoder | Type: FREEZE-FRAME | Frame: P | Size: 2709 bytes | PTS: 6939000
[mswitchdirect @ 0x13db04310] [MSwitch Direct OUTPUT] Source 0 → Encoder | Type: FREEZE-FRAME | Frame: P | Size: 2709 bytes | PTS: 6942000
[mswitchdirect @ 0x13db04310] [MSwitch Direct OUTPUT] Source 0 → Encoder | Type: FREEZE-FRAME | Frame: P | Size: 2709 bytes | PTS: 6945000
[mswitchdirect @ 0x13db04310] [MSwitch Direct OUTPUT] Source 0 → Encoder | Type: FREEZE-FRAME | Frame: P | Size: 2709 bytes | PTS: 6948000
[mswitchdirect @ 0x13db04310] [MSwitch Direct OUTPUT] Source 0 → Encoder | Type: FREEZE-FRAME | Frame: P | Size: 2709 bytes | PTS: 6951000
[mswitchdirect @ 0x13db04310] [MSwitch Direct OUTPUT] Source 0 → Encoder | Type: FREEZE-FRAME | Frame: P | Size: 2709 bytes | PTS: 6954000
[mswitchdirect @ 0x13db04310] [MSwitch Direct OUTPUT] Source 0 → Encoder | Type: FREEZE-FRAME | Frame: P | Size: 2709 bytes | PTS: 6957000
[mswitchdirect @ 0x13db04310] [MSwitch Direct OUTPUT] Source 0 → Encoder | Type: FREEZE-FRAME | Frame: P | Size: 2709 bytes | PTS: 6960000
[mswitchdirect @ 0x13db04310] [MSwitch Direct OUTPUT] Source 0 → Encoder | Type: FREEZE-FRAME | Frame: P | Size: 2709 bytes | PTS: 6963000
[mswitchdirect @ 0x13db04310] [MSwitch Direct OUTPUT] Source 0 → Encoder | Type: FREEZE-FRAME | Frame: P | Size: 2709 bytes | PTS: 6966000
[mswitchdirect @ 0x13db04310] [MSwitch Direct OUTPUT] Source 0 → Encoder | Type: FREEZE-FRAME | Frame: P | Size: 2709 bytes | PTS: 6969000
[mswitchdirect @ 0x13db04310] [MSwitch Direct OUTPUT] Source 0 → Encoder | Type: FREEZE-FRAME | Frame: P | Size: 2709 bytes | PTS: 6972000
[mswitchdirect @ 0x13db04310] [MSwitch Direct OUTPUT] Source 0 → Encoder | Type: FREEZE-FRAME | Frame: P | Size: 2709 bytes | PTS: 6975000
[mswitchdirect @ 0x13db04310] [MSwitch Direct OUTPUT] Source 0 → Encoder | Type: FREEZE-FRAME | Frame: P | Size: 2709 bytes | PTS: 6978000
[mswitchdirect @ 0x13db04310] [MSwitch Direct OUTPUT] Source 0 → Encoder | Type: FREEZE-FRAME | Frame: P | Size: 2709 bytes | PTS: 6981000
[mswitchdirect @ 0x13db04310] [MSwitch Direct OUTPUT] Source 0 → Encoder | Type: FREEZE-FRAME | Frame: P | Size: 2709 bytes | PTS: 6984000
[mswitchdirect @ 0x13db04310] [MSwitch Direct OUTPUT] Source 0 → Encoder | Type: FREEZE-FRAME | Frame: P | Size: 2709 bytes | PTS: 6987000
[mswitchdirect @ 0x13db04310] [MSwitch Direct OUTPUT] Source 0 → Encoder | Type: FREEZE-FRAME | Frame: P | Size: 2709 bytes | PTS: 6990000
[mswitchdirect @ 0x13db04310] [MSwitch Direct OUTPUT] Source 0 → Encoder | Type: FREEZE-FRAME | Frame: P | Size: 2709 bytes | PTS: 6993000
[mswitchdirect @ 0x13db04310] [MSwitch Direct OUTPUT] Source 0 → Encoder | Type: FREEZE-FRAME | Frame: P | Size: 2709 bytes | PTS: 6996000
[mswitchdirect @ 0x13db04310] [MSwitch Direct OUTPUT] Source 0 → Encoder | Type: FREEZE-FRAME | Frame: P | Size: 2709 bytes | PTS: 6999000
[mswitchdirect @ 0x13db04310] [MSwitch Direct OUTPUT] Source 0 → Encoder | Type: FREEZE-FRAME | Frame: P | Size: 2709 bytes | PTS: 7002000
[mswitchdirect @ 0x13db04310] [MSwitch Direct OUTPUT] Source 0 → Encoder | Type: FREEZE-FRAME | Frame: P | Size: 2709 bytes | PTS: 7005000
[mswitchdirect @ 0x13db04310] [MSwitch Direct OUTPUT] Source 0 → Encoder | Type: FREEZE-FRAME | Frame: P | Size: 2709 bytes | PTS: 7008000
[mswitchdirect @ 0x13db04310] [MSwitch Direct OUTPUT] Source 0 → Encoder | Type: FREEZE-FRAME | Frame: P | Size: 2709 bytes | PTS: 7011000
[mswitchdirect @ 0x13db04310] [MSwitch Direct OUTPUT] Source 0 → Encoder | Type: FREEZE-FRAME | Frame: P | Size: 2709 bytes | PTS: 7014000
[mswitchdirect @ 0x13db04310] [MSwitch Direct OUTPUT] Source 0 → Encoder | Type: FREEZE-FRAME | Frame: P | Size: 2709 bytes | PTS: 7017000
[mswitchdirect @ 0x13db04310] [MSwitch Direct OUTPUT] Source 0 → Encoder | Type: FREEZE-FRAME | Frame: P | Size: 2709 bytes | PTS: 7020000
[mswitchdirect @ 0x13db04310] [MSwitch Direct OUTPUT] Source 0 → Encoder | Type: FREEZE-FRAME | Frame: P | Size: 2709 bytes | PTS: 7023000
[mswitchdirect @ 0x13db04310] [MSwitch Direct OUTPUT] Source 0 → Encoder | Type: FREEZE-FRAME | Frame: P | Size: 2709 bytes | PTS: 7026000
[mswitchdirect @ 0x13db04310] [MSwitch Direct OUTPUT] Source 0 → Encoder | Type: FREEZE-FRAME | Frame: P | Size: 2709 bytes | PTS: 7029000
[mswitchdirect @ 0x13db04310] [MSwitch Direct OUTPUT] Source 0 → Encoder | Type: FREEZE-FRAME | Frame: P | Size: 2709 bytes | PTS: 7032000
[mswitchdirect @ 0x13db04310] [MSwitch Direct OUTPUT] Source 0 → Encoder | Type: FREEZE-FRAME | Frame: P | Size: 2709 bytes | PTS: 7035000
[mswitchdirect @ 0x13db04310] [MSwitch Direct OUTPUT] Source 0 → Encoder | Type: FREEZE-FRAME | Frame: P | Size: 2709 bytes | PTS: 7038000
[mswitchdirect @ 0x13db04310] [MSwitch Direct OUTPUT] Source 0 → Encoder | Type: FREEZE-FRAME | Frame: P | Size: 2709 bytes | PTS: 7041000
[mswitchdirect @ 0x13db04310] [MSwitch Direct OUTPUT] Source 0 → Encoder | Type: FREEZE-FRAME | Frame: P | Size: 2709 bytes | PTS: 7044000
[mswitchdirect @ 0x13db04310] [MSwitch Direct OUTPUT] Source 0 → Encoder | Type: FREEZE-FRAME | Frame: P | Size: 2709 bytes | PTS: 7047000
[mswitchdirect @ 0x13db04310] [MSwitch Direct OUTPUT] Source 0 → Encoder | Type: FREEZE-FRAME | Frame: P | Size: 2709 bytes | PTS: 7050000
[mswitchdirect @ 0x13db04310] [MSwitch Direct OUTPUT] Source 0 → Encoder | Type: FREEZE-FRAME | Frame: P | Size: 2709 bytes | PTS: 7053000
[mswitchdirect @ 0x13db04310] [MSwitch Direct OUTPUT] Source 0 → Encoder | Type: FREEZE-FRAME | Frame: P | Size: 2709 bytes | PTS: 7056000
[mswitchdirect @ 0x13db04310] [MSwitch Direct OUTPUT] Source 0 → Encoder | Type: FREEZE-FRAME | Frame: P | Size: 2709 bytes | PTS: 7059000
[mswitchdirect @ 0x13db04310] [MSwitch Direct OUTPUT] Source 0 → Encoder | Type: FREEZE-FRAME | Frame: P | Size: 2709 bytes | PTS: 7062000
[mswitchdirect @ 0x13db04310] [MSwitch Direct OUTPUT] Source 0 → Encoder | Type: FREEZE-FRAME | Frame: P | Size: 2709 bytes | PTS: 7065000
[mswitchdirect @ 0x13db04310] [MSwitch Direct OUTPUT] Source 0 → Encoder | Type: FREEZE-FRAME | Frame: P | Size: 2709 bytes | PTS: 7068000
[mswitchdirect @ 0x13db04310] [MSwitch Direct OUTPUT] Source 0 → Encoder | Type: FREEZE-FRAME | Frame: P | Size: 2709 bytes | PTS: 7071000
[mswitchdirect @ 0x13db04310] [MSwitch Direct OUTPUT] Source 0 → Encoder | Type: FREEZE-FRAME | Frame: P | Size: 2709 bytes | PTS: 7074000
[mswitchdirect @ 0x13db04310] [MSwitch Direct OUTPUT] Source 0 → Encoder | Type: FREEZE-FRAME | Frame: P | Size: 2709 bytes | PTS: 7077000
[mswitchdirect @ 0x13db04310] [MSwitch Direct OUTPUT] Source 0 → Encoder | Type: FREEZE-FRAME | Frame: P | Size: 2709 bytes | PTS: 7080000
[mswitchdirect @ 0x13db04310] [MSwitch Direct OUTPUT] Source 0 → Encoder | Type: FREEZE-FRAME | Frame: P | Size: 2709 bytes | PTS: 7083000
[mswitchdirect @ 0x13db04310] [MSwitch Direct OUTPUT] Source 0 → Encoder | Type: FREEZE-FRAME | Frame: P | Size: 2709 bytes | PTS: 7086000
[mswitchdirect @ 0x13db04310] [MSwitch Direct OUTPUT] Source 0 → Encoder | Type: FREEZE-FRAME | Frame: P | Size: 2709 bytes | PTS: 7089000
[mswitchdirect @ 0x13db04310] [MSwitch Direct OUTPUT] Source 0 → Encoder | Type: FREEZE-FRAME | Frame: P | Size: 2709 bytes | PTS: 7092000
[mswitchdirect @ 0x13db04310] [MSwitch Direct OUTPUT] Source 0 → Encoder | Type: FREEZE-FRAME | Frame: P | Size: 2709 bytes | PTS: 7095000
[mswitchdirect @ 0x13db04310] [MSwitch Direct OUTPUT] Source 0 → Encoder | Type: FREEZE-FRAME | Frame: P | Size: 2709 bytes | PTS: 7098000
[mswitchdirect @ 0x13db04310] [MSwitch Direct OUTPUT] Source 0 → Encoder | Type: FREEZE-FRAME | Frame: P | Size: 2709 bytes | PTS: 7101000
[mswitchdirect @ 0x13db04310] [MSwitch Direct OUTPUT] Source 0 → Encoder | Type: FREEZE-FRAME | Frame: P | Size: 2709 bytes | PTS: 7104000
[mswitchdirect @ 0x13db04310] [MSwitch Direct OUTPUT] Source 0 → Encoder | Type: FREEZE-FRAME | Frame: P | Size: 2709 bytes | PTS: 7107000
[mswitchdirect @ 0x13db04310] [MSwitch Direct OUTPUT] Source 0 → Encoder | Type: FREEZE-FRAME | Frame: P | Size: 2709 bytes | PTS: 7110000
[mswitchdirect @ 0x13db04310] [MSwitch Direct OUTPUT] Source 0 → Encoder | Type: FREEZE-FRAME | Frame: P | Size: 2709 bytes | PTS: 7113000
[mswitchdirect @ 0x13db04310] [MSwitch Direct OUTPUT] Source 0 → Encoder | Type: FREEZE-FRAME | Frame: P | Size: 2709 bytes | PTS: 7116000
[mswitchdirect @ 0x13db04310] [MSwitch Direct OUTPUT] Source 0 → Encoder | Type: FREEZE-FRAME | Frame: P | Size: 2709 bytes | PTS: 7119000
[mswitchdirect @ 0x13db04310] [MSwitch Direct OUTPUT] Source 0 → Encoder | Type: FREEZE-FRAME | Frame: P | Size: 2709 bytes | PTS: 7122000
[mswitchdirect @ 0x13db04310] [MSwitch Direct OUTPUT] Source 0 → Encoder | Type: FREEZE-FRAME | Frame: P | Size: 2709 bytes | PTS: 7125000
[mswitchdirect @ 0x13db04310] [MSwitch Direct OUTPUT] Source 0 → Encoder | Type: FREEZE-FRAME | Frame: P | Size: 2709 bytes | PTS: 7128000
[mswitchdirect @ 0x13db04310] [MSwitch Direct OUTPUT] Source 0 → Encoder | Type: FREEZE-FRAME | Frame: P | Size: 2709 bytes | PTS: 7131000
[mswitchdirect @ 0x13db04310] [MSwitch Direct OUTPUT] Source 0 → Encoder | Type: FREEZE-FRAME | Frame: P | Size: 2709 bytes | PTS: 7134000
[mswitchdirect @ 0x13db04310] [MSwitch Direct OUTPUT] Source 0 → Encoder | Type: FREEZE-FRAME | Frame: P | Size: 2709 bytes | PTS: 7137000
[mswitchdirect @ 0x13db04310] [MSwitch Direct OUTPUT] Source 0 → Encoder | Type: FREEZE-FRAME | Frame: P | Size: 2709 bytes | PTS: 7140000
[mswitchdirect @ 0x13db04310] [MSwitch Direct OUTPUT] Source 0 → Encoder | Type: FREEZE-FRAME | Frame: P | Size: 2709 bytes | PTS: 7143000
[mswitchdirect @ 0x13db04310] [MSwitch Direct OUTPUT] Source 0 → Encoder | Type: FREEZE-FRAME | Frame: P | Size: 2709 bytes | PTS: 7146000
[mswitchdirect @ 0x13db04310] [MSwitch Direct OUTPUT] Source 0 → Encoder | Type: FREEZE-FRAME | Frame: P | Size: 2709 bytes | PTS: 7149000
[mswitchdirect @ 0x13db04310] [MSwitch Direct OUTPUT] Source 0 → Encoder | Type: FREEZE-FRAME | Frame: P | Size: 2709 bytes | PTS: 7152000
[mswitchdirect @ 0x13db04310] [MSwitch Direct OUTPUT] Source 0 → Encoder | Type: FREEZE-FRAME | Frame: P | Size: 2709 bytes | PTS: 7155000
[mswitchdirect @ 0x13db04310] [MSwitch Direct OUTPUT] Source 0 → Encoder | Type: FREEZE-FRAME | Frame: P | Size: 2709 bytes | PTS: 7158000
[mswitchdirect @ 0x13db04310] [MSwitch Direct OUTPUT] Source 0 → Encoder | Type: FREEZE-FRAME | Frame: P | Size: 2709 bytes | PTS: 7161000
[mswitchdirect @ 0x13db04310] [MSwitch Direct OUTPUT] Source 0 → Encoder | Type: FREEZE-FRAME | Frame: P | Size: 2709 bytes | PTS: 7164000
[mswitchdirect @ 0x13db04310] [MSwitch Direct OUTPUT] Source 0 → Encoder | Type: FREEZE-FRAME | Frame: P | Size: 2709 bytes | PTS: 7167000
[mswitchdirect @ 0x13db04310] [MSwitch Direct OUTPUT] Source 0 → Encoder | Type: FREEZE-FRAME | Frame: P | Size: 2709 bytes | PTS: 7170000
[mswitchdirect @ 0x13db04310] [MSwitch Direct OUTPUT] Source 0 → Encoder | Type: FREEZE-FRAME | Frame: P | Size: 2709 bytes | PTS: 7173000
[mswitchdirect @ 0x13db04310] [MSwitch Direct OUTPUT] Source 0 → Encoder | Type: FREEZE-FRAME | Frame: P | Size: 2709 bytes | PTS: 7176000
[mswitchdirect @ 0x13db04310] [MSwitch Direct OUTPUT] Source 0 → Encoder | Type: FREEZE-FRAME | Frame: P | Size: 2709 bytes | PTS: 7179000
[mswitchdirect @ 0x13db04310] [MSwitch Direct OUTPUT] Source 0 → Encoder | Type: FREEZE-FRAME | Frame: P | Size: 2709 bytes | PTS: 7182000
[mswitchdirect @ 0x13db04310] [MSwitch Direct OUTPUT] Source 0 → Encoder | Type: FREEZE-FRAME | Frame: P | Size: 2709 bytes | PTS: 7185000
[mswitchdirect @ 0x13db04310] [MSwitch Direct OUTPUT] Source 0 → Encoder | Type: FREEZE-FRAME | Frame: P | Size: 2709 bytes | PTS: 7188000
[mswitchdirect @ 0x13db04310] [MSwitch Direct OUTPUT] Source 0 → Encoder | Type: FREEZE-FRAME | Frame: P | Size: 2709 bytes | PTS: 7191000
[mswitchdirect @ 0x13db04310] [MSwitch Direct OUTPUT] Source 0 → Encoder | Type: FREEZE-FRAME | Frame: P | Size: 2709 bytes | PTS: 7194000
[mswitchdirect @ 0x13db04310] [MSwitch Direct OUTPUT] Source 0 → Encoder | Type: FREEZE-FRAME | Frame: P | Size: 2709 bytes | PTS: 7197000
[mswitchdirect @ 0x13db04310] [MSwitch Direct OUTPUT] Source 0 → Encoder | Type: FREEZE-FRAME | Frame: P | Size: 2709 bytes | PTS: 7200000
[mswitchdirect @ 0x13db04310] [MSwitch Direct OUTPUT] Source 0 → Encoder | Type: FREEZE-FRAME | Frame: P | Size: 2709 bytes | PTS: 7203000
[mswitchdirect @ 0x13db04310] [MSwitch Direct OUTPUT] Source 0 → Encoder | Type: FREEZE-FRAME | Frame: P | Size: 2709 bytes | PTS: 7206000
[mswitchdirect @ 0x13db04310] [MSwitch Direct OUTPUT] Source 0 → Encoder | Type: FREEZE-FRAME | Frame: P | Size: 2709 bytes | PTS: 7209000
[mswitchdirect @ 0x13db04310] [MSwitch Direct OUTPUT] Source 0 → Encoder | Type: FREEZE-FRAME | Frame: P | Size: 2709 bytes | PTS: 7212000
[mswitchdirect @ 0x13db04310] [MSwitch Direct OUTPUT] Source 0 → Encoder | Type: FREEZE-FRAME | Frame: P | Size: 2709 bytes | PTS: 7215000
[mswitchdirect @ 0x13db04310] [MSwitch Direct OUTPUT] Source 0 → Encoder | Type: FREEZE-FRAME | Frame: P | Size: 2709 bytes | PTS: 7218000
[mswitchdirect @ 0x13db04310] [MSwitch Direct OUTPUT] Source 0 → Encoder | Type: FREEZE-FRAME | Frame: P | Size: 2709 bytes | PTS: 7221000
[mswitchdirect @ 0x13db04310] [MSwitch Direct OUTPUT] Source 0 → Encoder | Type: FREEZE-FRAME | Frame: P | Size: 2709 bytes | PTS: 7224000
[mswitchdirect @ 0x13db04310] [MSwitch Direct OUTPUT] Source 0 → Encoder | Type: FREEZE-FRAME | Frame: P | Size: 2709 bytes | PTS: 7227000
[mswitchdirect @ 0x13db04310] [MSwitch Direct OUTPUT] Source 0 → Encoder | Type: FREEZE-FRAME | Frame: P | Size: 2709 bytes | PTS: 7230000
[mswitchdirect @ 0x13db04310] [MSwitch Direct OUTPUT] Source 0 → Encoder | Type: FREEZE-FRAME | Frame: P | Size: 2709 bytes | PTS: 7233000
[mswitchdirect @ 0x13db04310] [MSwitch Direct OUTPUT] Source 0 → Encoder | Type: FREEZE-FRAME | Frame: P | Size: 2709 bytes | PTS: 7236000
[mswitchdirect @ 0x13db04310] [MSwitch Direct OUTPUT] Source 0 → Encoder | Type: FREEZE-FRAME | Frame: P | Size: 2709 bytes | PTS: 7239000
[mswitchdirect @ 0x13db04310] [MSwitch Direct OUTPUT] Source 0 → Encoder | Type: FREEZE-FRAME | Frame: P | Size: 2709 bytes | PTS: 7242000
[mswitchdirect @ 0x13db04310] [MSwitch Direct OUTPUT] Source 0 → Encoder | Type: FREEZE-FRAME | Frame: P | Size: 2709 bytes | PTS: 7245000
[mswitchdirect @ 0x13db04310] [MSwitch Direct OUTPUT] Source 0 → Encoder | Type: FREEZE-FRAME | Frame: P | Size: 2709 bytes | PTS: 7248000
[mswitchdirect @ 0x13db04310] [MSwitch Direct OUTPUT] Source 0 → Encoder | Type: FREEZE-FRAME | Frame: P | Size: 2709 bytes | PTS: 7251000
[mswitchdirect @ 0x13db04310] [MSwitch Direct OUTPUT] Source 0 → Encoder | Type: FREEZE-FRAME | Frame: P | Size: 2709 bytes | PTS: 7254000
[mswitchdirect @ 0x13db04310] [MSwitch Direct OUTPUT] Source 0 → Encoder | Type: FREEZE-FRAME | Frame: P | Size: 2709 bytes | PTS: 7257000
[mswitchdirect @ 0x13db04310] [MSwitch Direct OUTPUT] Source 0 → Encoder | Type: FREEZE-FRAME | Frame: P | Size: 2709 bytes | PTS: 7260000
[mswitchdirect @ 0x13db04310] [MSwitch Direct OUTPUT] Source 0 → Encoder | Type: FREEZE-FRAME | Frame: P | Size: 2709 bytes | PTS: 7263000
[mswitchdirect @ 0x13db04310] [MSwitch Direct OUTPUT] Source 0 → Encoder | Type: FREEZE-FRAME | Frame: P | Size: 2709 bytes | PTS: 7266000
[mswitchdirect @ 0x13db04310] [MSwitch Direct OUTPUT] Source 0 → Encoder | Type: FREEZE-FRAME | Frame: P | Size: 2709 bytes | PTS: 7269000
[mswitchdirect @ 0x13db04310] [MSwitch Direct OUTPUT] Source 0 → Encoder | Type: FREEZE-FRAME | Frame: P | Size: 2709 bytes | PTS: 7272000
[mswitchdirect @ 0x13db04310] [MSwitch Direct OUTPUT] Source 0 → Encoder | Type: FREEZE-FRAME | Frame: P | Size: 2709 bytes | PTS: 7275000
[mswitchdirect @ 0x13db04310] [MSwitch Direct OUTPUT] Source 0 → Encoder | Type: FREEZE-FRAME | Frame: P | Size: 2709 bytes | PTS: 7278000
[mswitchdirect @ 0x13db04310] [MSwitch Direct OUTPUT] Source 0 → Encoder | Type: FREEZE-FRAME | Frame: P | Size: 2709 bytes | PTS: 7281000
[mswitchdirect @ 0x13db04310] [MSwitch Direct OUTPUT] Source 0 → Encoder | Type: FREEZE-FRAME | Frame: P | Size: 2709 bytes | PTS: 7284000
[mswitchdirect @ 0x13db04310] [MSwitch Direct OUTPUT] Source 0 → Encoder | Type: FREEZE-FRAME | Frame: P | Size: 2709 bytes | PTS: 7287000
[mswitchdirect @ 0x13db04310] [MSwitch Direct OUTPUT] Source 0 → Encoder | Type: FREEZE-FRAME | Frame: P | Size: 2709 bytes | PTS: 7290000
[mswitchdirect @ 0x13db04310] [MSwitch Direct OUTPUT] Source 0 → Encoder | Type: FREEZE-FRAME | Frame: P | Size: 2709 bytes | PTS: 7293000
[mswitchdirect @ 0x13db04310] [MSwitch Direct OUTPUT] Source 0 → Encoder | Type: FREEZE-FRAME | Frame: P | Size: 2709 bytes | PTS: 7296000
[mswitchdirect @ 0x13db04310] [MSwitch Direct OUTPUT] Source 0 → Encoder | Type: FREEZE-FRAME | Frame: P | Size: 2709 bytes | PTS: 7299000
[mswitchdirect @ 0x13db04310] [MSwitch Direct OUTPUT] Source 0 → Encoder | Type: FREEZE-FRAME | Frame: P | Size: 2709 bytes | PTS: 7302000
[mswitchdirect @ 0x13db04310] [MSwitch Direct OUTPUT] Source 0 → Encoder | Type: FREEZE-FRAME | Frame: P | Size: 2709 bytes | PTS: 7305000
[mswitchdirect @ 0x13db04310] [MSwitch Direct OUTPUT] Source 0 → Encoder | Type: FREEZE-FRAME | Frame: P | Size: 2709 bytes | PTS: 7308000
[mswitchdirect @ 0x13db04310] [MSwitch Direct OUTPUT] Source 0 → Encoder | Type: FREEZE-FRAME | Frame: P | Size: 2709 bytes | PTS: 7311000
[mswitchdirect @ 0x13db04310] [MSwitch Direct OUTPUT] Source 0 → Encoder | Type: FREEZE-FRAME | Frame: P | Size: 2709 bytes | PTS: 7314000
[mswitchdirect @ 0x13db04310] [MSwitch Direct OUTPUT] Source 0 → Encoder | Type: FREEZE-FRAME | Frame: P | Size: 2709 bytes | PTS: 7317000
[mswitchdirect @ 0x13db04310] [MSwitch Direct OUTPUT] Source 0 → Encoder | Type: FREEZE-FRAME | Frame: P | Size: 2709 bytes | PTS: 7320000
[mswitchdirect @ 0x13db04310] [MSwitch Direct OUTPUT] Source 0 → Encoder | Type: FREEZE-FRAME | Frame: P | Size: 2709 bytes | PTS: 7323000
[mswitchdirect @ 0x13db04310] [MSwitch Direct OUTPUT] Source 0 → Encoder | Type: FREEZE-FRAME | Frame: P | Size: 2709 bytes | PTS: 7326000
[mswitchdirect @ 0x13db04310] [MSwitch Direct OUTPUT] Source 0 → Encoder | Type: FREEZE-FRAME | Frame: P | Size: 2709 bytes | PTS: 7329000
[mswitchdirect @ 0x13db04310] [MSwitch Direct OUTPUT] Source 0 → Encoder | Type: FREEZE-FRAME | Frame: P | Size: 2709 bytes | PTS: 7332000
[mswitchdirect @ 0x13db04310] [MSwitch Direct OUTPUT] Source 0 → Encoder | Type: FREEZE-FRAME | Frame: P | Size: 2709 bytes | PTS: 7335000
[mswitchdirect @ 0x13db04310] [MSwitch Direct OUTPUT] Source 0 → Encoder | Type: FREEZE-FRAME | Frame: P | Size: 2709 bytes | PTS: 7338000
[mswitchdirect @ 0x13db04310] [MSwitch Direct OUTPUT] Source 0 → Encoder | Type: FREEZE-FRAME | Frame: P | Size: 2709 bytes | PTS: 7341000
[mswitchdirect @ 0x13db04310] [MSwitch Direct OUTPUT] Source 0 → Encoder | Type: FREEZE-FRAME | Frame: P | Size: 2709 bytes | PTS: 7344000
[mswitchdirect @ 0x13db04310] [MSwitch Direct OUTPUT] Source 0 → Encoder | Type: FREEZE-FRAME | Frame: P | Size: 2709 bytes | PTS: 7347000
[mswitchdirect @ 0x13db04310] [MSwitch Direct OUTPUT] Source 0 → Encoder | Type: FREEZE-FRAME | Frame: P | Size: 2709 bytes | PTS: 7350000
[mswitchdirect @ 0x13db04310] [MSwitch Direct OUTPUT] Source 0 → Encoder | Type: FREEZE-FRAME | Frame: P | Size: 2709 bytes | PTS: 7353000
[mswitchdirect @ 0x13db04310] [MSwitch Direct OUTPUT] Source 0 → Encoder | Type: FREEZE-FRAME | Frame: P | Size: 2709 bytes | PTS: 7356000
[mswitchdirect @ 0x13db04310] [MSwitch Direct OUTPUT] Source 0 → Encoder | Type: FREEZE-FRAME | Frame: P | Size: 2709 bytes | PTS: 7359000
[mswitchdirect @ 0x13db04310] [MSwitch Direct OUTPUT] Source 0 → Encoder | Type: FREEZE-FRAME | Frame: P | Size: 2709 bytes | PTS: 7362000
[mswitchdirect @ 0x13db04310] [MSwitch Direct OUTPUT] Source 0 → Encoder | Type: FREEZE-FRAME | Frame: P | Size: 2709 bytes | PTS: 7365000
[mswitchdirect @ 0x13db04310] [MSwitch Direct OUTPUT] Source 0 → Encoder | Type: FREEZE-FRAME | Frame: P | Size: 2709 bytes | PTS: 7368000
[mswitchdirect @ 0x13db04310] [MSwitch Direct OUTPUT] Source 0 → Encoder | Type: FREEZE-FRAME | Frame: P | Size: 2709 bytes | PTS: 7371000
[mswitchdirect @ 0x13db04310] [MSwitch Direct OUTPUT] Source 0 → Encoder | Type: FREEZE-FRAME | Frame: P | Size: 2709 bytes | PTS: 7374000
[mswitchdirect @ 0x13db04310] [MSwitch Direct OUTPUT] Source 0 → Encoder | Type: FREEZE-FRAME | Frame: P | Size: 2709 bytes | PTS: 7377000
[mswitchdirect @ 0x13db04310] [MSwitch Direct OUTPUT] Source 0 → Encoder | Type: FREEZE-FRAME | Frame: P | Size: 2709 bytes | PTS: 7380000
[mswitchdirect @ 0x13db04310] [MSwitch Direct OUTPUT] Source 0 → Encoder | Type: FREEZE-FRAME | Frame: P | Size: 2709 bytes | PTS: 7383000
[mswitchdirect @ 0x13db04310] [MSwitch Direct OUTPUT] Source 0 → Encoder | Type: FREEZE-FRAME | Frame: P | Size: 2709 bytes | PTS: 7386000
[mswitchdirect @ 0x13db04310] [MSwitch Direct OUTPUT] Source 0 → Encoder | Type: FREEZE-FRAME | Frame: P | Size: 2709 bytes | PTS: 7389000
[mswitchdirect @ 0x13db04310] [MSwitch Direct OUTPUT] Source 0 → Encoder | Type: FREEZE-FRAME | Frame: P | Size: 2709 bytes | PTS: 7392000
[mswitchdirect @ 0x13db04310] [MSwitch Direct OUTPUT] Source 0 → Encoder | Type: FREEZE-FRAME | Frame: P | Size: 2709 bytes | PTS: 7395000
[mswitchdirect @ 0x13db04310] [MSwitch Direct OUTPUT] Source 0 → Encoder | Type: FREEZE-FRAME | Frame: P | Size: 2709 bytes | PTS: 7398000
[mswitchdirect @ 0x13db04310] [MSwitch Direct OUTPUT] Source 0 → Encoder | Type: FREEZE-FRAME | Frame: P | Size: 2709 bytes | PTS: 7401000
[mswitchdirect @ 0x13db04310] [MSwitch Direct OUTPUT] Source 0 → Encoder | Type: FREEZE-FRAME | Frame: P | Size: 2709 bytes | PTS: 7404000
[mswitchdirect @ 0x13db04310] [MSwitch Direct OUTPUT] Source 0 → Encoder | Type: FREEZE-FRAME | Frame: P | Size: 2709 bytes | PTS: 7407000
[mswitchdirect @ 0x13db04310] [MSwitch Direct OUTPUT] Source 0 → Encoder | Type: FREEZE-FRAME | Frame: P | Size: 2709 bytes | PTS: 7410000
[mswitchdirect @ 0x13db04310] [MSwitch Direct OUTPUT] Source 0 → Encoder | Type: FREEZE-FRAME | Frame: P | Size: 2709 bytes | PTS: 7413000
[mswitchdirect @ 0x13db04310] [MSwitch Direct OUTPUT] Source 0 → Encoder | Type: FREEZE-FRAME | Frame: P | Size: 2709 bytes | PTS: 7416000
[mswitchdirect @ 0x13db04310] [MSwitch Direct OUTPUT] Source 0 → Encoder | Type: FREEZE-FRAME | Frame: P | Size: 2709 bytes | PTS: 7419000
[mswitchdirect @ 0x13db04310] [MSwitch Direct OUTPUT] Source 0 → Encoder | Type: FREEZE-FRAME | Frame: P | Size: 2709 bytes | PTS: 7422000
[mswitchdirect @ 0x13db04310] [MSwitch Direct OUTPUT] Source 0 → Encoder | Type: FREEZE-FRAME | Frame: P | Size: 2709 bytes | PTS: 7425000
[mswitchdirect @ 0x13db04310] [MSwitch Direct OUTPUT] Source 0 → Encoder | Type: FREEZE-FRAME | Frame: P | Size: 2709 bytes | PTS: 7428000
[mswitchdirect @ 0x13db04310] [MSwitch Direct OUTPUT] Source 0 → Encoder | Type: FREEZE-FRAME | Frame: P | Size: 2709 bytes | PTS: 7431000
[mswitchdirect @ 0x13db04310] [MSwitch Direct OUTPUT] Source 0 → Encoder | Type: FREEZE-FRAME | Frame: P | Size: 2709 bytes | PTS: 7434000
[mswitchdirect @ 0x13db04310] [MSwitch Direct OUTPUT] Source 0 → Encoder | Type: FREEZE-FRAME | Frame: P | Size: 2709 bytes | PTS: 7437000
[mswitchdirect @ 0x13db04310] [MSwitch Direct OUTPUT] Source 0 → Encoder | Type: FREEZE-FRAME | Frame: P | Size: 2709 bytes | PTS: 7440000
[mswitchdirect @ 0x13db04310] [MSwitch Direct OUTPUT] Source 0 → Encoder | Type: FREEZE-FRAME | Frame: P | Size: 2709 bytes | PTS: 7443000
[mswitchdirect @ 0x13db04310] [MSwitch Direct OUTPUT] Source 0 → Encoder | Type: FREEZE-FRAME | Frame: P | Size: 2709 bytes | PTS: 7446000
[mswitchdirect @ 0x13db04310] [MSwitch Direct OUTPUT] Source 0 → Encoder | Type: FREEZE-FRAME | Frame: P | Size: 2709 bytes | PTS: 7449000
[mswitchdirect @ 0x13db04310] [MSwitch Direct OUTPUT] Source 0 → Encoder | Type: FREEZE-FRAME | Frame: P | Size: 2709 bytes | PTS: 7452000
[mswitchdirect @ 0x13db04310] [MSwitch Direct OUTPUT] Source 0 → Encoder | Type: FREEZE-FRAME | Frame: P | Size: 2709 bytes | PTS: 7455000
[mswitchdirect @ 0x13db04310] [MSwitch Direct OUTPUT] Source 0 → Encoder | Type: FREEZE-FRAME | Frame: P | Size: 2709 bytes | PTS: 7458000
[mswitchdirect @ 0x13db04310] [MSwitch Direct OUTPUT] Source 0 → Encoder | Type: FREEZE-FRAME | Frame: P | Size: 2709 bytes | PTS: 7461000
[mswitchdirect @ 0x13db04310] [MSwitch Direct OUTPUT] Source 0 → Encoder | Type: FREEZE-FRAME | Frame: P | Size: 2709 bytes | PTS: 7464000
[mswitchdirect @ 0x13db04310] [MSwitch Direct OUTPUT] Source 0 → Encoder | Type: FREEZE-FRAME | Frame: P | Size: 2709 bytes | PTS: 7467000
[mswitchdirect @ 0x13db04310] [MSwitch Direct OUTPUT] Source 0 → Encoder | Type: FREEZE-FRAME | Frame: P | Size: 2709 bytes | PTS: 7470000
[mswitchdirect @ 0x13db04310] [MSwitch Direct OUTPUT] Source 0 → Encoder | Type: FREEZE-FRAME | Frame: P | Size: 2709 bytes | PTS: 7473000
[mswitchdirect @ 0x13db04310] [MSwitch Direct OUTPUT] Source 0 → Encoder | Type: FREEZE-FRAME | Frame: P | Size: 2709 bytes | PTS: 7476000
[mswitchdirect @ 0x13db04310] [MSwitch Direct OUTPUT] Source 0 → Encoder | Type: FREEZE-FRAME | Frame: P | Size: 2709 bytes | PTS: 7479000
[mswitchdirect @ 0x13db04310] [MSwitch Direct OUTPUT] Source 0 → Encoder | Type: FREEZE-FRAME | Frame: P | Size: 2709 bytes | PTS: 7482000
[mswitchdirect @ 0x13db04310] [MSwitch Direct OUTPUT] Source 0 → Encoder | Type: FREEZE-FRAME | Frame: P | Size: 2709 bytes | PTS: 7485000
[mswitchdirect @ 0x13db04310] [MSwitch Direct OUTPUT] Source 0 → Encoder | Type: FREEZE-FRAME | Frame: P | Size: 2709 bytes | PTS: 7488000
[mswitchdirect @ 0x13db04310] [MSwitch Direct OUTPUT] Source 0 → Encoder | Type: FREEZE-FRAME | Frame: P | Size: 2709 bytes | PTS: 7491000
[mswitchdirect @ 0x13db04310] [MSwitch Direct OUTPUT] Source 0 → Encoder | Type: FREEZE-FRAME | Frame: P | Size: 2709 bytes | PTS: 7494000
[mswitchdirect @ 0x13db04310] [MSwitch Direct OUTPUT] Source 0 → Encoder | Type: FREEZE-FRAME | Frame: P | Size: 2709 bytes | PTS: 7497000
[mswitchdirect @ 0x13db04310] [MSwitch Direct OUTPUT] Source 0 → Encoder | Type: FREEZE-FRAME | Frame: P | Size: 2709 bytes | PTS: 7500000
[mswitchdirect @ 0x13db04310] [MSwitch Direct OUTPUT] Source 0 → Encoder | Type: FREEZE-FRAME | Frame: P | Size: 2709 bytes | PTS: 7503000
[mswitchdirect @ 0x13db04310] [MSwitch Direct OUTPUT] Source 0 → Encoder | Type: FREEZE-FRAME | Frame: P | Size: 2709 bytes | PTS: 7506000
[mswitchdirect @ 0x13db04310] [MSwitch Direct OUTPUT] Source 0 → Encoder | Type: FREEZE-FRAME | Frame: P | Size: 2709 bytes | PTS: 7509000
[mswitchdirect @ 0x13db04310] [MSwitch Direct OUTPUT] Source 0 → Encoder | Type: FREEZE-FRAME | Frame: P | Size: 2709 bytes | PTS: 7512000
[mswitchdirect @ 0x13db04310] [MSwitch Direct OUTPUT] Source 0 → Encoder | Type: FREEZE-FRAME | Frame: P | Size: 2709 bytes | PTS: 7515000
[mswitchdirect @ 0x13db04310] [MSwitch Direct OUTPUT] Source 0 → Encoder | Type: FREEZE-FRAME | Frame: P | Size: 2709 bytes | PTS: 7518000
[mswitchdirect @ 0x13db04310] [MSwitch Direct OUTPUT] Source 0 → Encoder | Type: FREEZE-FRAME | Frame: P | Size: 2709 bytes | PTS: 7521000
[mswitchdirect @ 0x13db04310] [MSwitch Direct OUTPUT] Source 0 → Encoder | Type: FREEZE-FRAME | Frame: P | Size: 2709 bytes | PTS: 7524000
[mswitchdirect @ 0x13db04310] [MSwitch Direct OUTPUT] Source 0 → Encoder | Type: FREEZE-FRAME | Frame: P | Size: 2709 bytes | PTS: 7527000
[mswitchdirect @ 0x13db04310] [MSwitch Direct OUTPUT] Source 0 → Encoder | Type: FREEZE-FRAME | Frame: P | Size: 2709 bytes | PTS: 7530000
[mswitchdirect @ 0x13db04310] [MSwitch Direct OUTPUT] Source 0 → Encoder | Type: FREEZE-FRAME | Frame: P | Size: 2709 bytes | PTS: 7533000
[mswitchdirect @ 0x13db04310] [MSwitch Direct OUTPUT] Source 0 → Encoder | Type: FREEZE-FRAME | Frame: P | Size: 2709 bytes | PTS: 7536000
[mswitchdirect @ 0x13db04310] [MSwitch Direct OUTPUT] Source 0 → Encoder | Type: FREEZE-FRAME | Frame: P | Size: 2709 bytes | PTS: 7539000
[mswitchdirect @ 0x13db04310] [MSwitch Direct OUTPUT] Source 0 → Encoder | Type: FREEZE-FRAME | Frame: P | Size: 2709 bytes | PTS: 7542000
[mswitchdirect @ 0x13db04310] [MSwitch Direct OUTPUT] Source 0 → Encoder | Type: FREEZE-FRAME | Frame: P | Size: 2709 bytes | PTS: 7545000
[mswitchdirect @ 0x13db04310] [MSwitch Direct OUTPUT] Source 0 → Encoder | Type: FREEZE-FRAME | Frame: P | Size: 2709 bytes | PTS: 7548000
[mswitchdirect @ 0x13db04310] [MSwitch Direct OUTPUT] Source 0 → Encoder | Type: FREEZE-FRAME | Frame: P | Size: 2709 bytes | PTS: 7551000
[mswitchdirect @ 0x13db04310] [MSwitch Direct OUTPUT] Source 0 → Encoder | Type: FREEZE-FRAME | Frame: P | Size: 2709 bytes | PTS: 7554000
[mswitchdirect @ 0x13db04310] [MSwitch Direct OUTPUT] Source 0 → Encoder | Type: FREEZE-FRAME | Frame: P | Size: 2709 bytes | PTS: 7557000
[mswitchdirect @ 0x13db04310] [MSwitch Direct OUTPUT] Source 0 → Encoder | Type: FREEZE-FRAME | Frame: P | Size: 2709 bytes | PTS: 7560000
[mswitchdirect @ 0x13db04310] [MSwitch Direct OUTPUT] Source 0 → Encoder | Type: FREEZE-FRAME | Frame: P | Size: 2709 bytes | PTS: 7563000
[mswitchdirect @ 0x13db04310] [MSwitch Direct OUTPUT] Source 0 → Encoder | Type: FREEZE-FRAME | Frame: P | Size: 2709 bytes | PTS: 7566000
[mswitchdirect @ 0x13db04310] [MSwitch Direct OUTPUT] Source 0 → Encoder | Type: FREEZE-FRAME | Frame: P | Size: 2709 bytes | PTS: 7569000
[mswitchdirect @ 0x13db04310] [MSwitch Direct OUTPUT] Source 0 → Encoder | Type: FREEZE-FRAME | Frame: P | Size: 2709 bytes | PTS: 7572000
[mswitchdirect @ 0x13db04310] [MSwitch Direct OUTPUT] Source 0 → Encoder | Type: FREEZE-FRAME | Frame: P | Size: 2709 bytes | PTS: 7575000
[mswitchdirect @ 0x13db04310] [MSwitch Direct OUTPUT] Source 0 → Encoder | Type: FREEZE-FRAME | Frame: P | Size: 2709 bytes | PTS: 7578000
[mswitchdirect @ 0x13db04310] [MSwitch Direct OUTPUT] Source 0 → Encoder | Type: FREEZE-FRAME | Frame: P | Size: 2709 bytes | PTS: 7581000
[mswitchdirect @ 0x13db04310] [MSwitch Direct OUTPUT] Source 0 → Encoder | Type: FREEZE-FRAME | Frame: P | Size: 2709 bytes | PTS: 7584000
[mswitchdirect @ 0x13db04310] [MSwitch Direct OUTPUT] Source 0 → Encoder | Type: FREEZE-FRAME | Frame: P | Size: 2709 bytes | PTS: 7587000
[mswitchdirect @ 0x13db04310] [MSwitch Direct OUTPUT] Source 0 → Encoder | Type: FREEZE-FRAME | Frame: P | Size: 2709 bytes | PTS: 7590000
[mswitchdirect @ 0x13db04310] [MSwitch Direct OUTPUT] Source 0 → Encoder | Type: FREEZE-FRAME | Frame: P | Size: 2709 bytes | PTS: 7593000
[mswitchdirect @ 0x13db04310] [MSwitch Direct OUTPUT] Source 0 → Encoder | Type: FREEZE-FRAME | Frame: P | Size: 2709 bytes | PTS: 7596000
[mswitchdirect @ 0x13db04310] [MSwitch Direct OUTPUT] Source 0 → Encoder | Type: FREEZE-FRAME | Frame: P | Size: 2709 bytes | PTS: 7599000
[mswitchdirect @ 0x13db04310] [MSwitch Direct OUTPUT] Source 0 → Encoder | Type: FREEZE-FRAME | Frame: P | Size: 2709 bytes | PTS: 7602000
[mswitchdirect @ 0x13db04310] [MSwitch Direct OUTPUT] Source 0 → Encoder | Type: FREEZE-FRAME | Frame: P | Size: 2709 bytes | PTS: 7605000
[mswitchdirect @ 0x13db04310] [MSwitch Direct OUTPUT] Source 0 → Encoder | Type: FREEZE-FRAME | Frame: P | Size: 2709 bytes | PTS: 7608000
[mswitchdirect @ 0x13db04310] [MSwitch Direct OUTPUT] Source 0 → Encoder | Type: FREEZE-FRAME | Frame: P | Size: 2709 bytes | PTS: 7611000
[mswitchdirect @ 0x13db04310] [MSwitch Direct OUTPUT] Source 0 → Encoder | Type: FREEZE-FRAME | Frame: P | Size: 2709 bytes | PTS: 7614000
[mswitchdirect @ 0x13db04310] [MSwitch Direct OUTPUT] Source 0 → Encoder | Type: FREEZE-FRAME | Frame: P | Size: 2709 bytes | PTS: 7617000
[mswitchdirect @ 0x13db04310] [MSwitch Direct OUTPUT] Source 0 → Encoder | Type: FREEZE-FRAME | Frame: P | Size: 2709 bytes | PTS: 7620000
[mswitchdirect @ 0x13db04310] [MSwitch Direct OUTPUT] Source 0 → Encoder | Type: FREEZE-FRAME | Frame: P | Size: 2709 bytes | PTS: 7623000
[mswitchdirect @ 0x13db04310] [MSwitch Direct OUTPUT] Source 0 → Encoder | Type: FREEZE-FRAME | Frame: P | Size: 2709 bytes | PTS: 7626000
[mswitchdirect @ 0x13db04310] [MSwitch Direct OUTPUT] Source 0 → Encoder | Type: FREEZE-FRAME | Frame: P | Size: 2709 bytes | PTS: 7629000
[mswitchdirect @ 0x13db04310] [MSwitch Direct OUTPUT] Source 0 → Encoder | Type: FREEZE-FRAME | Frame: P | Size: 2709 bytes | PTS: 7632000
[mswitchdirect @ 0x13db04310] [MSwitch Direct OUTPUT] Source 0 → Encoder | Type: FREEZE-FRAME | Frame: P | Size: 2709 bytes | PTS: 7635000
[mswitchdirect @ 0x13db04310] [MSwitch Direct OUTPUT] Source 0 → Encoder | Type: FREEZE-FRAME | Frame: P | Size: 2709 bytes | PTS: 7638000
[mswitchdirect @ 0x13db04310] [MSwitch Direct OUTPUT] Source 0 → Encoder | Type: FREEZE-FRAME | Frame: P | Size: 2709 bytes | PTS: 7641000
[mswitchdirect @ 0x13db04310] [MSwitch Direct OUTPUT] Source 0 → Encoder | Type: FREEZE-FRAME | Frame: P | Size: 2709 bytes | PTS: 7644000
[mswitchdirect @ 0x13db04310] [MSwitch Direct OUTPUT] Source 0 → Encoder | Type: FREEZE-FRAME | Frame: P | Size: 2709 bytes | PTS: 7647000
[mswitchdirect @ 0x13db04310] [MSwitch Direct OUTPUT] Source 0 → Encoder | Type: FREEZE-FRAME | Frame: P | Size: 2709 bytes | PTS: 7650000
[mswitchdirect @ 0x13db04310] [MSwitch Direct OUTPUT] Source 0 → Encoder | Type: FREEZE-FRAME | Frame: P | Size: 2709 bytes | PTS: 7653000
[mswitchdirect @ 0x13db04310] [MSwitch Direct OUTPUT] Source 0 → Encoder | Type: FREEZE-FRAME | Frame: P | Size: 2709 bytes | PTS: 7656000
[mswitchdirect @ 0x13db04310] [MSwitch Direct OUTPUT] Source 0 → Encoder | Type: FREEZE-FRAME | Frame: P | Size: 2709 bytes | PTS: 7659000
[mswitchdirect @ 0x13db04310] [MSwitch Direct OUTPUT] Source 0 → Encoder | Type: FREEZE-FRAME | Frame: P | Size: 2709 bytes | PTS: 7662000
[mswitchdirect @ 0x13db04310] [MSwitch Direct OUTPUT] Source 0 → Encoder | Type: FREEZE-FRAME | Frame: P | Size: 2709 bytes | PTS: 7665000
[mswitchdirect @ 0x13db04310] [MSwitch Direct OUTPUT] Source 0 → Encoder | Type: FREEZE-FRAME | Frame: P | Size: 2709 bytes | PTS: 7668000
[mswitchdirect @ 0x13db04310] [MSwitch Direct OUTPUT] Source 0 → Encoder | Type: FREEZE-FRAME | Frame: P | Size: 2709 bytes | PTS: 7671000
[mswitchdirect @ 0x13db04310] [MSwitch Direct OUTPUT] Source 0 → Encoder | Type: FREEZE-FRAME | Frame: P | Size: 2709 bytes | PTS: 7674000
[mswitchdirect @ 0x13db04310] [MSwitch Direct OUTPUT] Source 0 → Encoder | Type: FREEZE-FRAME | Frame: P | Size: 2709 bytes | PTS: 7677000
[mswitchdirect @ 0x13db04310] [MSwitch Direct OUTPUT] Source 0 → Encoder | Type: FREEZE-FRAME | Frame: P | Size: 2709 bytes | PTS: 7680000
[mswitchdirect @ 0x13db04310] [MSwitch Direct OUTPUT] Source 0 → Encoder | Type: FREEZE-FRAME | Frame: P | Size: 2709 bytes | PTS: 7683000
[mswitchdirect @ 0x13db04310] [MSwitch Direct OUTPUT] Source 0 → Encoder | Type: FREEZE-FRAME | Frame: P | Size: 2709 bytes | PTS: 7686000
[mswitchdirect @ 0x13db04310] [MSwitch Direct OUTPUT] Source 0 → Encoder | Type: FREEZE-FRAME | Frame: P | Size: 2709 bytes | PTS: 7689000
[mswitchdirect @ 0x13db04310] [MSwitch Direct OUTPUT] Source 0 → Encoder | Type: FREEZE-FRAME | Frame: P | Size: 2709 bytes | PTS: 7692000
[mswitchdirect @ 0x13db04310] [MSwitch Direct OUTPUT] Source 0 → Encoder | Type: FREEZE-FRAME | Frame: P | Size: 2709 bytes | PTS: 7695000
[mswitchdirect @ 0x13db04310] [MSwitch Direct OUTPUT] Source 0 → Encoder | Type: FREEZE-FRAME | Frame: P | Size: 2709 bytes | PTS: 7698000
[mswitchdirect @ 0x13db04310] [MSwitch Direct OUTPUT] Source 0 → Encoder | Type: FREEZE-FRAME | Frame: P | Size: 2709 bytes | PTS: 7701000
[mswitchdirect @ 0x13db04310] [MSwitch Direct OUTPUT] Source 0 → Encoder | Type: FREEZE-FRAME | Frame: P | Size: 2709 bytes | PTS: 7704000
[mswitchdirect @ 0x13db04310] [MSwitch Direct OUTPUT] Source 0 → Encoder | Type: FREEZE-FRAME | Frame: P | Size: 2709 bytes | PTS: 7707000
[mswitchdirect @ 0x13db04310] [MSwitch Direct OUTPUT] Source 0 → Encoder | Type: FREEZE-FRAME | Frame: P | Size: 2709 bytes | PTS: 7710000
[mswitchdirect @ 0x13db04310] [MSwitch Direct OUTPUT] Source 0 → Encoder | Type: FREEZE-FRAME | Frame: P | Size: 2709 bytes | PTS: 7713000
[mswitchdirect @ 0x13db04310] [MSwitch Direct OUTPUT] Source 0 → Encoder | Type: FREEZE-FRAME | Frame: P | Size: 2709 bytes | PTS: 7716000
[mswitchdirect @ 0x13db04310] [MSwitch Direct OUTPUT] Source 0 → Encoder | Type: FREEZE-FRAME | Frame: P | Size: 2709 bytes | PTS: 7719000
[mswitchdirect @ 0x13db04310] [MSwitch Direct OUTPUT] Source 0 → Encoder | Type: FREEZE-FRAME | Frame: P | Size: 2709 bytes | PTS: 7722000
[mswitchdirect @ 0x13db04310] [MSwitch Direct OUTPUT] Source 0 → Encoder | Type: FREEZE-FRAME | Frame: P | Size: 2709 bytes | PTS: 7725000
[mswitchdirect @ 0x13db04310] [MSwitch Direct OUTPUT] Source 0 → Encoder | Type: FREEZE-FRAME | Frame: P | Size: 2709 bytes | PTS: 7728000
[mswitchdirect @ 0x13db04310] [MSwitch Direct OUTPUT] Source 0 → Encoder | Type: FREEZE-FRAME | Frame: P | Size: 2709 bytes | PTS: 7731000
[mswitchdirect @ 0x13db04310] [MSwitch Direct OUTPUT] Source 0 → Encoder | Type: FREEZE-FRAME | Frame: P | Size: 2709 bytes | PTS: 7734000
[mswitchdirect @ 0x13db04310] [MSwitch Direct OUTPUT] Source 0 → Encoder | Type: FREEZE-FRAME | Frame: P | Size: 2709 bytes | PTS: 7737000
[mswitchdirect @ 0x13db04310] [MSwitch Direct OUTPUT] Source 0 → Encoder | Type: FREEZE-FRAME | Frame: P | Size: 2709 bytes | PTS: 7740000
[mswitchdirect @ 0x13db04310] [MSwitch Direct OUTPUT] Source 0 → Encoder | Type: FREEZE-FRAME | Frame: P | Size: 2709 bytes | PTS: 7743000
[mswitchdirect @ 0x13db04310] [MSwitch Direct OUTPUT] Source 0 → Encoder | Type: FREEZE-FRAME | Frame: P | Size: 2709 bytes | PTS: 7746000
[mswitchdirect @ 0x13db04310] [MSwitch Direct OUTPUT] Source 0 → Encoder | Type: FREEZE-FRAME | Frame: P | Size: 2709 bytes | PTS: 7749000
[mswitchdirect @ 0x13db04310] [MSwitch Direct OUTPUT] Source 0 → Encoder | Type: FREEZE-FRAME | Frame: P | Size: 2709 bytes | PTS: 7752000
[mswitchdirect @ 0x13db04310] [MSwitch Direct OUTPUT] Source 0 → Encoder | Type: FREEZE-FRAME | Frame: P | Size: 2709 bytes | PTS: 7755000
[mswitchdirect @ 0x13db04310] [MSwitch Direct OUTPUT] Source 0 → Encoder | Type: FREEZE-FRAME | Frame: P | Size: 2709 bytes | PTS: 7758000
[mswitchdirect @ 0x13db04310] [MSwitch Direct OUTPUT] Source 0 → Encoder | Type: FREEZE-FRAME | Frame: P | Size: 2709 bytes | PTS: 7761000
[MSwitch Direct Health] Source 0 (ACTIVE) unhealthy (no data for 1057ms)
[MSwitch Direct Health] Found healthy source 1 for failover
[MSwitch Direct Health] 🔄 AUTO-FAILOVER pending: Source 0 → 1 (freeze-frame active until I-frame)
[mswitchdirect @ 0x13db04310] [MSwitch Direct] 🔄 PENDING SWITCH: Attempting to read from source 1 (active=0)
[mswitchdirect @ 0x13db04310] [MSwitch Direct] Pending source 1 packet: flags=0x0, is_keyframe=0
[mswitchdirect @ 0x13db04310] [MSwitch Direct] 🔄 PENDING SWITCH: Attempting to read from source 1 (active=0)
[mswitchdirect @ 0x13db04310] [MSwitch Direct] Pending source 1 packet: flags=0x0, is_keyframe=0
[mswitchdirect @ 0x13db04310] [MSwitch Direct] 🔄 PENDING SWITCH: Attempting to read from source 1 (active=0)
[mswitchdirect @ 0x13db04310] [MSwitch Direct] Pending source 1 packet: flags=0x0, is_keyframe=0
[mswitchdirect @ 0x13db04310] [MSwitch Direct] 🔄 PENDING SWITCH: Attempting to read from source 1 (active=0)
[mswitchdirect @ 0x13db04310] [MSwitch Direct] Pending source 1 packet: flags=0x0, is_keyframe=0
[mswitchdirect @ 0x13db04310] [MSwitch Direct] 🔄 PENDING SWITCH: Attempting to read from source 1 (active=0)
[mswitchdirect @ 0x13db04310] [MSwitch Direct] Pending source 1 packet: flags=0x0, is_keyframe=0
[MSwitch Direct Health] Found healthy source 1 for failover
frame= 2285 fps=378 q=13.0 size=    2415KiB time=00:01:16.33 bitrate= 259.2kbits/s speed=12.6x elapsed=0:00:06.04    [mswitchdirect @ 0x13db04310] [MSwitch Direct] 🔄 PENDING SWITCH: Attempting to read from source 1 (active=0)
[mswitchdirect @ 0x13db04310] [MSwitch Direct] Pending source 1 packet: flags=0x0, is_keyframe=0
[mswitchdirect @ 0x13db04310] [MSwitch Direct] 🔄 PENDING SWITCH: Attempting to read from source 1 (active=0)
[mswitchdirect @ 0x13db04310] [MSwitch Direct] Pending source 1 packet: flags=0x0, is_keyframe=0
[mswitchdirect @ 0x13db04310] [MSwitch Direct] 🔄 PENDING SWITCH: Attempting to read from source 1 (active=0)
[mswitchdirect @ 0x13db04310] [MSwitch Direct] Pending source 1 packet: flags=0x0, is_keyframe=0
[mswitchdirect @ 0x13db04310] [MSwitch Direct] 🔄 PENDING SWITCH: Attempting to read from source 1 (active=0)
[mswitchdirect @ 0x13db04310] [MSwitch Direct] Pending source 1 packet: flags=0x0, is_keyframe=0
[MSwitch Direct Health] Found healthy source 1 for failover
[mswitchdirect @ 0x13db04310] [MSwitch Direct] 🔄 PENDING SWITCH: Attempting to read from source 1 (active=0)
[mswitchdirect @ 0x13db04310] [MSwitch Direct] Pending source 1 packet: flags=0x0, is_keyframe=0
[mswitchdirect @ 0x13db04310] [MSwitch Direct] 🔄 PENDING SWITCH: Attempting to read from source 1 (active=0)
[mswitchdirect @ 0x13db04310] [MSwitch Direct] Pending source 1 packet: flags=0x0, is_keyframe=0
[mswitchdirect @ 0x13db04310] [MSwitch Direct] 🔄 PENDING SWITCH: Attempting to read from source 1 (active=0)
[mswitchdirect @ 0x13db04310] [MSwitch Direct] Pending source 1 packet: flags=0x1, is_keyframe=1
[mswitchdirect @ 0x13db04310] [MSwitch Direct] ✅ SWITCHED: Source 0 → 1 (I-frame) (flags=0x1, waited=274ms, will inject SPS/PPS then output packet)
[mswitchdirect @ 0x13db04310] [MSwitch Direct] 💉 Injecting SPS packet for source 1 (pts=0, dts=0)
[mswitchdirect @ 0x13db04310] DTS 0 < 7761000 out of order
[mswitchdirect @ 0x13db04310] [MSwitch Direct] 💉 Injecting PPS packet for source 1 (pts=0, dts=0)
[mswitchdirect @ 0x13db04310] [MSwitch Direct] 📦 Outputting cached first packet from source 1 (flags=0x1, size=21198)
[mswitchdirect @ 0x13db04310] [MSwitch Direct OUTPUT] Source 1 → Encoder | Type: NORMAL | Frame: I | Size: 21198 bytes | PTS: 251946000
[mswitchdirect @ 0x13db04310] [MSwitch Direct OUTPUT] Source 1 → Encoder | Type: NORMAL | Frame: P | Size: 2680 bytes | PTS: 251949000
[mswitchdirect @ 0x13db04310] [MSwitch Direct OUTPUT] Source 1 → Encoder | Type: NORMAL | Frame: P | Size: 2296 bytes | PTS: 251952000
[mswitchdirect @ 0x13db04310] [MSwitch Direct OUTPUT] Source 1 → Encoder | Type: NORMAL | Frame: P | Size: 770 bytes | PTS: 251955000
[mswitchdirect @ 0x13db04310] [MSwitch Direct OUTPUT] Source 1 → Encoder | Type: NORMAL | Frame: P | Size: 3134 bytes | PTS: 251958000
[mswitchdirect @ 0x13db04310] [MSwitch Direct OUTPUT] Source 1 → Encoder | Type: NORMAL | Frame: P | Size: 2366 bytes | PTS: 251961000
[mswitchdirect @ 0x13db04310] [MSwitch Direct OUTPUT] Source 1 → Encoder | Type: NORMAL | Frame: P | Size: 882 bytes | PTS: 251964000
[mswitchdirect @ 0x13db04310] [MSwitch Direct OUTPUT] Source 1 → Encoder | Type: NORMAL | Frame: P | Size: 3110 bytes | PTS: 251967000
[mswitchdirect @ 0x13db04310] [MSwitch Direct OUTPUT] Source 1 → Encoder | Type: NORMAL | Frame: P | Size: 3326 bytes | PTS: 251970000
[mswitchdirect @ 0x13db04310] [MSwitch Direct OUTPUT] Source 1 → Encoder | Type: NORMAL | Frame: P | Size: 1077 bytes | PTS: 251973000
[mswitchdirect @ 0x13db04310] [MSwitch Direct OUTPUT] Source 1 → Encoder | Type: NORMAL | Frame: P | Size: 3115 bytes | PTS: 251976000
[mswitchdirect @ 0x13db04310] [MSwitch Direct OUTPUT] Source 1 → Encoder | Type: NORMAL | Frame: P | Size: 2519 bytes | PTS: 251979000
[mswitchdirect @ 0x13db04310] [MSwitch Direct OUTPUT] Source 1 → Encoder | Type: NORMAL | Frame: P | Size: 873 bytes | PTS: 251982000
[mswitchdirect @ 0x13db04310] [MSwitch Direct OUTPUT] Source 1 → Encoder | Type: NORMAL | Frame: P | Size: 3272 bytes | PTS: 251985000
[mswitchdirect @ 0x13db04310] [MSwitch Direct OUTPUT] Source 1 → Encoder | Type: NORMAL | Frame: P | Size: 2488 bytes | PTS: 251988000
[mswitchdirect @ 0x13db04310] [MSwitch Direct OUTPUT] Source 1 → Encoder | Type: NORMAL | Frame: P | Size: 843 bytes | PTS: 251991000
[mswitchdirect @ 0x13db04310] [MSwitch Direct OUTPUT] Source 1 → Encoder | Type: NORMAL | Frame: P | Size: 3277 bytes | PTS: 251994000
[mswitchdirect @ 0x13db04310] [MSwitch Direct OUTPUT] Source 1 → Encoder | Type: NORMAL | Frame: P | Size: 2489 bytes | PTS: 251997000
[mswitchdirect @ 0x13db04310] [MSwitch Direct OUTPUT] Source 1 → Encoder | Type: NORMAL | Frame: P | Size: 855 bytes | PTS: 252000000
[mswitchdirect @ 0x13db04310] [MSwitch Direct OUTPUT] Source 1 → Encoder | Type: NORMAL | Frame: P | Size: 3260 bytes | PTS: 252003000
[mswitchdirect @ 0x13db04310] [MSwitch Direct OUTPUT] Source 1 → Encoder | Type: NORMAL | Frame: P | Size: 2501 bytes | PTS: 252006000
frame= 2957 fps=452 q=13.0 size=    2918KiB time=00:01:38.73 bitrate= 242.1kbits/s dup=81393 drop=1 speed=15.1x elapsed=0:00:06.54    frame= 3984 fps=565 q=13.0 size=    3647KiB time=00:02:12.96 bitrate= 224.7kbits/s dup=81393 drop=1 speed=18.9x elapsed=0:00:07.05    frame= 5050 fps=668 q=13.0 size=    4413KiB time=00:02:48.53 bitrate= 214.5kbits/s dup=81393 drop=1 speed=22.3x elapsed=0:00:07.55    frame= 6105 fps=757 q=13.0 size=    5151KiB time=00:03:23.66 bitrate= 207.2kbits/s dup=81393 drop=1 speed=25.3x elapsed=0:00:08.06    frame= 7325 fps=855 q=13.0 size=    6037KiB time=00:04:04.33 bitrate= 202.4kbits/s dup=81393 drop=1 speed=28.5x elapsed=0:00:08.56    frame= 7901 fps=871 q=13.0 size=    6433KiB time=00:04:23.53 bitrate= 200.0kbits/s dup=81393 drop=1 speed=  29x elapsed=0:00:09.07    frame= 8941 fps=933 q=13.0 size=    7167KiB time=00:04:58.20 bitrate= 196.9kbits/s dup=81393 drop=1 speed=31.1x elapsed=0:00:09.57    frame= 9579 fps=950 q=13.0 size=    7631KiB time=00:05:19.46 bitrate= 195.7kbits/s dup=81393 drop=1 speed=31.7x elapsed=0:00:10.08    frame=10800 fps=1020 q=13.0 size=    8493KiB time=00:06:00.16 bitrate= 193.2kbits/s dup=81393 drop=1 speed=  34x elapsed=0:00:10.58    frame=11872 fps=1070 q=18.0 size=    9260KiB time=00:06:35.90 bitrate= 191.6kbits/s dup=81393 drop=1 speed=35.7x elapsed=0:00:11.09    frame=12925 fps=1114 q=13.0 size=   10021KiB time=00:07:11.00 bitrate= 190.5kbits/s dup=81393 drop=1 speed=37.2x elapsed=0:00:11.59    frame=14023 fps=1159 q=13.0 size=   10797KiB time=00:07:47.60 bitrate= 189.2kbits/s dup=81393 drop=1 speed=38.6x elapsed=0:00:12.10    frame=15194 fps=1205 q=13.0 size=   11644KiB time=00:08:26.63 bitrate= 188.3kbits/s dup=81393 drop=1 speed=40.2x elapsed=0:00:12.60    frame=16120 fps=1230 q=13.0 size=   12293KiB time=00:08:57.50 bitrate= 187.4kbits/s dup=81393 drop=1 speed=  41x elapsed=0:00:13.10    frame=17121 fps=1258 q=13.0 size=   13015KiB time=00:09:30.86 bitrate= 186.8kbits/s dup=81393 drop=1 speed=41.9x elapsed=0:00:13.61    frame=18229 fps=1291 q=13.0 size=   13794KiB time=00:10:07.80 bitrate= 185.9kbits/s dup=81393 drop=1 speed=43.1x elapsed=0:00:14.11    frame=19430 fps=1329 q=10.0 size=   14650KiB time=00:10:47.83 bitrate= 185.2kbits/s dup=81393 drop=1 speed=44.3x elapsed=0:00:14.62    frame=20484 fps=1354 q=13.0 size=   15411KiB time=00:11:22.96 bitrate= 184.9kbits/s dup=81393 drop=1 speed=45.2x elapsed=0:00:15.12    frame=21514 fps=1377 q=13.0 size=   16142KiB time=00:11:57.30 bitrate= 184.3kbits/s dup=81393 drop=1 speed=45.9x elapsed=0:00:15.62    frame=22492 fps=1395 q=18.0 size=   16832KiB time=00:12:29.90 bitrate= 183.9kbits/s dup=81393 drop=1 speed=46.5x elapsed=0:00:16.12    frame=23661 fps=1423 q=13.0 size=   17678KiB time=00:13:08.86 bitrate= 183.6kbits/s dup=81393 drop=1 speed=47.4x elapsed=0:00:16.62    frame=24727 fps=1443 q=13.0 size=   18443KiB time=00:13:44.40 bitrate= 183.3kbits/s dup=81393 drop=1 speed=48.1x elapsed=0:00:17.13    frame=25756 fps=1461 q=13.0 size=   19173KiB time=00:14:18.70 bitrate= 182.9kbits/s dup=81393 drop=1 speed=48.7x elapsed=0:00:17.63    frame=26819 fps=1479 q=13.0 size=   19914KiB time=00:14:54.13 bitrate= 182.5kbits/s dup=81393 drop=1 speed=49.3x elapsed=0:00:18.13    frame=28015 fps=1503 q=14.0 size=   20768KiB time=00:15:34.00 bitrate= 182.2kbits/s dup=81393 drop=1 speed=50.1x elapsed=0:00:18.64    frame=29051 fps=1517 q=13.0 size=   21524KiB time=00:16:08.53 bitrate= 182.1kbits/s dup=81393 drop=1 speed=50.6x elapsed=0:00:19.14    frame=30087 fps=1531 q=13.0 size=   22257KiB time=00:16:43.06 bitrate= 181.8kbits/s dup=81393 drop=1 speed=  51x elapsed=0:00:19.65    frame=31133 fps=1544 q=16.0 size=   22992KiB time=00:17:17.93 bitrate= 181.5kbits/s dup=81393 drop=1 speed=51.5x elapsed=0:00:20.15    frame=32287 fps=1563 q=13.0 size=   23833KiB time=00:17:56.40 bitrate= 181.4kbits/s dup=81393 drop=1 speed=52.1x elapsed=0:00:20.66    [vost#0:0/libx264 @ 0x105d06000] Error submitting a packet to the muxer: Immediate exit requested
    Last message repeated 1 times
[out#0/mpegts @ 0x600000f480c0] Error muxing a packet
[out#0/mpegts @ 0x600000f480c0] Task finished with error code: -1414092869 (Immediate exit requested)
[out#0/mpegts @ 0x600000f480c0] Terminating thread with return code -1414092869 (Immediate exit requested)
Received > 3 system signals, hard exiting
